RegionID,SizeRank,RegionName,RegionType,StateName,State,City,Metro,CountyName,month,zori,zip,treated,year,total_enrollment,acs_year,median_income,renter_share,population,log_rent,log_enrollment,log_income
96545,153,91910,zip,CA,CA,Chula Vista,"San Diego-Chula Vista-Carlsbad, CA",San Diego County,2017-05-31,1527.1302552408786,91910,0,2017,35772,2017,59371,0.5265812807881773,76250,7.331145602982691,10.484920743466072,10.991561170646536
96545,153,91910,zip,CA,CA,Chula Vista,"San Diego-Chula Vista-Carlsbad, CA",San Diego County,2017-06-30,1521.4361138684842,91910,0,2017,35772,2017,59371,0.5265812807881773,76250,7.327409979542213,10.484920743466072,10.991561170646536
96545,153,91910,zip,CA,CA,Chula Vista,"San Diego-Chula Vista-Carlsbad, CA",San Diego County,2017-07-31,1560.984212176883,91910,0,2017,35772,2017,59371,0.5265812807881773,76250,7.353071806548131,10.484920743466072,10.991561170646536
96545,153,91910,zip,CA,CA,Chula Vista,"San Diego-Chula Vista-Carlsbad, CA",San Diego County,2017-08-31,1568.382264310835,91910,0,2017,35772,2017,59371,0.5265812807881773,76250,7.357799962212716,10.484920743466072,10.991561170646536
96545,153,91910,zip,CA,CA,Chula Vista,"San Diego-Chula Vista-Carlsbad, CA",San Diego County,2017-09-30,1590.8982607482485,91910,0,2017,35772,2017,59371,0.5265812807881773,76250,7.3720540795603915,10.484920743466072,10.991561170646536
96545,153,91910,zip,CA,CA,Chula Vista,"San Diego-Chula Vista-Carlsbad, CA",San Diego County,2017-10-31,1589.1397823342725,91910,0,2017,35772,2017,59371,0.5265812807881773,76250,7.370948131411729,10.484920743466072,10.991561170646536
96545,153,91910,zip,CA,CA,Chula Vista,"San Diego-Chula Vista-Carlsbad, CA",San Diego County,2017-11-30,1584.4021876297595,91910,0,2017,35772,2017,59371,0.5265812807881773,76250,7.367962446477533,10.484920743466072,10.991561170646536
96545,153,91910,zip,CA,CA,Chula Vista,"San Diego-Chula Vista-Carlsbad, CA",San Diego County,2017-12-31,1622.4524719439428,91910,0,2017,35772,2017,59371,0.5265812807881773,76250,7.391694155048389,10.484920743466072,10.991561170646536
96545,153,91910,zip,CA,CA,Chula Vista,"San Diego-Chula Vista-Carlsbad, CA",San Diego County,2018-01-31,1623.1080938980826,91910,0,2018,37887,2017,59371,0.5265812807881773,76250,7.392098166589542,10.54236332431428,10.991561170646536
96545,153,91910,zip,CA,CA,Chula Vista,"San Diego-Chula Vista-Carlsbad, CA",San Diego County,2018-02-28,1643.3761371816238,91910,0,2018,37887,2017,59371,0.5265812807881773,76250,7.404508024995915,10.54236332431428,10.991561170646536
96545,153,91910,zip,CA,CA,Chula Vista,"San Diego-Chula Vista-Carlsbad, CA",San Diego County,2018-03-31,1621.5551701119748,91910,0,2018,37887,2017,59371,0.5265812807881773,76250,7.391140949289426,10.54236332431428,10.991561170646536
96545,153,91910,zip,CA,CA,Chula Vista,"San Diego-Chula Vista-Carlsbad, CA",San Diego County,2018-04-30,1633.5284497426303,91910,0,2018,37887,2017,59371,0.5265812807881773,76250,7.398497647322047,10.54236332431428,10.991561170646536
96545,153,91910,zip,CA,CA,Chula Vista,"San Diego-Chula Vista-Carlsbad, CA",San Diego County,2018-05-31,1624.5304639039027,91910,0,2018,37887,2017,59371,0.5265812807881773,76250,7.392974107721199,10.54236332431428,10.991561170646536
96545,153,91910,zip,CA,CA,Chula Vista,"San Diego-Chula Vista-Carlsbad, CA",San Diego County,2018-06-30,1638.6912982623755,91910,0,2018,37887,2017,59371,0.5265812807881773,76250,7.401653213391241,10.54236332431428,10.991561170646536
96545,153,91910,zip,CA,CA,Chula Vista,"San Diego-Chula Vista-Carlsbad, CA",San Diego County,2018-07-31,1643.4874873211536,91910,0,2018,37887,2017,59371,0.5265812807881773,76250,7.404575779641251,10.54236332431428,10.991561170646536
96545,153,91910,zip,CA,CA,Chula Vista,"San Diego-Chula Vista-Carlsbad, CA",San Diego County,2018-08-31,1673.8911273254091,91910,0,2018,37887,2017,59371,0.5265812807881773,76250,7.422906211494376,10.54236332431428,10.991561170646536
96545,153,91910,zip,CA,CA,Chula Vista,"San Diego-Chula Vista-Carlsbad, CA",San Diego County,2018-09-30,1687.8678515487,91910,0,2018,37887,2017,59371,0.5265812807881773,76250,7.4312213850941,10.54236332431428,10.991561170646536
96545,153,91910,zip,CA,CA,Chula Vista,"San Diego-Chula Vista-Carlsbad, CA",San Diego County,2018-10-31,1692.9493315665454,91910,0,2018,37887,2017,59371,0.5265812807881773,76250,7.43422745349068,10.54236332431428,10.991561170646536
96545,153,91910,zip,CA,CA,Chula Vista,"San Diego-Chula Vista-Carlsbad, CA",San Diego County,2018-11-30,1683.0634618448823,91910,0,2018,37887,2017,59371,0.5265812807881773,76250,7.42837090105261,10.54236332431428,10.991561170646536
96545,153,91910,zip,CA,CA,Chula Vista,"San Diego-Chula Vista-Carlsbad, CA",San Diego County,2018-12-31,1686.3761130899268,91910,0,2018,37887,2017,59371,0.5265812807881773,76250,7.430337193807642,10.54236332431428,10.991561170646536
96545,153,91910,zip,CA,CA,Chula Vista,"San Diego-Chula Vista-Carlsbad, CA",San Diego County,2019-01-31,1684.510871816704,91910,0,2019,38736,2019,65847,0.5075374869697699,74855,7.429230516857662,10.56452467917784,11.095089148047066
96545,153,91910,zip,CA,CA,Chula Vista,"San Diego-Chula Vista-Carlsbad, CA",San Diego County,2019-02-28,1694.7911323620067,91910,0,2019,38736,2019,65847,0.5075374869697699,74855,7.435314786476506,10.56452467917784,11.095089148047066
96545,153,91910,zip,CA,CA,Chula Vista,"San Diego-Chula Vista-Carlsbad, CA",San Diego County,2019-03-31,1664.204185986161,91910,0,2019,38736,2019,65847,0.5075374869697699,74855,7.417102321777528,10.56452467917784,11.095089148047066
96545,153,91910,zip,CA,CA,Chula Vista,"San Diego-Chula Vista-Carlsbad, CA",San Diego County,2019-04-30,1677.8301859404316,91910,0,2019,38736,2019,65847,0.5075374869697699,74855,7.425256681632179,10.56452467917784,11.095089148047066
96545,153,91910,zip,CA,CA,Chula Vista,"San Diego-Chula Vista-Carlsbad, CA",San Diego County,2019-05-31,1679.3508333244347,91910,0,2019,38736,2019,65847,0.5075374869697699,74855,7.426162588986756,10.56452467917784,11.095089148047066
96545,153,91910,zip,CA,CA,Chula Vista,"San Diego-Chula Vista-Carlsbad, CA",San Diego County,2019-06-30,1715.98859453585,91910,0,2019,38736,2019,65847,0.5075374869697699,74855,7.447744633484939,10.56452467917784,11.095089148047066
96545,153,91910,zip,CA,CA,Chula Vista,"San Diego-Chula Vista-Carlsbad, CA",San Diego County,2019-07-31,1716.3902443661468,91910,0,2019,38736,2019,65847,0.5075374869697699,74855,7.447978669324794,10.56452467917784,11.095089148047066
96545,153,91910,zip,CA,CA,Chula Vista,"San Diego-Chula Vista-Carlsbad, CA",San Diego County,2019-08-31,1754.5520453177282,91910,0,2019,38736,2019,65847,0.5075374869697699,74855,7.469968858486256,10.56452467917784,11.095089148047066
96545,153,91910,zip,CA,CA,Chula Vista,"San Diego-Chula Vista-Carlsbad, CA",San Diego County,2019-09-30,1762.463997858753,91910,0,2019,38736,2019,65847,0.5075374869697699,74855,7.4744681077309885,10.56452467917784,11.095089148047066
96545,153,91910,zip,CA,CA,Chula Vista,"San Diego-Chula Vista-Carlsbad, CA",San Diego County,2019-10-31,1766.106243687887,91910,0,2019,38736,2019,65847,0.5075374869697699,74855,7.476532539992994,10.56452467917784,11.095089148047066
96545,153,91910,zip,CA,CA,Chula Vista,"San Diego-Chula Vista-Carlsbad, CA",San Diego County,2019-11-30,1759.997535257682,91910,0,2019,38736,2019,65847,0.5075374869697699,74855,7.473067687609445,10.56452467917784,11.095089148047066
96545,153,91910,zip,CA,CA,Chula Vista,"San Diego-Chula Vista-Carlsbad, CA",San Diego County,2019-12-31,1749.2639046110894,91910,0,2019,38736,2019,65847,0.5075374869697699,74855,7.466950352493136,10.56452467917784,11.095089148047066
96545,153,91910,zip,CA,CA,Chula Vista,"San Diego-Chula Vista-Carlsbad, CA",San Diego County,2020-01-31,1785.1762211495156,91910,0,2020,39576,2019,65847,0.5075374869697699,74855,7.487272412673974,10.585978152907545,11.095089148047066
96545,153,91910,zip,CA,CA,Chula Vista,"San Diego-Chula Vista-Carlsbad, CA",San Diego County,2020-02-29,1782.6755436408498,91910,0,2020,39576,2019,65847,0.5075374869697699,74855,7.485870629145393,10.585978152907545,11.095089148047066
96545,153,91910,zip,CA,CA,Chula Vista,"San Diego-Chula Vista-Carlsbad, CA",San Diego County,2020-03-31,1784.84826183974,91910,0,2020,39576,2019,65847,0.5075374869697699,74855,7.4870886832277135,10.585978152907545,11.095089148047066
96545,153,91910,zip,CA,CA,Chula Vista,"San Diego-Chula Vista-Carlsbad, CA",San Diego County,2020-04-30,1782.901993709617,91910,0,2020,39576,2019,65847,0.5075374869697699,74855,7.485997649279831,10.585978152907545,11.095089148047066
96545,153,91910,zip,CA,CA,Chula Vista,"San Diego-Chula Vista-Carlsbad, CA",San Diego County,2020-05-31,1774.5312146614206,91910,0,2020,39576,2019,65847,0.5075374869697699,74855,7.481291562611702,10.585978152907545,11.095089148047066
96545,153,91910,zip,CA,CA,Chula Vista,"San Diego-Chula Vista-Carlsbad, CA",San Diego County,2020-06-30,1792.885212217947,91910,0,2020,39576,2019,65847,0.5075374869697699,74855,7.491581451599241,10.585978152907545,11.095089148047066
96545,153,91910,zip,CA,CA,Chula Vista,"San Diego-Chula Vista-Carlsbad, CA",San Diego County,2020-07-31,1793.3982898048444,91910,0,2020,39576,2019,65847,0.5075374869697699,74855,7.491867584912521,10.585978152907545,11.095089148047066
96545,153,91910,zip,CA,CA,Chula Vista,"San Diego-Chula Vista-Carlsbad, CA",San Diego County,2020-08-31,1814.4196416677728,91910,0,2020,39576,2019,65847,0.5075374869697699,74855,7.503520938909016,10.585978152907545,11.095089148047066
96545,153,91910,zip,CA,CA,Chula Vista,"San Diego-Chula Vista-Carlsbad, CA",San Diego County,2020-09-30,1830.1782189896703,91910,0,2020,39576,2019,65847,0.5075374869697699,74855,7.512168628519668,10.585978152907545,11.095089148047066
96545,153,91910,zip,CA,CA,Chula Vista,"San Diego-Chula Vista-Carlsbad, CA",San Diego County,2020-10-31,1851.099706161724,91910,0,2020,39576,2019,65847,0.5075374869697699,74855,7.523535177228511,10.585978152907545,11.095089148047066
96545,153,91910,zip,CA,CA,Chula Vista,"San Diego-Chula Vista-Carlsbad, CA",San Diego County,2020-11-30,1854.48336942571,91910,0,2020,39576,2019,65847,0.5075374869697699,74855,7.525361429203111,10.585978152907545,11.095089148047066
96545,153,91910,zip,CA,CA,Chula Vista,"San Diego-Chula Vista-Carlsbad, CA",San Diego County,2020-12-31,1860.80406987016,91910,0,2020,39576,2019,65847,0.5075374869697699,74855,7.52876396892353,10.585978152907545,11.095089148047066
96545,153,91910,zip,CA,CA,Chula Vista,"San Diego-Chula Vista-Carlsbad, CA",San Diego County,2021-01-31,1855.1150002873333,91910,0,2021,41885,2021,77005,0.4870941208726646,76291,7.525701967884,10.64268304658791,11.251625633792566
96545,153,91910,zip,CA,CA,Chula Vista,"San Diego-Chula Vista-Carlsbad, CA",San Diego County,2021-02-28,1869.3235594886407,91910,0,2021,41885,2021,77005,0.4870941208726646,76291,7.5333319115137325,10.64268304658791,11.251625633792566
96545,153,91910,zip,CA,CA,Chula Vista,"San Diego-Chula Vista-Carlsbad, CA",San Diego County,2021-03-31,1881.1353322863629,91910,0,2021,41885,2021,77005,0.4870941208726646,76291,7.539630773701998,10.64268304658791,11.251625633792566
96545,153,91910,zip,CA,CA,Chula Vista,"San Diego-Chula Vista-Carlsbad, CA",San Diego County,2021-04-30,1928.945627883078,91910,0,2021,41885,2021,77005,0.4870941208726646,76291,7.5647288258226695,10.64268304658791,11.251625633792566
96545,153,91910,zip,CA,CA,Chula Vista,"San Diego-Chula Vista-Carlsbad, CA",San Diego County,2021-05-31,1953.6003107565843,91910,0,2021,41885,2021,77005,0.4870941208726646,76291,7.577429262425113,10.64268304658791,11.251625633792566
96545,153,91910,zip,CA,CA,Chula Vista,"San Diego-Chula Vista-Carlsbad, CA",San Diego County,2021-06-30,1983.520142634604,91910,0,2021,41885,2021,77005,0.4870941208726646,76291,7.592628394999673,10.64268304658791,11.251625633792566
96545,153,91910,zip,CA,CA,Chula Vista,"San Diego-Chula Vista-Carlsbad, CA",San Diego County,2021-07-31,2005.6205741657463,91910,0,2021,41885,2021,77005,0.4870941208726646,76291,7.603708805150934,10.64268304658791,11.251625633792566
96545,153,91910,zip,CA,CA,Chula Vista,"San Diego-Chula Vista-Carlsbad, CA",San Diego County,2021-08-31,2052.0577730392083,91910,0,2021,41885,2021,77005,0.4870941208726646,76291,7.6265983603968674,10.64268304658791,11.251625633792566
96545,153,91910,zip,CA,CA,Chula Vista,"San Diego-Chula Vista-Carlsbad, CA",San Diego County,2021-09-30,2081.882044279719,91910,0,2021,41885,2021,77005,0.4870941208726646,76291,7.64102759256502,10.64268304658791,11.251625633792566
96545,153,91910,zip,CA,CA,Chula Vista,"San Diego-Chula Vista-Carlsbad, CA",San Diego County,2021-10-31,2133.539540866698,91910,0,2021,41885,2021,77005,0.4870941208726646,76291,7.665537635789662,10.64268304658791,11.251625633792566
96545,153,91910,zip,CA,CA,Chula Vista,"San Diego-Chula Vista-Carlsbad, CA",San Diego County,2021-11-30,2172.674782903229,91910,0,2021,41885,2021,77005,0.4870941208726646,76291,7.6837143063329885,10.64268304658791,11.251625633792566
96545,153,91910,zip,CA,CA,Chula Vista,"San Diego-Chula Vista-Carlsbad, CA",San Diego County,2021-12-31,2198.115644753101,91910,0,2021,41885,2021,77005,0.4870941208726646,76291,7.6953557472069525,10.64268304658791,11.251625633792566
96545,153,91910,zip,CA,CA,Chula Vista,"San Diego-Chula Vista-Carlsbad, CA",San Diego County,2022-01-31,2190.1843275719534,91910,0,2022,42006,2021,77005,0.4870941208726646,76291,7.691740987109707,10.645567744205252,11.251625633792566
96545,153,91910,zip,CA,CA,Chula Vista,"San Diego-Chula Vista-Carlsbad, CA",San Diego County,2022-02-28,2194.200757824614,91910,0,2022,42006,2021,77005,0.4870941208726646,76291,7.693573139759602,10.645567744205252,11.251625633792566
96545,153,91910,zip,CA,CA,Chula Vista,"San Diego-Chula Vista-Carlsbad, CA",San Diego County,2022-03-31,2210.019274216473,91910,0,2022,42006,2021,77005,0.4870941208726646,76291,7.7007565158386875,10.645567744205252,11.251625633792566
96545,153,91910,zip,CA,CA,Chula Vista,"San Diego-Chula Vista-Carlsbad, CA",San Diego County,2022-04-30,2250.643111123208,91910,0,2022,42006,2021,77005,0.4870941208726646,76291,7.718971281523534,10.645567744205252,11.251625633792566
96545,153,91910,zip,CA,CA,Chula Vista,"San Diego-Chula Vista-Carlsbad, CA",San Diego County,2022-05-31,2268.057892551372,91910,0,2022,42006,2021,77005,0.4870941208726646,76291,7.726679190338166,10.645567744205252,11.251625633792566
96545,153,91910,zip,CA,CA,Chula Vista,"San Diego-Chula Vista-Carlsbad, CA",San Diego County,2022-06-30,2320.432764928324,91910,0,2022,42006,2021,77005,0.4870941208726646,76291,7.7495089838716025,10.645567744205252,11.251625633792566
96545,153,91910,zip,CA,CA,Chula Vista,"San Diego-Chula Vista-Carlsbad, CA",San Diego County,2022-07-31,2365.790473602453,91910,0,2022,42006,2021,77005,0.4870941208726646,76291,7.768867483390558,10.645567744205252,11.251625633792566
96545,153,91910,zip,CA,CA,Chula Vista,"San Diego-Chula Vista-Carlsbad, CA",San Diego County,2022-08-31,2427.3654446400965,91910,0,2022,42006,2021,77005,0.4870941208726646,76291,7.794561769026771,10.645567744205252,11.251625633792566
96545,153,91910,zip,CA,CA,Chula Vista,"San Diego-Chula Vista-Carlsbad, CA",San Diego County,2022-09-30,2443.392091883712,91910,0,2022,42006,2021,77005,0.4870941208726646,76291,7.801142554443363,10.645567744205252,11.251625633792566
96545,153,91910,zip,CA,CA,Chula Vista,"San Diego-Chula Vista-Carlsbad, CA",San Diego County,2022-10-31,2412.44007186028,91910,0,2022,42006,2021,77005,0.4870941208726646,76291,7.78839399222493,10.645567744205252,11.251625633792566
96545,153,91910,zip,CA,CA,Chula Vista,"San Diego-Chula Vista-Carlsbad, CA",San Diego County,2022-11-30,2388.96992384322,91910,0,2022,42006,2021,77005,0.4870941208726646,76291,7.778617557813,10.645567744205252,11.251625633792566
96545,153,91910,zip,CA,CA,Chula Vista,"San Diego-Chula Vista-Carlsbad, CA",San Diego County,2022-12-31,2396.807911788434,91910,0,2022,42006,2021,77005,0.4870941208726646,76291,7.781893094297272,10.645567744205252,11.251625633792566
96545,153,91910,zip,CA,CA,Chula Vista,"San Diego-Chula Vista-Carlsbad, CA",San Diego County,2023-01-31,2401.330470513737,91910,0,2023,42376,2023,87705,0.4944850850926733,77957,7.78377822544785,10.654337443224362,11.38173418927788
96545,153,91910,zip,CA,CA,Chula Vista,"San Diego-Chula Vista-Carlsbad, CA",San Diego County,2023-02-28,2402.051135985197,91910,0,2023,42376,2023,87705,0.4944850850926733,77957,7.7840782913330555,10.654337443224362,11.38173418927788
96545,153,91910,zip,CA,CA,Chula Vista,"San Diego-Chula Vista-Carlsbad, CA",San Diego County,2023-03-31,2401.95414337353,91910,0,2023,42376,2023,87705,0.4944850850926733,77957,7.784037911439179,10.654337443224362,11.38173418927788
96545,153,91910,zip,CA,CA,Chula Vista,"San Diego-Chula Vista-Carlsbad, CA",San Diego County,2023-04-30,2409.880408009167,91910,0,2023,42376,2023,87705,0.4944850850926733,77957,7.787332402020716,10.654337443224362,11.38173418927788
96545,153,91910,zip,CA,CA,Chula Vista,"San Diego-Chula Vista-Carlsbad, CA",San Diego County,2023-05-31,2436.459565120094,91910,0,2023,42376,2023,87705,0.4944850850926733,77957,7.7983012666687745,10.654337443224362,11.38173418927788
96545,153,91910,zip,CA,CA,Chula Vista,"San Diego-Chula Vista-Carlsbad, CA",San Diego County,2023-06-30,2425.8038340195685,91910,0,2023,42376,2023,87705,0.4944850850926733,77957,7.793918226391121,10.654337443224362,11.38173418927788
96545,153,91910,zip,CA,CA,Chula Vista,"San Diego-Chula Vista-Carlsbad, CA",San Diego County,2023-07-31,2424.546546919737,91910,0,2023,42376,2023,87705,0.4944850850926733,77957,7.793399794925661,10.654337443224362,11.38173418927788
96545,153,91910,zip,CA,CA,Chula Vista,"San Diego-Chula Vista-Carlsbad, CA",San Diego County,2023-08-31,2426.610739964894,91910,0,2023,42376,2023,87705,0.4944850850926733,77957,7.794250805539279,10.654337443224362,11.38173418927788
96545,153,91910,zip,CA,CA,Chula Vista,"San Diego-Chula Vista-Carlsbad, CA",San Diego County,2023-09-30,2465.4569340054804,91910,0,2023,42376,2023,87705,0.4944850850926733,77957,7.810132438063024,10.654337443224362,11.38173418927788
96545,153,91910,zip,CA,CA,Chula Vista,"San Diego-Chula Vista-Carlsbad, CA",San Diego County,2023-10-31,2478.024828320796,91910,0,2023,42376,2023,87705,0.4944850850926733,77957,7.815217081638811,10.654337443224362,11.38173418927788
96545,153,91910,zip,CA,CA,Chula Vista,"San Diego-Chula Vista-Carlsbad, CA",San Diego County,2023-11-30,2455.790202221813,91910,0,2023,42376,2023,87705,0.4944850850926733,77957,7.8062038630701975,10.654337443224362,11.38173418927788
96545,153,91910,zip,CA,CA,Chula Vista,"San Diego-Chula Vista-Carlsbad, CA",San Diego County,2023-12-31,2442.063730468514,91910,0,2023,42376,2023,87705,0.4944850850926733,77957,7.800598751983066,10.654337443224362,11.38173418927788
96545,153,91910,zip,CA,CA,Chula Vista,"San Diego-Chula Vista-Carlsbad, CA",San Diego County,2024-01-31,2444.929810642703,91910,0,2024,44256,2023,87705,0.4944850850926733,77957,7.801771694193312,10.697746234464486,11.38173418927788
96545,153,91910,zip,CA,CA,Chula Vista,"San Diego-Chula Vista-Carlsbad, CA",San Diego County,2024-02-29,2465.6181121341288,91910,0,2024,44256,2023,87705,0.4944850850926733,77957,7.81019781047257,10.697746234464486,11.38173418927788
96545,153,91910,zip,CA,CA,Chula Vista,"San Diego-Chula Vista-Carlsbad, CA",San Diego County,2024-03-31,2471.172861685204,91910,0,2024,44256,2023,87705,0.4944850850926733,77957,7.812448159707395,10.697746234464486,11.38173418927788
96545,153,91910,zip,CA,CA,Chula Vista,"San Diego-Chula Vista-Carlsbad, CA",San Diego County,2024-04-30,2487.8955183653843,91910,0,2024,44256,2023,87705,0.4944850850926733,77957,7.819192458751156,10.697746234464486,11.38173418927788
96545,153,91910,zip,CA,CA,Chula Vista,"San Diego-Chula Vista-Carlsbad, CA",San Diego County,2024-05-31,2484.415964889267,91910,0,2024,44256,2023,87705,0.4944850850926733,77957,7.817792886718786,10.697746234464486,11.38173418927788
96545,153,91910,zip,CA,CA,Chula Vista,"San Diego-Chula Vista-Carlsbad, CA",San Diego County,2024-06-30,2491.7433747250275,91910,0,2024,44256,2023,87705,0.4944850850926733,77957,7.8207378949597235,10.697746234464486,11.38173418927788
96545,153,91910,zip,CA,CA,Chula Vista,"San Diego-Chula Vista-Carlsbad, CA",San Diego County,2024-07-31,2488.24340667122,91910,0,2024,44256,2023,87705,0.4944850850926733,77957,7.819332281337158,10.697746234464486,11.38173418927788
96545,153,91910,zip,CA,CA,Chula Vista,"San Diego-Chula Vista-Carlsbad, CA",San Diego County,2024-08-31,2507.614767758485,91910,0,2024,44256,2023,87705,0.4944850850926733,77957,7.827087288582698,10.697746234464486,11.38173418927788
96545,153,91910,zip,CA,CA,Chula Vista,"San Diego-Chula Vista-Carlsbad, CA",San Diego County,2024-09-30,2522.214158773799,91910,0,2024,44256,2023,87705,0.4944850850926733,77957,7.832892429166234,10.697746234464486,11.38173418927788
96545,153,91910,zip,CA,CA,Chula Vista,"San Diego-Chula Vista-Carlsbad, CA",San Diego County,2024-10-31,2533.946596273167,91910,0,2024,44256,2023,87705,0.4944850850926733,77957,7.837533285786538,10.697746234464486,11.38173418927788
96545,153,91910,zip,CA,CA,Chula Vista,"San Diego-Chula Vista-Carlsbad, CA",San Diego County,2024-11-30,2527.505473000101,91910,0,2024,44256,2023,87705,0.4944850850926733,77957,7.834988116273133,10.697746234464486,11.38173418927788
96545,153,91910,zip,CA,CA,Chula Vista,"San Diego-Chula Vista-Carlsbad, CA",San Diego County,2024-12-31,2523.57408103254,91910,0,2024,44256,2023,87705,0.4944850850926733,77957,7.833431461811696,10.697746234464486,11.38173418927788
96546,52,91911,zip,CA,CA,Chula Vista,"San Diego-Chula Vista-Carlsbad, CA",San Diego County,2017-04-30,1650.038391979878,91911,0,2017,35772,2017,52274,0.4952239789196311,84025,7.408553834490527,10.484920743466072,10.8642543945108
96546,52,91911,zip,CA,CA,Chula Vista,"San Diego-Chula Vista-Carlsbad, CA",San Diego County,2017-05-31,1651.4019432022883,91911,0,2017,35772,2017,52274,0.4952239789196311,84025,7.4093798686825805,10.484920743466072,10.8642543945108
96546,52,91911,zip,CA,CA,Chula Vista,"San Diego-Chula Vista-Carlsbad, CA",San Diego County,2017-06-30,1675.009034973525,91911,0,2017,35772,2017,52274,0.4952239789196311,84025,7.423573838258664,10.484920743466072,10.8642543945108
96546,52,91911,zip,CA,CA,Chula Vista,"San Diego-Chula Vista-Carlsbad, CA",San Diego County,2017-07-31,1655.597300167289,91911,0,2017,35772,2017,52274,0.4952239789196311,84025,7.411917129145589,10.484920743466072,10.8642543945108
96546,52,91911,zip,CA,CA,Chula Vista,"San Diego-Chula Vista-Carlsbad, CA",San Diego County,2017-08-31,1686.028558788861,91911,0,2017,35772,2017,52274,0.4952239789196311,84025,7.43013107720177,10.484920743466072,10.8642543945108
96546,52,91911,zip,CA,CA,Chula Vista,"San Diego-Chula Vista-Carlsbad, CA",San Diego County,2017-09-30,1681.572015820022,91911,0,2017,35772,2017,52274,0.4952239789196311,84025,7.427484358583183,10.484920743466072,10.8642543945108
96546,52,91911,zip,CA,CA,Chula Vista,"San Diego-Chula Vista-Carlsbad, CA",San Diego County,2017-10-31,1683.9116677322124,91911,0,2017,35772,2017,52274,0.4952239789196311,84025,7.428874739585792,10.484920743466072,10.8642543945108
96546,52,91911,zip,CA,CA,Chula Vista,"San Diego-Chula Vista-Carlsbad, CA",San Diego County,2017-11-30,1656.1475589530737,91911,0,2017,35772,2017,52274,0.4952239789196311,84025,7.412249436623524,10.484920743466072,10.8642543945108
96546,52,91911,zip,CA,CA,Chula Vista,"San Diego-Chula Vista-Carlsbad, CA",San Diego County,2017-12-31,1669.2946033977798,91911,0,2017,35772,2017,52274,0.4952239789196311,84025,7.420156423002693,10.484920743466072,10.8642543945108
96546,52,91911,zip,CA,CA,Chula Vista,"San Diego-Chula Vista-Carlsbad, CA",San Diego County,2018-01-31,1650.910131389321,91911,0,2018,37887,2017,52274,0.4952239789196311,84025,7.409082009603551,10.54236332431428,10.8642543945108
96546,52,91911,zip,CA,CA,Chula Vista,"San Diego-Chula Vista-Carlsbad, CA",San Diego County,2018-02-28,1686.688871663369,91911,0,2018,37887,2017,52274,0.4952239789196311,84025,7.430522638544551,10.54236332431428,10.8642543945108
96546,52,91911,zip,CA,CA,Chula Vista,"San Diego-Chula Vista-Carlsbad, CA",San Diego County,2018-03-31,1702.99966717971,91911,0,2018,37887,2017,52274,0.4952239789196311,84025,7.440146485230907,10.54236332431428,10.8642543945108
96546,52,91911,zip,CA,CA,Chula Vista,"San Diego-Chula Vista-Carlsbad, CA",San Diego County,2018-04-30,1734.9556321442085,91911,0,2018,37887,2017,52274,0.4952239789196311,84025,7.458737119802807,10.54236332431428,10.8642543945108
96546,52,91911,zip,CA,CA,Chula Vista,"San Diego-Chula Vista-Carlsbad, CA",San Diego County,2018-05-31,1757.8095033694467,91911,0,2018,37887,2017,52274,0.4952239789196311,84025,7.471823712515661,10.54236332431428,10.8642543945108
96546,52,91911,zip,CA,CA,Chula Vista,"San Diego-Chula Vista-Carlsbad, CA",San Diego County,2018-06-30,1781.2271624539535,91911,0,2018,37887,2017,52274,0.4952239789196311,84025,7.485057822856287,10.54236332431428,10.8642543945108
96546,52,91911,zip,CA,CA,Chula Vista,"San Diego-Chula Vista-Carlsbad, CA",San Diego County,2018-07-31,1800.3596739361822,91911,0,2018,37887,2017,52274,0.4952239789196311,84025,7.495741742776563,10.54236332431428,10.8642543945108
96546,52,91911,zip,CA,CA,Chula Vista,"San Diego-Chula Vista-Carlsbad, CA",San Diego County,2018-08-31,1779.525062909925,91911,0,2018,37887,2017,52274,0.4952239789196311,84025,7.484101789093788,10.54236332431428,10.8642543945108
96546,52,91911,zip,CA,CA,Chula Vista,"San Diego-Chula Vista-Carlsbad, CA",San Diego County,2018-09-30,1764.4039130205829,91911,0,2018,37887,2017,52274,0.4952239789196311,84025,7.475568185991068,10.54236332431428,10.8642543945108
96546,52,91911,zip,CA,CA,Chula Vista,"San Diego-Chula Vista-Carlsbad, CA",San Diego County,2018-10-31,1756.5102350052491,91911,0,2018,37887,2017,52274,0.4952239789196311,84025,7.471084298620445,10.54236332431428,10.8642543945108
96546,52,91911,zip,CA,CA,Chula Vista,"San Diego-Chula Vista-Carlsbad, CA",San Diego County,2018-11-30,1806.460601011349,91911,0,2018,37887,2017,52274,0.4952239789196311,84025,7.4991247407796155,10.54236332431428,10.8642543945108
96546,52,91911,zip,CA,CA,Chula Vista,"San Diego-Chula Vista-Carlsbad, CA",San Diego County,2018-12-31,1827.070156840409,91911,0,2018,37887,2017,52274,0.4952239789196311,84025,7.510468955662862,10.54236332431428,10.8642543945108
96546,52,91911,zip,CA,CA,Chula Vista,"San Diego-Chula Vista-Carlsbad, CA",San Diego County,2019-01-31,1840.1407269513527,91911,0,2019,38736,2019,61748,0.4868740884783665,84026,7.517597329717208,10.56452467917784,11.030816865301732
96546,52,91911,zip,CA,CA,Chula Vista,"San Diego-Chula Vista-Carlsbad, CA",San Diego County,2019-02-28,1801.0087141414133,91911,0,2019,38736,2019,61748,0.4868740884783665,84026,7.496102183665868,10.56452467917784,11.030816865301732
96546,52,91911,zip,CA,CA,Chula Vista,"San Diego-Chula Vista-Carlsbad, CA",San Diego County,2019-03-31,1814.597141373096,91911,0,2019,38736,2019,61748,0.4868740884783665,84026,7.503618761386054,10.56452467917784,11.030816865301732
96546,52,91911,zip,CA,CA,Chula Vista,"San Diego-Chula Vista-Carlsbad, CA",San Diego County,2019-04-30,1817.571540886704,91911,0,2019,38736,2019,61748,0.4868740884783665,84026,7.5052565708815315,10.56452467917784,11.030816865301732
96546,52,91911,zip,CA,CA,Chula Vista,"San Diego-Chula Vista-Carlsbad, CA",San Diego County,2019-05-31,1814.802172901061,91911,0,2019,38736,2019,61748,0.4868740884783665,84026,7.503731745111696,10.56452467917784,11.030816865301732
96546,52,91911,zip,CA,CA,Chula Vista,"San Diego-Chula Vista-Carlsbad, CA",San Diego County,2019-06-30,1797.5613210170034,91911,0,2019,38736,2019,61748,0.4868740884783665,84026,7.494186203626387,10.56452467917784,11.030816865301732
96546,52,91911,zip,CA,CA,Chula Vista,"San Diego-Chula Vista-Carlsbad, CA",San Diego County,2019-07-31,1828.8833097546765,91911,0,2019,38736,2019,61748,0.4868740884783665,84026,7.5114608463307775,10.56452467917784,11.030816865301732
96546,52,91911,zip,CA,CA,Chula Vista,"San Diego-Chula Vista-Carlsbad, CA",San Diego County,2019-08-31,1856.7935538456427,91911,0,2019,38736,2019,61748,0.4868740884783665,84026,7.526606383307089,10.56452467917784,11.030816865301732
96546,52,91911,zip,CA,CA,Chula Vista,"San Diego-Chula Vista-Carlsbad, CA",San Diego County,2019-09-30,1845.6068683231904,91911,0,2019,38736,2019,61748,0.4868740884783665,84026,7.520563428310785,10.56452467917784,11.030816865301732
96546,52,91911,zip,CA,CA,Chula Vista,"San Diego-Chula Vista-Carlsbad, CA",San Diego County,2019-10-31,1820.1912102391743,91911,0,2019,38736,2019,61748,0.4868740884783665,84026,7.506696835123341,10.56452467917784,11.030816865301732
96546,52,91911,zip,CA,CA,Chula Vista,"San Diego-Chula Vista-Carlsbad, CA",San Diego County,2019-11-30,1836.1829346347524,91911,0,2019,38736,2019,61748,0.4868740884783665,84026,7.515444203817568,10.56452467917784,11.030816865301732
96546,52,91911,zip,CA,CA,Chula Vista,"San Diego-Chula Vista-Carlsbad, CA",San Diego County,2019-12-31,1854.744052074216,91911,0,2019,38736,2019,61748,0.4868740884783665,84026,7.525501988203308,10.56452467917784,11.030816865301732
96546,52,91911,zip,CA,CA,Chula Vista,"San Diego-Chula Vista-Carlsbad, CA",San Diego County,2020-01-31,1865.4914455902256,91911,0,2020,39576,2019,61748,0.4868740884783665,84026,7.531279807065186,10.585978152907545,11.030816865301732
96546,52,91911,zip,CA,CA,Chula Vista,"San Diego-Chula Vista-Carlsbad, CA",San Diego County,2020-02-29,1859.4870425948727,91911,0,2020,39576,2019,61748,0.4868740884783665,84026,7.528055945120826,10.585978152907545,11.030816865301732
96546,52,91911,zip,CA,CA,Chula Vista,"San Diego-Chula Vista-Carlsbad, CA",San Diego County,2020-03-31,1857.8737996604543,91911,0,2020,39576,2019,61748,0.4868740884783665,84026,7.527187994386877,10.585978152907545,11.030816865301732
96546,52,91911,zip,CA,CA,Chula Vista,"San Diego-Chula Vista-Carlsbad, CA",San Diego County,2020-04-30,1860.20616401193,91911,0,2020,39576,2019,61748,0.4868740884783665,84026,7.528442601431481,10.585978152907545,11.030816865301732
96546,52,91911,zip,CA,CA,Chula Vista,"San Diego-Chula Vista-Carlsbad, CA",San Diego County,2020-05-31,1857.338790106975,91911,0,2020,39576,2019,61748,0.4868740884783665,84026,7.526899984188671,10.585978152907545,11.030816865301732
96546,52,91911,zip,CA,CA,Chula Vista,"San Diego-Chula Vista-Carlsbad, CA",San Diego County,2020-06-30,1877.8403512025195,91911,0,2020,39576,2019,61748,0.4868740884783665,84026,7.537877646145344,10.585978152907545,11.030816865301732
96546,52,91911,zip,CA,CA,Chula Vista,"San Diego-Chula Vista-Carlsbad, CA",San Diego County,2020-07-31,1889.7979197044167,91911,0,2020,39576,2019,61748,0.4868740884783665,84026,7.544225181545939,10.585978152907545,11.030816865301732
96546,52,91911,zip,CA,CA,Chula Vista,"San Diego-Chula Vista-Carlsbad, CA",San Diego County,2020-08-31,1916.6774745170887,91911,0,2020,39576,2019,61748,0.4868740884783665,84026,7.558348483985869,10.585978152907545,11.030816865301732
96546,52,91911,zip,CA,CA,Chula Vista,"San Diego-Chula Vista-Carlsbad, CA",San Diego County,2020-09-30,1939.809589799885,91911,0,2020,39576,2019,61748,0.4868740884783665,84026,7.5703450976527,10.585978152907545,11.030816865301732
96546,52,91911,zip,CA,CA,Chula Vista,"San Diego-Chula Vista-Carlsbad, CA",San Diego County,2020-10-31,1946.266806787562,91911,0,2020,39576,2019,61748,0.4868740884783665,84026,7.573668358583016,10.585978152907545,11.030816865301732
96546,52,91911,zip,CA,CA,Chula Vista,"San Diego-Chula Vista-Carlsbad, CA",San Diego County,2020-11-30,1913.34267617258,91911,0,2020,39576,2019,61748,0.4868740884783665,84026,7.556607083650609,10.585978152907545,11.030816865301732
96546,52,91911,zip,CA,CA,Chula Vista,"San Diego-Chula Vista-Carlsbad, CA",San Diego County,2020-12-31,1898.9132076024464,91911,0,2020,39576,2019,61748,0.4868740884783665,84026,7.5490370055037,10.585978152907545,11.030816865301732
96546,52,91911,zip,CA,CA,Chula Vista,"San Diego-Chula Vista-Carlsbad, CA",San Diego County,2021-01-31,1912.8173522205936,91911,0,2021,41885,2021,70873,0.4842755086193508,88589,7.556332487736486,10.64268304658791,11.168644821937013
96546,52,91911,zip,CA,CA,Chula Vista,"San Diego-Chula Vista-Carlsbad, CA",San Diego County,2021-02-28,1939.191840339605,91911,0,2021,41885,2021,70873,0.4842755086193508,88589,7.570026588120477,10.64268304658791,11.168644821937013
96546,52,91911,zip,CA,CA,Chula Vista,"San Diego-Chula Vista-Carlsbad, CA",San Diego County,2021-03-31,1942.3716365288903,91911,0,2021,41885,2021,70873,0.4842755086193508,88589,7.57166499847731,10.64268304658791,11.168644821937013
96546,52,91911,zip,CA,CA,Chula Vista,"San Diego-Chula Vista-Carlsbad, CA",San Diego County,2021-04-30,1933.7019003763005,91911,0,2021,41885,2021,70873,0.4842755086193508,88589,7.567191527822935,10.64268304658791,11.168644821937013
96546,52,91911,zip,CA,CA,Chula Vista,"San Diego-Chula Vista-Carlsbad, CA",San Diego County,2021-05-31,1948.4536200123769,91911,0,2021,41885,2021,70873,0.4842755086193508,88589,7.574791321576495,10.64268304658791,11.168644821937013
96546,52,91911,zip,CA,CA,Chula Vista,"San Diego-Chula Vista-Carlsbad, CA",San Diego County,2021-06-30,1955.528000964296,91911,0,2021,41885,2021,70873,0.4842755086193508,88589,7.578415513174768,10.64268304658791,11.168644821937013
96546,52,91911,zip,CA,CA,Chula Vista,"San Diego-Chula Vista-Carlsbad, CA",San Diego County,2021-07-31,2007.540728328319,91911,0,2021,41885,2021,70873,0.4842755086193508,88589,7.604665733698962,10.64268304658791,11.168644821937013
96546,52,91911,zip,CA,CA,Chula Vista,"San Diego-Chula Vista-Carlsbad, CA",San Diego County,2021-08-31,2056.030561104148,91911,0,2021,41885,2021,70873,0.4842755086193508,88589,7.628532490814849,10.64268304658791,11.168644821937013
96546,52,91911,zip,CA,CA,Chula Vista,"San Diego-Chula Vista-Carlsbad, CA",San Diego County,2021-09-30,2108.8926951270105,91911,0,2021,41885,2021,70873,0.4842755086193508,88589,7.653918299680818,10.64268304658791,11.168644821937013
96546,52,91911,zip,CA,CA,Chula Vista,"San Diego-Chula Vista-Carlsbad, CA",San Diego County,2021-10-31,2131.4545798996974,91911,0,2021,41885,2021,70873,0.4842755086193508,88589,7.6645599269938,10.64268304658791,11.168644821937013
96546,52,91911,zip,CA,CA,Chula Vista,"San Diego-Chula Vista-Carlsbad, CA",San Diego County,2021-11-30,2152.3800073633515,91911,0,2021,41885,2021,70873,0.4842755086193508,88589,7.674329489039954,10.64268304658791,11.168644821937013
96546,52,91911,zip,CA,CA,Chula Vista,"San Diego-Chula Vista-Carlsbad, CA",San Diego County,2021-12-31,2184.5867907917377,91911,0,2021,41885,2021,70873,0.4842755086193508,88589,7.68918197788001,10.64268304658791,11.168644821937013
96546,52,91911,zip,CA,CA,Chula Vista,"San Diego-Chula Vista-Carlsbad, CA",San Diego County,2022-01-31,2214.176145875539,91911,0,2022,42006,2021,70873,0.4842755086193508,88589,7.702635670119904,10.645567744205252,11.168644821937013
96546,52,91911,zip,CA,CA,Chula Vista,"San Diego-Chula Vista-Carlsbad, CA",San Diego County,2022-02-28,2256.5563974795823,91911,0,2022,42006,2021,70873,0.4842755086193508,88589,7.721595212298216,10.645567744205252,11.168644821937013
96546,52,91911,zip,CA,CA,Chula Vista,"San Diego-Chula Vista-Carlsbad, CA",San Diego County,2022-03-31,2308.4451832541536,91911,0,2022,42006,2021,70873,0.4842755086193508,88589,7.744329496052877,10.645567744205252,11.168644821937013
96546,52,91911,zip,CA,CA,Chula Vista,"San Diego-Chula Vista-Carlsbad, CA",San Diego County,2022-04-30,2337.067865316024,91911,0,2022,42006,2021,70873,0.4842755086193508,88589,7.756652373619156,10.645567744205252,11.168644821937013
96546,52,91911,zip,CA,CA,Chula Vista,"San Diego-Chula Vista-Carlsbad, CA",San Diego County,2022-05-31,2352.6702818146955,91911,0,2022,42006,2021,70873,0.4842755086193508,88589,7.763306252183109,10.645567744205252,11.168644821937013
96546,52,91911,zip,CA,CA,Chula Vista,"San Diego-Chula Vista-Carlsbad, CA",San Diego County,2022-06-30,2410.8212158507336,91911,0,2022,42006,2021,70873,0.4842755086193508,88589,7.787722721906459,10.645567744205252,11.168644821937013
96546,52,91911,zip,CA,CA,Chula Vista,"San Diego-Chula Vista-Carlsbad, CA",San Diego County,2022-07-31,2468.023093072504,91911,0,2022,42006,2021,70873,0.4842755086193508,88589,7.811172741980085,10.645567744205252,11.168644821937013
96546,52,91911,zip,CA,CA,Chula Vista,"San Diego-Chula Vista-Carlsbad, CA",San Diego County,2022-08-31,2530.960687021364,91911,0,2022,42006,2021,70873,0.4842755086193508,88589,7.836354227837121,10.645567744205252,11.168644821937013
96546,52,91911,zip,CA,CA,Chula Vista,"San Diego-Chula Vista-Carlsbad, CA",San Diego County,2022-09-30,2496.451004314932,91911,0,2022,42006,2021,70873,0.4842755086193508,88589,7.822625403997999,10.645567744205252,11.168644821937013
96546,52,91911,zip,CA,CA,Chula Vista,"San Diego-Chula Vista-Carlsbad, CA",San Diego County,2022-10-31,2489.8528923030203,91911,0,2022,42006,2021,70873,0.4842755086193508,88589,7.81997890831712,10.645567744205252,11.168644821937013
96546,52,91911,zip,CA,CA,Chula Vista,"San Diego-Chula Vista-Carlsbad, CA",San Diego County,2022-11-30,2476.359831442019,91911,0,2022,42006,2021,70873,0.4842755086193508,88589,7.814544950968384,10.645567744205252,11.168644821937013
96546,52,91911,zip,CA,CA,Chula Vista,"San Diego-Chula Vista-Carlsbad, CA",San Diego County,2022-12-31,2501.43449351558,91911,0,2022,42006,2021,70873,0.4842755086193508,88589,7.8246196437037385,10.645567744205252,11.168644821937013
96546,52,91911,zip,CA,CA,Chula Vista,"San Diego-Chula Vista-Carlsbad, CA",San Diego County,2023-01-31,2546.5083229621514,91911,0,2023,42376,2023,79334,0.4819310344827586,84619,7.842478414712073,10.654337443224362,11.281422067311539
96546,52,91911,zip,CA,CA,Chula Vista,"San Diego-Chula Vista-Carlsbad, CA",San Diego County,2023-02-28,2555.2647772883024,91911,0,2023,42376,2023,79334,0.4819310344827586,84619,7.845911128301084,10.654337443224362,11.281422067311539
96546,52,91911,zip,CA,CA,Chula Vista,"San Diego-Chula Vista-Carlsbad, CA",San Diego County,2023-03-31,2581.2013023681643,91911,0,2023,42376,2023,79334,0.4819310344827586,84619,7.856010190620741,10.654337443224362,11.281422067311539
96546,52,91911,zip,CA,CA,Chula Vista,"San Diego-Chula Vista-Carlsbad, CA",San Diego County,2023-04-30,2585.354465024356,91911,0,2023,42376,2023,79334,0.4819310344827586,84619,7.857617901342445,10.654337443224362,11.281422067311539
96546,52,91911,zip,CA,CA,Chula Vista,"San Diego-Chula Vista-Carlsbad, CA",San Diego County,2023-05-31,2609.14216799901,91911,0,2023,42376,2023,79334,0.4819310344827586,84619,7.866776775027754,10.654337443224362,11.281422067311539
96546,52,91911,zip,CA,CA,Chula Vista,"San Diego-Chula Vista-Carlsbad, CA",San Diego County,2023-06-30,2622.086630454871,91911,0,2023,42376,2023,79334,0.4819310344827586,84619,7.871725703615702,10.654337443224362,11.281422067311539
96546,52,91911,zip,CA,CA,Chula Vista,"San Diego-Chula Vista-Carlsbad, CA",San Diego County,2023-07-31,2617.248289360203,91911,0,2023,42376,2023,79334,0.4819310344827586,84619,7.869878773597265,10.654337443224362,11.281422067311539
96546,52,91911,zip,CA,CA,Chula Vista,"San Diego-Chula Vista-Carlsbad, CA",San Diego County,2023-08-31,2609.2209936952345,91911,0,2023,42376,2023,79334,0.4819310344827586,84619,7.866806985917179,10.654337443224362,11.281422067311539
96546,52,91911,zip,CA,CA,Chula Vista,"San Diego-Chula Vista-Carlsbad, CA",San Diego County,2023-09-30,2604.939804908355,91911,0,2023,42376,2023,79334,0.4819310344827586,84619,7.8651648463997,10.654337443224362,11.281422067311539
96546,52,91911,zip,CA,CA,Chula Vista,"San Diego-Chula Vista-Carlsbad, CA",San Diego County,2023-10-31,2593.238579403501,91911,0,2023,42376,2023,79334,0.4819310344827586,84619,7.86066279033174,10.654337443224362,11.281422067311539
96546,52,91911,zip,CA,CA,Chula Vista,"San Diego-Chula Vista-Carlsbad, CA",San Diego County,2023-11-30,2583.2052377124182,91911,0,2023,42376,2023,79334,0.4819310344827586,84619,7.856786247048242,10.654337443224362,11.281422067311539
96546,52,91911,zip,CA,CA,Chula Vista,"San Diego-Chula Vista-Carlsbad, CA",San Diego County,2023-12-31,2568.1531925139006,91911,0,2023,42376,2023,79334,0.4819310344827586,84619,7.850942317436323,10.654337443224362,11.281422067311539
96546,52,91911,zip,CA,CA,Chula Vista,"San Diego-Chula Vista-Carlsbad, CA",San Diego County,2024-01-31,2560.4803907619475,91911,0,2024,44256,2023,79334,0.4819310344827586,84619,7.84795017251044,10.697746234464486,11.281422067311539
96546,52,91911,zip,CA,CA,Chula Vista,"San Diego-Chula Vista-Carlsbad, CA",San Diego County,2024-02-29,2561.9578612128626,91911,0,2024,44256,2023,79334,0.4819310344827586,84619,7.848527034707389,10.697746234464486,11.281422067311539
96546,52,91911,zip,CA,CA,Chula Vista,"San Diego-Chula Vista-Carlsbad, CA",San Diego County,2024-03-31,2591.565526046002,91911,0,2024,44256,2023,79334,0.4819310344827586,84619,7.860017422297947,10.697746234464486,11.281422067311539
96546,52,91911,zip,CA,CA,Chula Vista,"San Diego-Chula Vista-Carlsbad, CA",San Diego County,2024-04-30,2609.0591013122644,91911,0,2024,44256,2023,79334,0.4819310344827586,84619,7.866744937740357,10.697746234464486,11.281422067311539
96546,52,91911,zip,CA,CA,Chula Vista,"San Diego-Chula Vista-Carlsbad, CA",San Diego County,2024-05-31,2653.198695344966,91911,0,2024,44256,2023,79334,0.4819310344827586,84619,7.883521245922411,10.697746234464486,11.281422067311539
96546,52,91911,zip,CA,CA,Chula Vista,"San Diego-Chula Vista-Carlsbad, CA",San Diego County,2024-06-30,2652.2425632316613,91911,0,2024,44256,2023,79334,0.4819310344827586,84619,7.883160811388485,10.697746234464486,11.281422067311539
96546,52,91911,zip,CA,CA,Chula Vista,"San Diego-Chula Vista-Carlsbad, CA",San Diego County,2024-07-31,2665.2960004124266,91911,0,2024,44256,2023,79334,0.4819310344827586,84619,7.8880704000053194,10.697746234464486,11.281422067311539
96546,52,91911,zip,CA,CA,Chula Vista,"San Diego-Chula Vista-Carlsbad, CA",San Diego County,2024-08-31,2658.336537125132,91911,0,2024,44256,2023,79334,0.4819310344827586,84619,7.885455844172347,10.697746234464486,11.281422067311539
96546,52,91911,zip,CA,CA,Chula Vista,"San Diego-Chula Vista-Carlsbad, CA",San Diego County,2024-09-30,2686.8471741776,91911,0,2024,44256,2023,79334,0.4819310344827586,84619,7.89612373099412,10.697746234464486,11.281422067311539
96546,52,91911,zip,CA,CA,Chula Vista,"San Diego-Chula Vista-Carlsbad, CA",San Diego County,2024-10-31,2683.748508211442,91911,0,2024,44256,2023,79334,0.4819310344827586,84619,7.894969793333104,10.697746234464486,11.281422067311539
96546,52,91911,zip,CA,CA,Chula Vista,"San Diego-Chula Vista-Carlsbad, CA",San Diego County,2024-11-30,2670.6176554265608,91911,0,2024,44256,2023,79334,0.4819310344827586,84619,7.8900650562616965,10.697746234464486,11.281422067311539
96546,52,91911,zip,CA,CA,Chula Vista,"San Diego-Chula Vista-Carlsbad, CA",San Diego County,2024-12-31,2643.1458244223845,91911,0,2024,44256,2023,79334,0.4819310344827586,84619,7.879725086908371,10.697746234464486,11.281422067311539
96548,676,91913,zip,CA,CA,Chula Vista,"San Diego-Chula Vista-Carlsbad, CA",San Diego County,2015-01-31,1844.697720773632,91913,0,2015,32906,2017,87440,0.3016911406500104,49346,7.520070706072822,10.401410290946595,11.378708122850421
96548,676,91913,zip,CA,CA,Chula Vista,"San Diego-Chula Vista-Carlsbad, CA",San Diego County,2015-02-28,1853.80057953756,91913,0,2015,32906,2017,87440,0.3016911406500104,49346,7.524993178063088,10.401410290946595,11.378708122850421
96548,676,91913,zip,CA,CA,Chula Vista,"San Diego-Chula Vista-Carlsbad, CA",San Diego County,2015-03-31,1841.180007903834,91913,0,2015,32906,2017,87440,0.3016911406500104,49346,7.518161953695907,10.401410290946595,11.378708122850421
96548,676,91913,zip,CA,CA,Chula Vista,"San Diego-Chula Vista-Carlsbad, CA",San Diego County,2015-04-30,1821.1038257403152,91913,0,2015,32906,2017,87440,0.3016911406500104,49346,7.5071980938849805,10.401410290946595,11.378708122850421
96548,676,91913,zip,CA,CA,Chula Vista,"San Diego-Chula Vista-Carlsbad, CA",San Diego County,2015-05-31,1818.529915270457,91913,0,2015,32906,2017,87440,0.3016911406500104,49346,7.5057837148116455,10.401410290946595,11.378708122850421
96548,676,91913,zip,CA,CA,Chula Vista,"San Diego-Chula Vista-Carlsbad, CA",San Diego County,2015-06-30,1822.2483238161471,91913,0,2015,32906,2017,87440,0.3016911406500104,49346,7.507826360418929,10.401410290946595,11.378708122850421
96548,676,91913,zip,CA,CA,Chula Vista,"San Diego-Chula Vista-Carlsbad, CA",San Diego County,2015-07-31,1816.6093374461427,91913,0,2015,32906,2017,87440,0.3016911406500104,49346,7.50472704112214,10.401410290946595,11.378708122850421
96548,676,91913,zip,CA,CA,Chula Vista,"San Diego-Chula Vista-Carlsbad, CA",San Diego County,2015-08-31,1831.199702933608,91913,0,2015,32906,2017,87440,0.3016911406500104,49346,7.512726606413359,10.401410290946595,11.378708122850421
96548,676,91913,zip,CA,CA,Chula Vista,"San Diego-Chula Vista-Carlsbad, CA",San Diego County,2015-09-30,1850.0986354621743,91913,0,2015,32906,2017,87440,0.3016911406500104,49346,7.522994233117139,10.401410290946595,11.378708122850421
96548,676,91913,zip,CA,CA,Chula Vista,"San Diego-Chula Vista-Carlsbad, CA",San Diego County,2015-10-31,1865.806080669213,91913,0,2015,32906,2017,87440,0.3016911406500104,49346,7.531448453536028,10.401410290946595,11.378708122850421
96548,676,91913,zip,CA,CA,Chula Vista,"San Diego-Chula Vista-Carlsbad, CA",San Diego County,2015-11-30,1863.66607984129,91913,0,2015,32906,2017,87440,0.3016911406500104,49346,7.530300837481697,10.401410290946595,11.378708122850421
96548,676,91913,zip,CA,CA,Chula Vista,"San Diego-Chula Vista-Carlsbad, CA",San Diego County,2015-12-31,1860.620517938817,91913,0,2015,32906,2017,87440,0.3016911406500104,49346,7.528665322866268,10.401410290946595,11.378708122850421
96548,676,91913,zip,CA,CA,Chula Vista,"San Diego-Chula Vista-Carlsbad, CA",San Diego County,2016-01-31,1868.607520914701,91913,0,2016,34979,2017,87440,0.3016911406500104,49346,7.532948791243563,10.462503160399518,11.378708122850421
96548,676,91913,zip,CA,CA,Chula Vista,"San Diego-Chula Vista-Carlsbad, CA",San Diego County,2016-02-29,1878.9164216126449,91913,0,2016,34979,2017,87440,0.3016911406500104,49346,7.538450518175464,10.462503160399518,11.378708122850421
96548,676,91913,zip,CA,CA,Chula Vista,"San Diego-Chula Vista-Carlsbad, CA",San Diego County,2016-03-31,1922.0350065374969,91913,0,2016,34979,2017,87440,0.3016911406500104,49346,7.561139802963486,10.462503160399518,11.378708122850421
96548,676,91913,zip,CA,CA,Chula Vista,"San Diego-Chula Vista-Carlsbad, CA",San Diego County,2016-04-30,1946.0941178993623,91913,0,2016,34979,2017,87440,0.3016911406500104,49346,7.573579626375673,10.462503160399518,11.378708122850421
96548,676,91913,zip,CA,CA,Chula Vista,"San Diego-Chula Vista-Carlsbad, CA",San Diego County,2016-05-31,1946.4861667774144,91913,0,2016,34979,2017,87440,0.3016911406500104,49346,7.573781060309313,10.462503160399518,11.378708122850421
96548,676,91913,zip,CA,CA,Chula Vista,"San Diego-Chula Vista-Carlsbad, CA",San Diego County,2016-06-30,1923.8629175782744,91913,0,2016,34979,2017,87440,0.3016911406500104,49346,7.562090380027405,10.462503160399518,11.378708122850421
96548,676,91913,zip,CA,CA,Chula Vista,"San Diego-Chula Vista-Carlsbad, CA",San Diego County,2016-07-31,1917.1044143752872,91913,0,2016,34979,2017,87440,0.3016911406500104,49346,7.558571209155081,10.462503160399518,11.378708122850421
96548,676,91913,zip,CA,CA,Chula Vista,"San Diego-Chula Vista-Carlsbad, CA",San Diego County,2016-08-31,1935.9899277637576,91913,0,2016,34979,2017,87440,0.3016911406500104,49346,7.568374065221624,10.462503160399518,11.378708122850421
96548,676,91913,zip,CA,CA,Chula Vista,"San Diego-Chula Vista-Carlsbad, CA",San Diego County,2016-09-30,1946.906404311108,91913,0,2016,34979,2017,87440,0.3016911406500104,49346,7.573996932471009,10.462503160399518,11.378708122850421
96548,676,91913,zip,CA,CA,Chula Vista,"San Diego-Chula Vista-Carlsbad, CA",San Diego County,2016-10-31,1952.2154645525093,91913,0,2016,34979,2017,87440,0.3016911406500104,49346,7.576720142312045,10.462503160399518,11.378708122850421
96548,676,91913,zip,CA,CA,Chula Vista,"San Diego-Chula Vista-Carlsbad, CA",San Diego County,2016-11-30,1935.2516860880537,91913,0,2016,34979,2017,87440,0.3016911406500104,49346,7.567992667335214,10.462503160399518,11.378708122850421
96548,676,91913,zip,CA,CA,Chula Vista,"San Diego-Chula Vista-Carlsbad, CA",San Diego County,2016-12-31,1947.297292818848,91913,0,2016,34979,2017,87440,0.3016911406500104,49346,7.574197686483616,10.462503160399518,11.378708122850421
96548,676,91913,zip,CA,CA,Chula Vista,"San Diego-Chula Vista-Carlsbad, CA",San Diego County,2017-01-31,1963.6950892833072,91913,0,2017,35772,2017,87440,0.3016911406500104,49346,7.582583227006155,10.484920743466072,11.378708122850421
96548,676,91913,zip,CA,CA,Chula Vista,"San Diego-Chula Vista-Carlsbad, CA",San Diego County,2017-02-28,1990.726853901316,91913,0,2017,35772,2017,87440,0.3016911406500104,49346,7.596255104246562,10.484920743466072,11.378708122850421
96548,676,91913,zip,CA,CA,Chula Vista,"San Diego-Chula Vista-Carlsbad, CA",San Diego County,2017-03-31,1989.2443440942773,91913,0,2017,35772,2017,87440,0.3016911406500104,49346,7.595510119018352,10.484920743466072,11.378708122850421
96548,676,91913,zip,CA,CA,Chula Vista,"San Diego-Chula Vista-Carlsbad, CA",San Diego County,2017-04-30,1988.996843249378,91913,0,2017,35772,2017,87440,0.3016911406500104,49346,7.595385691748327,10.484920743466072,11.378708122850421
96548,676,91913,zip,CA,CA,Chula Vista,"San Diego-Chula Vista-Carlsbad, CA",San Diego County,2017-05-31,2016.1276133452093,91913,0,2017,35772,2017,87440,0.3016911406500104,49346,7.608933927458323,10.484920743466072,11.378708122850421
96548,676,91913,zip,CA,CA,Chula Vista,"San Diego-Chula Vista-Carlsbad, CA",San Diego County,2017-06-30,2061.484419175953,91913,0,2017,35772,2017,87440,0.3016911406500104,49346,7.631181594114975,10.484920743466072,11.378708122850421
96548,676,91913,zip,CA,CA,Chula Vista,"San Diego-Chula Vista-Carlsbad, CA",San Diego County,2017-07-31,2080.926527294314,91913,0,2017,35772,2017,87440,0.3016911406500104,49346,7.640568519328403,10.484920743466072,11.378708122850421
96548,676,91913,zip,CA,CA,Chula Vista,"San Diego-Chula Vista-Carlsbad, CA",San Diego County,2017-08-31,2083.167488471928,91913,0,2017,35772,2017,87440,0.3016911406500104,49346,7.641644845360174,10.484920743466072,11.378708122850421
96548,676,91913,zip,CA,CA,Chula Vista,"San Diego-Chula Vista-Carlsbad, CA",San Diego County,2017-09-30,2062.6853770846224,91913,0,2017,35772,2017,87440,0.3016911406500104,49346,7.631763993968494,10.484920743466072,11.378708122850421
96548,676,91913,zip,CA,CA,Chula Vista,"San Diego-Chula Vista-Carlsbad, CA",San Diego County,2017-10-31,2066.4770677746487,91913,0,2017,35772,2017,87440,0.3016911406500104,49346,7.63360053675721,10.484920743466072,11.378708122850421
96548,676,91913,zip,CA,CA,Chula Vista,"San Diego-Chula Vista-Carlsbad, CA",San Diego County,2017-11-30,2048.15496896162,91913,0,2017,35772,2017,87440,0.3016911406500104,49346,7.624694651734978,10.484920743466072,11.378708122850421
96548,676,91913,zip,CA,CA,Chula Vista,"San Diego-Chula Vista-Carlsbad, CA",San Diego County,2017-12-31,2048.4729940789875,91913,0,2017,35772,2017,87440,0.3016911406500104,49346,7.624849913633727,10.484920743466072,11.378708122850421
96548,676,91913,zip,CA,CA,Chula Vista,"San Diego-Chula Vista-Carlsbad, CA",San Diego County,2018-01-31,2047.5238348361408,91913,0,2018,37887,2017,87440,0.3016911406500104,49346,7.624386456605081,10.54236332431428,11.378708122850421
96548,676,91913,zip,CA,CA,Chula Vista,"San Diego-Chula Vista-Carlsbad, CA",San Diego County,2018-02-28,2065.7396740917534,91913,0,2018,37887,2017,87440,0.3016911406500104,49346,7.633243636944453,10.54236332431428,11.378708122850421
96548,676,91913,zip,CA,CA,Chula Vista,"San Diego-Chula Vista-Carlsbad, CA",San Diego County,2018-03-31,2090.7024622851723,91913,0,2018,37887,2017,87440,0.3016911406500104,49346,7.64525539484431,10.54236332431428,11.378708122850421
96548,676,91913,zip,CA,CA,Chula Vista,"San Diego-Chula Vista-Carlsbad, CA",San Diego County,2018-04-30,2119.9479777257447,91913,0,2018,37887,2017,87440,0.3016911406500104,49346,7.6591468285563655,10.54236332431428,11.378708122850421
96548,676,91913,zip,CA,CA,Chula Vista,"San Diego-Chula Vista-Carlsbad, CA",San Diego County,2018-05-31,2141.5415837902624,91913,0,2018,37887,2017,87440,0.3016911406500104,49346,7.669281214933796,10.54236332431428,11.378708122850421
96548,676,91913,zip,CA,CA,Chula Vista,"San Diego-Chula Vista-Carlsbad, CA",San Diego County,2018-06-30,2156.3904243415404,91913,0,2018,37887,2017,87440,0.3016911406500104,49346,7.676191002991481,10.54236332431428,11.378708122850421
96548,676,91913,zip,CA,CA,Chula Vista,"San Diego-Chula Vista-Carlsbad, CA",San Diego County,2018-07-31,2169.961602565568,91913,0,2018,37887,2017,87440,0.3016911406500104,49346,7.682464751707707,10.54236332431428,11.378708122850421
96548,676,91913,zip,CA,CA,Chula Vista,"San Diego-Chula Vista-Carlsbad, CA",San Diego County,2018-08-31,2188.0293895640743,91913,0,2018,37887,2017,87440,0.3016911406500104,49346,7.690756595610744,10.54236332431428,11.378708122850421
96548,676,91913,zip,CA,CA,Chula Vista,"San Diego-Chula Vista-Carlsbad, CA",San Diego County,2018-09-30,2176.138784422171,91913,0,2018,37887,2017,87440,0.3016911406500104,49346,7.685307385547778,10.54236332431428,11.378708122850421
96548,676,91913,zip,CA,CA,Chula Vista,"San Diego-Chula Vista-Carlsbad, CA",San Diego County,2018-10-31,2142.2804988343696,91913,0,2018,37887,2017,87440,0.3016911406500104,49346,7.669626194271024,10.54236332431428,11.378708122850421
96548,676,91913,zip,CA,CA,Chula Vista,"San Diego-Chula Vista-Carlsbad, CA",San Diego County,2018-11-30,2104.725924529515,91913,0,2018,37887,2017,87440,0.3016911406500104,49346,7.6519405355157035,10.54236332431428,11.378708122850421
96548,676,91913,zip,CA,CA,Chula Vista,"San Diego-Chula Vista-Carlsbad, CA",San Diego County,2018-12-31,2093.83787753991,91913,0,2018,37887,2017,87440,0.3016911406500104,49346,7.646753966054948,10.54236332431428,11.378708122850421
96548,676,91913,zip,CA,CA,Chula Vista,"San Diego-Chula Vista-Carlsbad, CA",San Diego County,2019-01-31,2088.694830170469,91913,0,2019,38736,2019,103127,0.2960890176455096,54114,7.644294666715999,10.56452467917784,11.543716517388315
96548,676,91913,zip,CA,CA,Chula Vista,"San Diego-Chula Vista-Carlsbad, CA",San Diego County,2019-02-28,2089.2663346251866,91913,0,2019,38736,2019,103127,0.2960890176455096,54114,7.64456824726677,10.56452467917784,11.543716517388315
96548,676,91913,zip,CA,CA,Chula Vista,"San Diego-Chula Vista-Carlsbad, CA",San Diego County,2019-03-31,2075.750613845928,91913,0,2019,38736,2019,103127,0.2960890176455096,54114,7.638078108864572,10.56452467917784,11.543716517388315
96548,676,91913,zip,CA,CA,Chula Vista,"San Diego-Chula Vista-Carlsbad, CA",San Diego County,2019-04-30,2097.517454358893,91913,0,2019,38736,2019,103127,0.2960890176455096,54114,7.648509759812765,10.56452467917784,11.543716517388315
96548,676,91913,zip,CA,CA,Chula Vista,"San Diego-Chula Vista-Carlsbad, CA",San Diego County,2019-05-31,2141.647597135581,91913,0,2019,38736,2019,103127,0.2960890176455096,54114,7.6693307169944624,10.56452467917784,11.543716517388315
96548,676,91913,zip,CA,CA,Chula Vista,"San Diego-Chula Vista-Carlsbad, CA",San Diego County,2019-06-30,2193.235589982774,91913,0,2019,38736,2019,103127,0.2960890176455096,54114,7.693133170820615,10.56452467917784,11.543716517388315
96548,676,91913,zip,CA,CA,Chula Vista,"San Diego-Chula Vista-Carlsbad, CA",San Diego County,2019-07-31,2221.808842827644,91913,0,2019,38736,2019,103127,0.2960890176455096,54114,7.706076937168347,10.56452467917784,11.543716517388315
96548,676,91913,zip,CA,CA,Chula Vista,"San Diego-Chula Vista-Carlsbad, CA",San Diego County,2019-08-31,2234.277602635861,91913,0,2019,38736,2019,103127,0.2960890176455096,54114,7.711673234503577,10.56452467917784,11.543716517388315
96548,676,91913,zip,CA,CA,Chula Vista,"San Diego-Chula Vista-Carlsbad, CA",San Diego County,2019-09-30,2209.254080532391,91913,0,2019,38736,2019,103127,0.2960890176455096,54114,7.700410217417972,10.56452467917784,11.543716517388315
96548,676,91913,zip,CA,CA,Chula Vista,"San Diego-Chula Vista-Carlsbad, CA",San Diego County,2019-10-31,2199.701194194872,91913,0,2019,38736,2019,103127,0.2960890176455096,54114,7.696076809301411,10.56452467917784,11.543716517388315
96548,676,91913,zip,CA,CA,Chula Vista,"San Diego-Chula Vista-Carlsbad, CA",San Diego County,2019-11-30,2147.364614626041,91913,0,2019,38736,2019,103127,0.2960890176455096,54114,7.6719966086236235,10.56452467917784,11.543716517388315
96548,676,91913,zip,CA,CA,Chula Vista,"San Diego-Chula Vista-Carlsbad, CA",San Diego County,2019-12-31,2171.013954918393,91913,0,2019,38736,2019,103127,0.2960890176455096,54114,7.682949597733447,10.56452467917784,11.543716517388315
96548,676,91913,zip,CA,CA,Chula Vista,"San Diego-Chula Vista-Carlsbad, CA",San Diego County,2020-01-31,2174.843299206911,91913,0,2020,39576,2019,103127,0.2960890176455096,54114,7.684711894585672,10.585978152907545,11.543716517388315
96548,676,91913,zip,CA,CA,Chula Vista,"San Diego-Chula Vista-Carlsbad, CA",San Diego County,2020-02-29,2213.3781162342675,91913,0,2020,39576,2019,103127,0.2960890176455096,54114,7.702275186836054,10.585978152907545,11.543716517388315
96548,676,91913,zip,CA,CA,Chula Vista,"San Diego-Chula Vista-Carlsbad, CA",San Diego County,2020-03-31,2230.875703900462,91913,0,2020,39576,2019,103127,0.2960890176455096,54114,7.710149479702756,10.585978152907545,11.543716517388315
96548,676,91913,zip,CA,CA,Chula Vista,"San Diego-Chula Vista-Carlsbad, CA",San Diego County,2020-04-30,2255.262351059,91913,0,2020,39576,2019,103127,0.2960890176455096,54114,7.721021587102618,10.585978152907545,11.543716517388315
96548,676,91913,zip,CA,CA,Chula Vista,"San Diego-Chula Vista-Carlsbad, CA",San Diego County,2020-05-31,2247.1296769591368,91913,0,2020,39576,2019,103127,0.2960890176455096,54114,7.717408981672368,10.585978152907545,11.543716517388315
96548,676,91913,zip,CA,CA,Chula Vista,"San Diego-Chula Vista-Carlsbad, CA",San Diego County,2020-06-30,2238.2260412706228,91913,0,2020,39576,2019,103127,0.2960890176455096,54114,7.7134388852329705,10.585978152907545,11.543716517388315
96548,676,91913,zip,CA,CA,Chula Vista,"San Diego-Chula Vista-Carlsbad, CA",San Diego County,2020-07-31,2245.3513460810063,91913,0,2020,39576,2019,103127,0.2960890176455096,54114,7.7166172895263605,10.585978152907545,11.543716517388315
96548,676,91913,zip,CA,CA,Chula Vista,"San Diego-Chula Vista-Carlsbad, CA",San Diego County,2020-08-31,2278.0585769117856,91913,0,2020,39576,2019,103127,0.2960890176455096,54114,7.731078857860802,10.585978152907545,11.543716517388315
96548,676,91913,zip,CA,CA,Chula Vista,"San Diego-Chula Vista-Carlsbad, CA",San Diego County,2020-09-30,2287.7657097118126,91913,0,2020,39576,2019,103127,0.2960890176455096,54114,7.735330947655011,10.585978152907545,11.543716517388315
96548,676,91913,zip,CA,CA,Chula Vista,"San Diego-Chula Vista-Carlsbad, CA",San Diego County,2020-10-31,2281.208172777588,91913,0,2020,39576,2019,103127,0.2960890176455096,54114,7.732460481941926,10.585978152907545,11.543716517388315
96548,676,91913,zip,CA,CA,Chula Vista,"San Diego-Chula Vista-Carlsbad, CA",San Diego County,2020-11-30,2304.919753603267,91913,0,2020,39576,2019,103127,0.2960890176455096,54114,7.7428011407697435,10.585978152907545,11.543716517388315
96548,676,91913,zip,CA,CA,Chula Vista,"San Diego-Chula Vista-Carlsbad, CA",San Diego County,2020-12-31,2330.074385447067,91913,0,2020,39576,2019,103127,0.2960890176455096,54114,7.75365547113473,10.585978152907545,11.543716517388315
96548,676,91913,zip,CA,CA,Chula Vista,"San Diego-Chula Vista-Carlsbad, CA",San Diego County,2021-01-31,2358.204101452815,91913,0,2021,41885,2021,114352,0.2920033615618333,53725,7.765655634371327,10.64268304658791,11.64703668945976
96548,676,91913,zip,CA,CA,Chula Vista,"San Diego-Chula Vista-Carlsbad, CA",San Diego County,2021-02-28,2344.689702415188,91913,0,2021,41885,2021,114352,0.2920033615618333,53725,7.759908349061025,10.64268304658791,11.64703668945976
96548,676,91913,zip,CA,CA,Chula Vista,"San Diego-Chula Vista-Carlsbad, CA",San Diego County,2021-03-31,2369.2555730915296,91913,0,2021,41885,2021,114352,0.2920033615618333,53725,7.770331080607337,10.64268304658791,11.64703668945976
96548,676,91913,zip,CA,CA,Chula Vista,"San Diego-Chula Vista-Carlsbad, CA",San Diego County,2021-04-30,2387.7254217762547,91913,0,2021,41885,2021,114352,0.2920033615618333,53725,7.778096485395742,10.64268304658791,11.64703668945976
96548,676,91913,zip,CA,CA,Chula Vista,"San Diego-Chula Vista-Carlsbad, CA",San Diego County,2021-05-31,2427.231809395534,91913,0,2021,41885,2021,114352,0.2920033615618333,53725,7.794506713895479,10.64268304658791,11.64703668945976
96548,676,91913,zip,CA,CA,Chula Vista,"San Diego-Chula Vista-Carlsbad, CA",San Diego County,2021-06-30,2479.932913693346,91913,0,2021,41885,2021,114352,0.2920033615618333,53725,7.815986787863043,10.64268304658791,11.64703668945976
96548,676,91913,zip,CA,CA,Chula Vista,"San Diego-Chula Vista-Carlsbad, CA",San Diego County,2021-07-31,2528.4225439105862,91913,0,2021,41885,2021,114352,0.2920033615618333,53725,7.835350886833741,10.64268304658791,11.64703668945976
96548,676,91913,zip,CA,CA,Chula Vista,"San Diego-Chula Vista-Carlsbad, CA",San Diego County,2021-08-31,2601.954965907877,91913,0,2021,41885,2021,114352,0.2920033615618333,53725,7.864018351431467,10.64268304658791,11.64703668945976
96548,676,91913,zip,CA,CA,Chula Vista,"San Diego-Chula Vista-Carlsbad, CA",San Diego County,2021-09-30,2636.32374170738,91913,0,2021,41885,2021,114352,0.2920033615618333,53725,7.877140703599922,10.64268304658791,11.64703668945976
96548,676,91913,zip,CA,CA,Chula Vista,"San Diego-Chula Vista-Carlsbad, CA",San Diego County,2021-10-31,2687.1152871451136,91913,0,2021,41885,2021,114352,0.2920033615618333,53725,7.896223513219867,10.64268304658791,11.64703668945976
96548,676,91913,zip,CA,CA,Chula Vista,"San Diego-Chula Vista-Carlsbad, CA",San Diego County,2021-11-30,2700.181101697358,91913,0,2021,41885,2021,114352,0.2920033615618333,53725,7.9010741244457385,10.64268304658791,11.64703668945976
96548,676,91913,zip,CA,CA,Chula Vista,"San Diego-Chula Vista-Carlsbad, CA",San Diego County,2021-12-31,2749.637947545478,91913,0,2021,41885,2021,114352,0.2920033615618333,53725,7.919224526555271,10.64268304658791,11.64703668945976
96548,676,91913,zip,CA,CA,Chula Vista,"San Diego-Chula Vista-Carlsbad, CA",San Diego County,2022-01-31,2772.1561094451367,91913,0,2022,42006,2021,114352,0.2920033615618333,53725,7.927380675262727,10.645567744205252,11.64703668945976
96548,676,91913,zip,CA,CA,Chula Vista,"San Diego-Chula Vista-Carlsbad, CA",San Diego County,2022-02-28,2780.8495078564406,91913,0,2022,42006,2021,114352,0.2920033615618333,53725,7.9305117383707495,10.645567744205252,11.64703668945976
96548,676,91913,zip,CA,CA,Chula Vista,"San Diego-Chula Vista-Carlsbad, CA",San Diego County,2022-03-31,2758.3537361964027,91913,0,2022,42006,2021,114352,0.2920033615618333,53725,7.922389308358161,10.645567744205252,11.64703668945976
96548,676,91913,zip,CA,CA,Chula Vista,"San Diego-Chula Vista-Carlsbad, CA",San Diego County,2022-04-30,2771.097844802241,91913,0,2022,42006,2021,114352,0.2920033615618333,53725,7.92699885452549,10.645567744205252,11.64703668945976
96548,676,91913,zip,CA,CA,Chula Vista,"San Diego-Chula Vista-Carlsbad, CA",San Diego County,2022-05-31,2844.6902331233755,91913,0,2022,42006,2021,114352,0.2920033615618333,53725,7.953209459480735,10.645567744205252,11.64703668945976
96548,676,91913,zip,CA,CA,Chula Vista,"San Diego-Chula Vista-Carlsbad, CA",San Diego County,2022-06-30,2926.950279166312,91913,0,2022,42006,2021,114352,0.2920033615618333,53725,7.981716299587002,10.645567744205252,11.64703668945976
96548,676,91913,zip,CA,CA,Chula Vista,"San Diego-Chula Vista-Carlsbad, CA",San Diego County,2022-07-31,2990.156455161273,91913,0,2022,42006,2021,114352,0.2920033615618333,53725,8.003080991156661,10.645567744205252,11.64703668945976
96548,676,91913,zip,CA,CA,Chula Vista,"San Diego-Chula Vista-Carlsbad, CA",San Diego County,2022-08-31,3036.6146857085723,91913,0,2022,42006,2021,114352,0.2920033615618333,53725,8.018498583670526,10.645567744205252,11.64703668945976
96548,676,91913,zip,CA,CA,Chula Vista,"San Diego-Chula Vista-Carlsbad, CA",San Diego County,2022-09-30,3030.4300046155768,91913,0,2022,42006,2021,114352,0.2920033615618333,53725,8.016459804149044,10.645567744205252,11.64703668945976
96548,676,91913,zip,CA,CA,Chula Vista,"San Diego-Chula Vista-Carlsbad, CA",San Diego County,2022-10-31,3039.118182018264,91913,0,2022,42006,2021,114352,0.2920033615618333,53725,8.019322680616815,10.645567744205252,11.64703668945976
96548,676,91913,zip,CA,CA,Chula Vista,"San Diego-Chula Vista-Carlsbad, CA",San Diego County,2022-11-30,3004.178813971901,91913,0,2022,42006,2021,114352,0.2920033615618333,53725,8.007759536402713,10.645567744205252,11.64703668945976
96548,676,91913,zip,CA,CA,Chula Vista,"San Diego-Chula Vista-Carlsbad, CA",San Diego County,2022-12-31,3004.9230595007275,91913,0,2022,42006,2021,114352,0.2920033615618333,53725,8.008007242482025,10.645567744205252,11.64703668945976
96548,676,91913,zip,CA,CA,Chula Vista,"San Diego-Chula Vista-Carlsbad, CA",San Diego County,2023-01-31,2954.999482326116,91913,0,2023,42376,2023,129412,0.2742011003160482,57067,7.991253754654435,10.654337443224362,11.770756392452494
96548,676,91913,zip,CA,CA,Chula Vista,"San Diego-Chula Vista-Carlsbad, CA",San Diego County,2023-02-28,2974.9738176988494,91913,0,2023,42376,2023,129412,0.2742011003160482,57067,7.997990517167507,10.654337443224362,11.770756392452494
96548,676,91913,zip,CA,CA,Chula Vista,"San Diego-Chula Vista-Carlsbad, CA",San Diego County,2023-03-31,3019.496919131339,91913,0,2023,42376,2023,129412,0.2742011003160482,57067,8.012845513423322,10.654337443224362,11.770756392452494
96548,676,91913,zip,CA,CA,Chula Vista,"San Diego-Chula Vista-Carlsbad, CA",San Diego County,2023-04-30,3089.8939309734974,91913,0,2023,42376,2023,129412,0.2742011003160482,57067,8.035892042756828,10.654337443224362,11.770756392452494
96548,676,91913,zip,CA,CA,Chula Vista,"San Diego-Chula Vista-Carlsbad, CA",San Diego County,2023-05-31,3140.8642862547968,91913,0,2023,42376,2023,129412,0.2742011003160482,57067,8.052253291427474,10.654337443224362,11.770756392452494
96548,676,91913,zip,CA,CA,Chula Vista,"San Diego-Chula Vista-Carlsbad, CA",San Diego County,2023-06-30,3174.125021409965,91913,0,2023,42376,2023,129412,0.2742011003160482,57067,8.062787289538711,10.654337443224362,11.770756392452494
96548,676,91913,zip,CA,CA,Chula Vista,"San Diego-Chula Vista-Carlsbad, CA",San Diego County,2023-07-31,3169.7833013908903,91913,0,2023,42376,2023,129412,0.2742011003160482,57067,8.061418505352046,10.654337443224362,11.770756392452494
96548,676,91913,zip,CA,CA,Chula Vista,"San Diego-Chula Vista-Carlsbad, CA",San Diego County,2023-08-31,3176.0848304604738,91913,0,2023,42376,2023,129412,0.2742011003160482,57067,8.063404531853044,10.654337443224362,11.770756392452494
96548,676,91913,zip,CA,CA,Chula Vista,"San Diego-Chula Vista-Carlsbad, CA",San Diego County,2023-09-30,3168.618364986484,91913,0,2023,42376,2023,129412,0.2742011003160482,57067,8.061050924854994,10.654337443224362,11.770756392452494
96548,676,91913,zip,CA,CA,Chula Vista,"San Diego-Chula Vista-Carlsbad, CA",San Diego County,2023-10-31,3161.903532088965,91913,0,2023,42376,2023,129412,0.2742011003160482,57067,8.058929508793259,10.654337443224362,11.770756392452494
96548,676,91913,zip,CA,CA,Chula Vista,"San Diego-Chula Vista-Carlsbad, CA",San Diego County,2023-11-30,3107.1476399051703,91913,0,2023,42376,2023,129412,0.2742011003160482,57067,8.041460426740157,10.654337443224362,11.770756392452494
96548,676,91913,zip,CA,CA,Chula Vista,"San Diego-Chula Vista-Carlsbad, CA",San Diego County,2023-12-31,3065.58002275942,91913,0,2023,42376,2023,129412,0.2742011003160482,57067,8.02799207117109,10.654337443224362,11.770756392452494
96548,676,91913,zip,CA,CA,Chula Vista,"San Diego-Chula Vista-Carlsbad, CA",San Diego County,2024-01-31,3069.2213934308165,91913,0,2024,44256,2023,129412,0.2742011003160482,57067,8.029179190639837,10.697746234464486,11.770756392452494
96548,676,91913,zip,CA,CA,Chula Vista,"San Diego-Chula Vista-Carlsbad, CA",San Diego County,2024-02-29,3079.7269919356263,91913,0,2024,44256,2023,129412,0.2742011003160482,57067,8.032596233057014,10.697746234464486,11.770756392452494
96548,676,91913,zip,CA,CA,Chula Vista,"San Diego-Chula Vista-Carlsbad, CA",San Diego County,2024-03-31,3115.751841342919,91913,0,2024,44256,2023,129412,0.2742011003160482,57067,8.044225763685343,10.697746234464486,11.770756392452494
96548,676,91913,zip,CA,CA,Chula Vista,"San Diego-Chula Vista-Carlsbad, CA",San Diego County,2024-04-30,3147.627802817666,91913,0,2024,44256,2023,129412,0.2742011003160482,57067,8.054404369643061,10.697746234464486,11.770756392452494
96548,676,91913,zip,CA,CA,Chula Vista,"San Diego-Chula Vista-Carlsbad, CA",San Diego County,2024-05-31,3156.900725556828,91913,0,2024,44256,2023,129412,0.2742011003160482,57067,8.057346042246909,10.697746234464486,11.770756392452494
96548,676,91913,zip,CA,CA,Chula Vista,"San Diego-Chula Vista-Carlsbad, CA",San Diego County,2024-06-30,3158.750389703432,91913,0,2024,44256,2023,129412,0.2742011003160482,57067,8.05793178207507,10.697746234464486,11.770756392452494
96548,676,91913,zip,CA,CA,Chula Vista,"San Diego-Chula Vista-Carlsbad, CA",San Diego County,2024-07-31,3153.1862397479963,91913,0,2024,44256,2023,129412,0.2742011003160482,57067,8.05616872527543,10.697746234464486,11.770756392452494
96548,676,91913,zip,CA,CA,Chula Vista,"San Diego-Chula Vista-Carlsbad, CA",San Diego County,2024-08-31,3144.3406775795224,91913,0,2024,44256,2023,129412,0.2742011003160482,57067,8.053359505687546,10.697746234464486,11.770756392452494
96548,676,91913,zip,CA,CA,Chula Vista,"San Diego-Chula Vista-Carlsbad, CA",San Diego County,2024-09-30,3160.513114208219,91913,0,2024,44256,2023,129412,0.2742011003160482,57067,8.058489671313085,10.697746234464486,11.770756392452494
96548,676,91913,zip,CA,CA,Chula Vista,"San Diego-Chula Vista-Carlsbad, CA",San Diego County,2024-10-31,3164.440507332228,91913,0,2024,44256,2023,129412,0.2742011003160482,57067,8.059731544017222,10.697746234464486,11.770756392452494
96548,676,91913,zip,CA,CA,Chula Vista,"San Diego-Chula Vista-Carlsbad, CA",San Diego County,2024-11-30,3174.443609609538,91913,0,2024,44256,2023,129412,0.2742011003160482,57067,8.06288765490242,10.697746234464486,11.770756392452494
96548,676,91913,zip,CA,CA,Chula Vista,"San Diego-Chula Vista-Carlsbad, CA",San Diego County,2024-12-31,3144.0089282391937,91913,0,2024,44256,2023,129412,0.2742011003160482,57067,8.053253993315801,10.697746234464486,11.770756392452494
96560,1738,91942,zip,CA,CA,La Mesa,"San Diego-Chula Vista-Carlsbad, CA",San Diego County,2016-04-30,1511.945457245381,91942,0,2016,34979,2017,56645,0.6131510495432824,40239,7.321152482838413,10.462503160399518,10.944559001307589
96560,1738,91942,zip,CA,CA,La Mesa,"San Diego-Chula Vista-Carlsbad, CA",San Diego County,2016-05-31,1542.7859697279257,91942,0,2016,34979,2017,56645,0.6131510495432824,40239,7.341345132261043,10.462503160399518,10.944559001307589
96560,1738,91942,zip,CA,CA,La Mesa,"San Diego-Chula Vista-Carlsbad, CA",San Diego County,2016-06-30,1534.110682026007,91942,0,2016,34979,2017,56645,0.6131510495432824,40239,7.335706131883657,10.462503160399518,10.944559001307589
96560,1738,91942,zip,CA,CA,La Mesa,"San Diego-Chula Vista-Carlsbad, CA",San Diego County,2016-07-31,1538.7725571324636,91942,0,2016,34979,2017,56645,0.6131510495432824,40239,7.338740336778682,10.462503160399518,10.944559001307589
96560,1738,91942,zip,CA,CA,La Mesa,"San Diego-Chula Vista-Carlsbad, CA",San Diego County,2016-08-31,1533.5084807241135,91942,0,2016,34979,2017,56645,0.6131510495432824,40239,7.335313513844924,10.462503160399518,10.944559001307589
96560,1738,91942,zip,CA,CA,La Mesa,"San Diego-Chula Vista-Carlsbad, CA",San Diego County,2016-09-30,1533.3854135875836,91942,0,2016,34979,2017,56645,0.6131510495432824,40239,7.335233258615473,10.462503160399518,10.944559001307589
96560,1738,91942,zip,CA,CA,La Mesa,"San Diego-Chula Vista-Carlsbad, CA",San Diego County,2016-10-31,1519.8316881091705,91942,0,2016,34979,2017,56645,0.6131510495432824,40239,7.326354876202012,10.462503160399518,10.944559001307589
96560,1738,91942,zip,CA,CA,La Mesa,"San Diego-Chula Vista-Carlsbad, CA",San Diego County,2016-11-30,1550.435078412484,91942,0,2016,34979,2017,56645,0.6131510495432824,40239,7.3462908662756,10.462503160399518,10.944559001307589
96560,1738,91942,zip,CA,CA,La Mesa,"San Diego-Chula Vista-Carlsbad, CA",San Diego County,2016-12-31,1577.284662808776,91942,0,2016,34979,2017,56645,0.6131510495432824,40239,7.363460079746651,10.462503160399518,10.944559001307589
96560,1738,91942,zip,CA,CA,La Mesa,"San Diego-Chula Vista-Carlsbad, CA",San Diego County,2017-01-31,1594.7435096574138,91942,0,2017,35772,2017,56645,0.6131510495432824,40239,7.374468193295575,10.484920743466072,10.944559001307589
96560,1738,91942,zip,CA,CA,La Mesa,"San Diego-Chula Vista-Carlsbad, CA",San Diego County,2017-02-28,1585.6007337576266,91942,0,2017,35772,2017,56645,0.6131510495432824,40239,7.368718626339003,10.484920743466072,10.944559001307589
96560,1738,91942,zip,CA,CA,La Mesa,"San Diego-Chula Vista-Carlsbad, CA",San Diego County,2017-03-31,1610.4327846938404,91942,0,2017,35772,2017,56645,0.6131510495432824,40239,7.38425823222432,10.484920743466072,10.944559001307589
96560,1738,91942,zip,CA,CA,La Mesa,"San Diego-Chula Vista-Carlsbad, CA",San Diego County,2017-04-30,1631.546908281769,91942,0,2017,35772,2017,56645,0.6131510495432824,40239,7.397283867248476,10.484920743466072,10.944559001307589
96560,1738,91942,zip,CA,CA,La Mesa,"San Diego-Chula Vista-Carlsbad, CA",San Diego County,2017-05-31,1637.639626666137,91942,0,2017,35772,2017,56645,0.6131510495432824,40239,7.401011232067342,10.484920743466072,10.944559001307589
96560,1738,91942,zip,CA,CA,La Mesa,"San Diego-Chula Vista-Carlsbad, CA",San Diego County,2017-06-30,1638.3490275631543,91942,0,2017,35772,2017,56645,0.6131510495432824,40239,7.401444323254755,10.484920743466072,10.944559001307589
96560,1738,91942,zip,CA,CA,La Mesa,"San Diego-Chula Vista-Carlsbad, CA",San Diego County,2017-07-31,1636.1862686825305,91942,0,2017,35772,2017,56645,0.6131510495432824,40239,7.400123366844487,10.484920743466072,10.944559001307589
96560,1738,91942,zip,CA,CA,La Mesa,"San Diego-Chula Vista-Carlsbad, CA",San Diego County,2017-08-31,1637.837403809273,91942,0,2017,35772,2017,56645,0.6131510495432824,40239,7.401131994412207,10.484920743466072,10.944559001307589
96560,1738,91942,zip,CA,CA,La Mesa,"San Diego-Chula Vista-Carlsbad, CA",San Diego County,2017-09-30,1638.7386907274536,91942,0,2017,35772,2017,56645,0.6131510495432824,40239,7.401682133896173,10.484920743466072,10.944559001307589
96560,1738,91942,zip,CA,CA,La Mesa,"San Diego-Chula Vista-Carlsbad, CA",San Diego County,2017-10-31,1655.8076935187712,91942,0,2017,35772,2017,56645,0.6131510495432824,40239,7.412044201099739,10.484920743466072,10.944559001307589
96560,1738,91942,zip,CA,CA,La Mesa,"San Diego-Chula Vista-Carlsbad, CA",San Diego County,2017-11-30,1680.0096359298225,91942,0,2017,35772,2017,56645,0.6131510495432824,40239,7.426554808053369,10.484920743466072,10.944559001307589
96560,1738,91942,zip,CA,CA,La Mesa,"San Diego-Chula Vista-Carlsbad, CA",San Diego County,2017-12-31,1684.6956189631878,91942,0,2017,35772,2017,56645,0.6131510495432824,40239,7.4293401849039356,10.484920743466072,10.944559001307589
96560,1738,91942,zip,CA,CA,La Mesa,"San Diego-Chula Vista-Carlsbad, CA",San Diego County,2018-01-31,1680.0988749913065,91942,0,2018,37887,2017,56645,0.6131510495432824,40239,7.426607924826959,10.54236332431428,10.944559001307589
96560,1738,91942,zip,CA,CA,La Mesa,"San Diego-Chula Vista-Carlsbad, CA",San Diego County,2018-02-28,1686.485673112333,91942,0,2018,37887,2017,56645,0.6131510495432824,40239,7.430402159424017,10.54236332431428,10.944559001307589
96560,1738,91942,zip,CA,CA,La Mesa,"San Diego-Chula Vista-Carlsbad, CA",San Diego County,2018-03-31,1709.471005326606,91942,0,2018,37887,2017,56645,0.6131510495432824,40239,7.443939248026835,10.54236332431428,10.944559001307589
96560,1738,91942,zip,CA,CA,La Mesa,"San Diego-Chula Vista-Carlsbad, CA",San Diego County,2018-04-30,1722.511154155294,91942,0,2018,37887,2017,56645,0.6131510495432824,40239,7.451538478428701,10.54236332431428,10.944559001307589
96560,1738,91942,zip,CA,CA,La Mesa,"San Diego-Chula Vista-Carlsbad, CA",San Diego County,2018-05-31,1725.1172710294595,91942,0,2018,37887,2017,56645,0.6131510495432824,40239,7.45305031036019,10.54236332431428,10.944559001307589
96560,1738,91942,zip,CA,CA,La Mesa,"San Diego-Chula Vista-Carlsbad, CA",San Diego County,2018-06-30,1734.7198469948903,91942,0,2018,37887,2017,56645,0.6131510495432824,40239,7.458601207870352,10.54236332431428,10.944559001307589
96560,1738,91942,zip,CA,CA,La Mesa,"San Diego-Chula Vista-Carlsbad, CA",San Diego County,2018-07-31,1752.1334770924311,91942,0,2018,37887,2017,56645,0.6131510495432824,40239,7.468589454149405,10.54236332431428,10.944559001307589
96560,1738,91942,zip,CA,CA,La Mesa,"San Diego-Chula Vista-Carlsbad, CA",San Diego County,2018-08-31,1767.3785797528535,91942,0,2018,37887,2017,56645,0.6131510495432824,40239,7.477252699373057,10.54236332431428,10.944559001307589
96560,1738,91942,zip,CA,CA,La Mesa,"San Diego-Chula Vista-Carlsbad, CA",San Diego County,2018-09-30,1779.2411484269512,91942,0,2018,37887,2017,56645,0.6131510495432824,40239,7.4839422312769965,10.54236332431428,10.944559001307589
96560,1738,91942,zip,CA,CA,La Mesa,"San Diego-Chula Vista-Carlsbad, CA",San Diego County,2018-10-31,1778.216989260907,91942,0,2018,37887,2017,56645,0.6131510495432824,40239,7.4833664498315375,10.54236332431428,10.944559001307589
96560,1738,91942,zip,CA,CA,La Mesa,"San Diego-Chula Vista-Carlsbad, CA",San Diego County,2018-11-30,1756.42742636816,91942,0,2018,37887,2017,56645,0.6131510495432824,40239,7.47103715366936,10.54236332431428,10.944559001307589
96560,1738,91942,zip,CA,CA,La Mesa,"San Diego-Chula Vista-Carlsbad, CA",San Diego County,2018-12-31,1754.0790758901774,91942,0,2018,37887,2017,56645,0.6131510495432824,40239,7.469699255091612,10.54236332431428,10.944559001307589
96560,1738,91942,zip,CA,CA,La Mesa,"San Diego-Chula Vista-Carlsbad, CA",San Diego County,2019-01-31,1761.5644691540526,91942,0,2019,38736,2019,64090,0.607114382091383,40151,7.473957596120394,10.56452467917784,11.068043624498273
96560,1738,91942,zip,CA,CA,La Mesa,"San Diego-Chula Vista-Carlsbad, CA",San Diego County,2019-02-28,1777.058696313196,91942,0,2019,38736,2019,64090,0.607114382091383,40151,7.4827148587364265,10.56452467917784,11.068043624498273
96560,1738,91942,zip,CA,CA,La Mesa,"San Diego-Chula Vista-Carlsbad, CA",San Diego County,2019-03-31,1773.167252186313,91942,0,2019,38736,2019,64090,0.607114382091383,40151,7.480522634499543,10.56452467917784,11.068043624498273
96560,1738,91942,zip,CA,CA,La Mesa,"San Diego-Chula Vista-Carlsbad, CA",San Diego County,2019-04-30,1780.8331122830882,91942,0,2019,38736,2019,64090,0.607114382091383,40151,7.484836574397766,10.56452467917784,11.068043624498273
96560,1738,91942,zip,CA,CA,La Mesa,"San Diego-Chula Vista-Carlsbad, CA",San Diego County,2019-05-31,1794.5701378439069,91942,0,2019,38736,2019,64090,0.607114382091383,40151,7.492520794718772,10.56452467917784,11.068043624498273
96560,1738,91942,zip,CA,CA,La Mesa,"San Diego-Chula Vista-Carlsbad, CA",San Diego County,2019-06-30,1820.327989117384,91942,0,2019,38736,2019,64090,0.607114382091383,40151,7.5067719776350454,10.56452467917784,11.068043624498273
96560,1738,91942,zip,CA,CA,La Mesa,"San Diego-Chula Vista-Carlsbad, CA",San Diego County,2019-07-31,1829.414664278056,91942,0,2019,38736,2019,64090,0.607114382091383,40151,7.511751339084997,10.56452467917784,11.068043624498273
96560,1738,91942,zip,CA,CA,La Mesa,"San Diego-Chula Vista-Carlsbad, CA",San Diego County,2019-08-31,1843.7113653297108,91942,0,2019,38736,2019,64090,0.607114382091383,40151,7.519535865471139,10.56452467917784,11.068043624498273
96560,1738,91942,zip,CA,CA,La Mesa,"San Diego-Chula Vista-Carlsbad, CA",San Diego County,2019-09-30,1825.604070395356,91942,0,2019,38736,2019,64090,0.607114382091383,40151,7.509666208725919,10.56452467917784,11.068043624498273
96560,1738,91942,zip,CA,CA,La Mesa,"San Diego-Chula Vista-Carlsbad, CA",San Diego County,2019-10-31,1821.523931535431,91942,0,2019,38736,2019,64090,0.607114382091383,40151,7.507428754729278,10.56452467917784,11.068043624498273
96560,1738,91942,zip,CA,CA,La Mesa,"San Diego-Chula Vista-Carlsbad, CA",San Diego County,2019-11-30,1811.832367564758,91942,0,2019,38736,2019,64090,0.607114382091383,40151,7.50209396994191,10.56452467917784,11.068043624498273
96560,1738,91942,zip,CA,CA,La Mesa,"San Diego-Chula Vista-Carlsbad, CA",San Diego County,2019-12-31,1807.6144776265364,91942,0,2019,38736,2019,64090,0.607114382091383,40151,7.499763286813822,10.56452467917784,11.068043624498273
96560,1738,91942,zip,CA,CA,La Mesa,"San Diego-Chula Vista-Carlsbad, CA",San Diego County,2020-01-31,1811.7922318665208,91942,0,2020,39576,2019,64090,0.607114382091383,40151,7.502071817703378,10.585978152907545,11.068043624498273
96560,1738,91942,zip,CA,CA,La Mesa,"San Diego-Chula Vista-Carlsbad, CA",San Diego County,2020-02-29,1826.658870928756,91942,0,2020,39576,2019,64090,0.607114382091383,40151,7.510243823525113,10.585978152907545,11.068043624498273
96560,1738,91942,zip,CA,CA,La Mesa,"San Diego-Chula Vista-Carlsbad, CA",San Diego County,2020-03-31,1838.8636881127293,91942,0,2020,39576,2019,64090,0.607114382091383,40151,7.516903099025511,10.585978152907545,11.068043624498273
96560,1738,91942,zip,CA,CA,La Mesa,"San Diego-Chula Vista-Carlsbad, CA",San Diego County,2020-04-30,1844.6840381051195,91942,0,2020,39576,2019,64090,0.607114382091383,40151,7.520063288749592,10.585978152907545,11.068043624498273
96560,1738,91942,zip,CA,CA,La Mesa,"San Diego-Chula Vista-Carlsbad, CA",San Diego County,2020-05-31,1831.53270878962,91942,0,2020,39576,2019,64090,0.607114382091383,40151,7.51290844107639,10.585978152907545,11.068043624498273
96560,1738,91942,zip,CA,CA,La Mesa,"San Diego-Chula Vista-Carlsbad, CA",San Diego County,2020-06-30,1848.792584589044,91942,0,2020,39576,2019,64090,0.607114382091383,40151,7.5222880480201955,10.585978152907545,11.068043624498273
96560,1738,91942,zip,CA,CA,La Mesa,"San Diego-Chula Vista-Carlsbad, CA",San Diego County,2020-07-31,1852.3941597427088,91942,0,2020,39576,2019,64090,0.607114382091383,40151,7.52423422179592,10.585978152907545,11.068043624498273
96560,1738,91942,zip,CA,CA,La Mesa,"San Diego-Chula Vista-Carlsbad, CA",San Diego County,2020-08-31,1880.311034291468,91942,0,2020,39576,2019,64090,0.607114382091383,40151,7.539192485911741,10.585978152907545,11.068043624498273
96560,1738,91942,zip,CA,CA,La Mesa,"San Diego-Chula Vista-Carlsbad, CA",San Diego County,2020-09-30,1892.3907777173824,91942,0,2020,39576,2019,64090,0.607114382091383,40151,7.545596270418857,10.585978152907545,11.068043624498273
96560,1738,91942,zip,CA,CA,La Mesa,"San Diego-Chula Vista-Carlsbad, CA",San Diego County,2020-10-31,1903.262670013517,91942,0,2020,39576,2019,64090,0.607114382091383,40151,7.551324887205287,10.585978152907545,11.068043624498273
96560,1738,91942,zip,CA,CA,La Mesa,"San Diego-Chula Vista-Carlsbad, CA",San Diego County,2020-11-30,1907.359568639114,91942,0,2020,39576,2019,64090,0.607114382091383,40151,7.553475139813678,10.585978152907545,11.068043624498273
96560,1738,91942,zip,CA,CA,La Mesa,"San Diego-Chula Vista-Carlsbad, CA",San Diego County,2020-12-31,1917.6782861479887,91942,0,2020,39576,2019,64090,0.607114382091383,40151,7.558870507353599,10.585978152907545,11.068043624498273
96560,1738,91942,zip,CA,CA,La Mesa,"San Diego-Chula Vista-Carlsbad, CA",San Diego County,2021-01-31,1932.7868154464445,91942,0,2021,41885,2021,72145,0.5752948113207547,40863,7.566718186238775,10.64268304658791,11.186433261731356
96560,1738,91942,zip,CA,CA,La Mesa,"San Diego-Chula Vista-Carlsbad, CA",San Diego County,2021-02-28,1947.187836695334,91942,0,2021,41885,2021,72145,0.5752948113207547,40863,7.574141475652195,10.64268304658791,11.186433261731356
96560,1738,91942,zip,CA,CA,La Mesa,"San Diego-Chula Vista-Carlsbad, CA",San Diego County,2021-03-31,1940.0957408759773,91942,0,2021,41885,2021,72145,0.5752948113207547,40863,7.570492601806653,10.64268304658791,11.186433261731356
96560,1738,91942,zip,CA,CA,La Mesa,"San Diego-Chula Vista-Carlsbad, CA",San Diego County,2021-04-30,1962.2821403644184,91942,0,2021,41885,2021,72145,0.5752948113207547,40863,7.581863432215078,10.64268304658791,11.186433261731356
96560,1738,91942,zip,CA,CA,La Mesa,"San Diego-Chula Vista-Carlsbad, CA",San Diego County,2021-05-31,1977.9634185741472,91942,0,2021,41885,2021,72145,0.5752948113207547,40863,7.589823017863078,10.64268304658791,11.186433261731356
96560,1738,91942,zip,CA,CA,La Mesa,"San Diego-Chula Vista-Carlsbad, CA",San Diego County,2021-06-30,2010.7739410253616,91942,0,2021,41885,2021,72145,0.5752948113207547,40863,7.606274972228459,10.64268304658791,11.186433261731356
96560,1738,91942,zip,CA,CA,La Mesa,"San Diego-Chula Vista-Carlsbad, CA",San Diego County,2021-07-31,2027.2835009938333,91942,0,2021,41885,2021,72145,0.5752948113207547,40863,7.614451999027295,10.64268304658791,11.186433261731356
96560,1738,91942,zip,CA,CA,La Mesa,"San Diego-Chula Vista-Carlsbad, CA",San Diego County,2021-08-31,2076.39817899289,91942,0,2021,41885,2021,72145,0.5752948113207547,40863,7.6383900269506135,10.64268304658791,11.186433261731356
96560,1738,91942,zip,CA,CA,La Mesa,"San Diego-Chula Vista-Carlsbad, CA",San Diego County,2021-09-30,2128.0389625597286,91942,0,2021,41885,2021,72145,0.5752948113207547,40863,7.662956159767475,10.64268304658791,11.186433261731356
96560,1738,91942,zip,CA,CA,La Mesa,"San Diego-Chula Vista-Carlsbad, CA",San Diego County,2021-10-31,2171.9202897219934,91942,0,2021,41885,2021,72145,0.5752948113207547,40863,7.683366981357377,10.64268304658791,11.186433261731356
96560,1738,91942,zip,CA,CA,La Mesa,"San Diego-Chula Vista-Carlsbad, CA",San Diego County,2021-11-30,2183.2014537880827,91942,0,2021,41885,2021,72145,0.5752948113207547,40863,7.68854763529171,10.64268304658791,11.186433261731356
96560,1738,91942,zip,CA,CA,La Mesa,"San Diego-Chula Vista-Carlsbad, CA",San Diego County,2021-12-31,2177.1728527996747,91942,0,2021,41885,2021,72145,0.5752948113207547,40863,7.685782457623073,10.64268304658791,11.186433261731356
96560,1738,91942,zip,CA,CA,La Mesa,"San Diego-Chula Vista-Carlsbad, CA",San Diego County,2022-01-31,2219.696918331188,91942,0,2022,42006,2021,72145,0.5752948113207547,40863,7.705125942271935,10.645567744205252,11.186433261731356
96560,1738,91942,zip,CA,CA,La Mesa,"San Diego-Chula Vista-Carlsbad, CA",San Diego County,2022-02-28,2232.343477582397,91942,0,2022,42006,2021,72145,0.5752948113207547,40863,7.710807199467421,10.645567744205252,11.186433261731356
96560,1738,91942,zip,CA,CA,La Mesa,"San Diego-Chula Vista-Carlsbad, CA",San Diego County,2022-03-31,2298.3837141896474,91942,0,2022,42006,2021,72145,0.5752948113207547,40863,7.739961421923672,10.645567744205252,11.186433261731356
96560,1738,91942,zip,CA,CA,La Mesa,"San Diego-Chula Vista-Carlsbad, CA",San Diego County,2022-04-30,2306.5508948895026,91942,0,2022,42006,2021,72145,0.5752948113207547,40863,7.743508568607236,10.645567744205252,11.186433261731356
96560,1738,91942,zip,CA,CA,La Mesa,"San Diego-Chula Vista-Carlsbad, CA",San Diego County,2022-05-31,2372.00561642481,91942,0,2022,42006,2021,72145,0.5752948113207547,40863,7.771491127916166,10.645567744205252,11.186433261731356
96560,1738,91942,zip,CA,CA,La Mesa,"San Diego-Chula Vista-Carlsbad, CA",San Diego County,2022-06-30,2398.200674553887,91942,0,2022,42006,2021,72145,0.5752948113207547,40863,7.78247401622037,10.645567744205252,11.186433261731356
96560,1738,91942,zip,CA,CA,La Mesa,"San Diego-Chula Vista-Carlsbad, CA",San Diego County,2022-07-31,2438.293996766048,91942,0,2022,42006,2021,72145,0.5752948113207547,40863,7.799053892092504,10.645567744205252,11.186433261731356
96560,1738,91942,zip,CA,CA,La Mesa,"San Diego-Chula Vista-Carlsbad, CA",San Diego County,2022-08-31,2474.9149462633018,91942,0,2022,42006,2021,72145,0.5752948113207547,40863,7.813961309266155,10.645567744205252,11.186433261731356
96560,1738,91942,zip,CA,CA,La Mesa,"San Diego-Chula Vista-Carlsbad, CA",San Diego County,2022-09-30,2498.8668690087675,91942,0,2022,42006,2021,72145,0.5752948113207547,40863,7.8235926557098825,10.645567744205252,11.186433261731356
96560,1738,91942,zip,CA,CA,La Mesa,"San Diego-Chula Vista-Carlsbad, CA",San Diego County,2022-10-31,2502.5663541609388,91942,0,2022,42006,2021,72145,0.5752948113207547,40863,7.825072025987081,10.645567744205252,11.186433261731356
96560,1738,91942,zip,CA,CA,La Mesa,"San Diego-Chula Vista-Carlsbad, CA",San Diego County,2022-11-30,2472.5324850414977,91942,0,2022,42006,2021,72145,0.5752948113207547,40863,7.812998201951102,10.645567744205252,11.186433261731356
96560,1738,91942,zip,CA,CA,La Mesa,"San Diego-Chula Vista-Carlsbad, CA",San Diego County,2022-12-31,2456.697592150637,91942,0,2022,42006,2021,72145,0.5752948113207547,40863,7.806573284828429,10.645567744205252,11.186433261731356
96560,1738,91942,zip,CA,CA,La Mesa,"San Diego-Chula Vista-Carlsbad, CA",San Diego County,2023-01-31,2447.1801629948063,91942,0,2023,42376,2023,81262,0.5598293029871977,40920,7.802691686803025,10.654337443224362,11.30543378159424
96560,1738,91942,zip,CA,CA,La Mesa,"San Diego-Chula Vista-Carlsbad, CA",San Diego County,2023-02-28,2433.108969945831,91942,0,2023,42376,2023,81262,0.5598293029871977,40920,7.7969251300854605,10.654337443224362,11.30543378159424
96560,1738,91942,zip,CA,CA,La Mesa,"San Diego-Chula Vista-Carlsbad, CA",San Diego County,2023-03-31,2439.6915312458823,91942,0,2023,42376,2023,81262,0.5598293029871977,40920,7.799626888674821,10.654337443224362,11.30543378159424
96560,1738,91942,zip,CA,CA,La Mesa,"San Diego-Chula Vista-Carlsbad, CA",San Diego County,2023-04-30,2475.971203672314,91942,0,2023,42376,2023,81262,0.5598293029871977,40920,7.814388003556045,10.654337443224362,11.30543378159424
96560,1738,91942,zip,CA,CA,La Mesa,"San Diego-Chula Vista-Carlsbad, CA",San Diego County,2023-05-31,2496.554020153936,91942,0,2023,42376,2023,81262,0.5598293029871977,40920,7.82266666806183,10.654337443224362,11.30543378159424
96560,1738,91942,zip,CA,CA,La Mesa,"San Diego-Chula Vista-Carlsbad, CA",San Diego County,2023-06-30,2527.4885594364428,91942,0,2023,42376,2023,81262,0.5598293029871977,40920,7.83498142444974,10.654337443224362,11.30543378159424
96560,1738,91942,zip,CA,CA,La Mesa,"San Diego-Chula Vista-Carlsbad, CA",San Diego County,2023-07-31,2536.329630871372,91942,0,2023,42376,2023,81262,0.5598293029871977,40920,7.838473287737879,10.654337443224362,11.30543378159424
96560,1738,91942,zip,CA,CA,La Mesa,"San Diego-Chula Vista-Carlsbad, CA",San Diego County,2023-08-31,2573.6300631262134,91942,0,2023,42376,2023,81262,0.5598293029871977,40920,7.853072657208087,10.654337443224362,11.30543378159424
96560,1738,91942,zip,CA,CA,La Mesa,"San Diego-Chula Vista-Carlsbad, CA",San Diego County,2023-09-30,2568.8311577652,91942,0,2023,42376,2023,81262,0.5598293029871977,40920,7.851206272009281,10.654337443224362,11.30543378159424
96560,1738,91942,zip,CA,CA,La Mesa,"San Diego-Chula Vista-Carlsbad, CA",San Diego County,2023-10-31,2552.73059064756,91942,0,2023,42376,2023,81262,0.5598293029871977,40920,7.84491888509563,10.654337443224362,11.30543378159424
96560,1738,91942,zip,CA,CA,La Mesa,"San Diego-Chula Vista-Carlsbad, CA",San Diego County,2023-11-30,2508.878728485224,91942,0,2023,42376,2023,81262,0.5598293029871977,40920,7.827591210596922,10.654337443224362,11.30543378159424
96560,1738,91942,zip,CA,CA,La Mesa,"San Diego-Chula Vista-Carlsbad, CA",San Diego County,2023-12-31,2490.1660614614493,91942,0,2023,42376,2023,81262,0.5598293029871977,40920,7.820104678584964,10.654337443224362,11.30543378159424
96560,1738,91942,zip,CA,CA,La Mesa,"San Diego-Chula Vista-Carlsbad, CA",San Diego County,2024-01-31,2462.668828699602,91942,0,2024,44256,2023,81262,0.5598293029871977,40920,7.8090009305741335,10.697746234464486,11.30543378159424
96560,1738,91942,zip,CA,CA,La Mesa,"San Diego-Chula Vista-Carlsbad, CA",San Diego County,2024-02-29,2471.202795426491,91942,0,2024,44256,2023,81262,0.5598293029871977,40920,7.812460272805776,10.697746234464486,11.30543378159424
96560,1738,91942,zip,CA,CA,La Mesa,"San Diego-Chula Vista-Carlsbad, CA",San Diego County,2024-03-31,2495.3005741791453,91942,0,2024,44256,2023,81262,0.5598293029871977,40920,7.822164471542502,10.697746234464486,11.30543378159424
96560,1738,91942,zip,CA,CA,La Mesa,"San Diego-Chula Vista-Carlsbad, CA",San Diego County,2024-04-30,2524.99074989818,91942,0,2024,44256,2023,81262,0.5598293029871977,40920,7.833992678296089,10.697746234464486,11.30543378159424
96560,1738,91942,zip,CA,CA,La Mesa,"San Diego-Chula Vista-Carlsbad, CA",San Diego County,2024-05-31,2545.5770380355857,91942,0,2024,44256,2023,81262,0.5598293029871977,40920,7.842112637286549,10.697746234464486,11.30543378159424
96560,1738,91942,zip,CA,CA,La Mesa,"San Diego-Chula Vista-Carlsbad, CA",San Diego County,2024-06-30,2540.934852351166,91942,0,2024,44256,2023,81262,0.5598293029871977,40920,7.8402873444047785,10.697746234464486,11.30543378159424
96560,1738,91942,zip,CA,CA,La Mesa,"San Diego-Chula Vista-Carlsbad, CA",San Diego County,2024-07-31,2547.7001199705064,91942,0,2024,44256,2023,81262,0.5598293029871977,40920,7.842946317446502,10.697746234464486,11.30543378159424
96560,1738,91942,zip,CA,CA,La Mesa,"San Diego-Chula Vista-Carlsbad, CA",San Diego County,2024-08-31,2560.7251535127766,91942,0,2024,44256,2023,81262,0.5598293029871977,40920,7.848045760453122,10.697746234464486,11.30543378159424
96560,1738,91942,zip,CA,CA,La Mesa,"San Diego-Chula Vista-Carlsbad, CA",San Diego County,2024-09-30,2562.752519163155,91942,0,2024,44256,2023,81262,0.5598293029871977,40920,7.848837162655187,10.697746234464486,11.30543378159424
96560,1738,91942,zip,CA,CA,La Mesa,"San Diego-Chula Vista-Carlsbad, CA",San Diego County,2024-10-31,2566.851978166761,91942,0,2024,44256,2023,81262,0.5598293029871977,40920,7.850435515853174,10.697746234464486,11.30543378159424
96560,1738,91942,zip,CA,CA,La Mesa,"San Diego-Chula Vista-Carlsbad, CA",San Diego County,2024-11-30,2557.6193835721697,91942,0,2024,44256,2023,81262,0.5598293029871977,40920,7.8468321765299285,10.697746234464486,11.30543378159424
96560,1738,91942,zip,CA,CA,La Mesa,"San Diego-Chula Vista-Carlsbad, CA",San Diego County,2024-12-31,2542.924413329515,91942,0,2024,44256,2023,81262,0.5598293029871977,40920,7.841070041555091,10.697746234464486,11.30543378159424
96581,3914,92008,zip,CA,CA,Carlsbad,"San Diego-Chula Vista-Carlsbad, CA",San Diego County,2015-01-31,1547.719916541217,92008,0,2015,32906,2017,81073,0.5410585545982064,27537,7.3445381053125045,10.401410290946595,11.30310526235444
96581,3914,92008,zip,CA,CA,Carlsbad,"San Diego-Chula Vista-Carlsbad, CA",San Diego County,2015-02-28,1601.105359550902,92008,0,2015,32906,2017,81073,0.5410585545982064,27537,7.3784495194203705,10.401410290946595,11.30310526235444
96581,3914,92008,zip,CA,CA,Carlsbad,"San Diego-Chula Vista-Carlsbad, CA",San Diego County,2015-03-31,1602.8751814503898,92008,0,2015,32906,2017,81073,0.5410585545982064,27537,7.379554283982356,10.401410290946595,11.30310526235444
96581,3914,92008,zip,CA,CA,Carlsbad,"San Diego-Chula Vista-Carlsbad, CA",San Diego County,2015-04-30,1644.2953968480133,92008,0,2015,32906,2017,81073,0.5410585545982064,27537,7.405067241256318,10.401410290946595,11.30310526235444
96581,3914,92008,zip,CA,CA,Carlsbad,"San Diego-Chula Vista-Carlsbad, CA",San Diego County,2015-05-31,1633.5517034960897,92008,0,2015,32906,2017,81073,0.5410585545982064,27537,7.398511882512106,10.401410290946595,11.30310526235444
96581,3914,92008,zip,CA,CA,Carlsbad,"San Diego-Chula Vista-Carlsbad, CA",San Diego County,2015-06-30,1644.216626215226,92008,0,2015,32906,2017,81073,0.5410585545982064,27537,7.405019334706334,10.401410290946595,11.30310526235444
96581,3914,92008,zip,CA,CA,Carlsbad,"San Diego-Chula Vista-Carlsbad, CA",San Diego County,2015-07-31,1668.4507912595195,92008,0,2015,32906,2017,81073,0.5410585545982064,27537,7.419650804954301,10.401410290946595,11.30310526235444
96581,3914,92008,zip,CA,CA,Carlsbad,"San Diego-Chula Vista-Carlsbad, CA",San Diego County,2015-08-31,1663.223009490176,92008,0,2015,32906,2017,81073,0.5410585545982064,27537,7.41651257091791,10.401410290946595,11.30310526235444
96581,3914,92008,zip,CA,CA,Carlsbad,"San Diego-Chula Vista-Carlsbad, CA",San Diego County,2015-09-30,1646.8416978171704,92008,0,2015,32906,2017,81073,0.5410585545982064,27537,7.406614610085982,10.401410290946595,11.30310526235444
96581,3914,92008,zip,CA,CA,Carlsbad,"San Diego-Chula Vista-Carlsbad, CA",San Diego County,2015-10-31,1634.658220532056,92008,0,2015,32906,2017,81073,0.5410585545982064,27537,7.399189022049631,10.401410290946595,11.30310526235444
96581,3914,92008,zip,CA,CA,Carlsbad,"San Diego-Chula Vista-Carlsbad, CA",San Diego County,2015-11-30,1645.1906555464325,92008,0,2015,32906,2017,81073,0.5410585545982064,27537,7.4056115565118095,10.401410290946595,11.30310526235444
96581,3914,92008,zip,CA,CA,Carlsbad,"San Diego-Chula Vista-Carlsbad, CA",San Diego County,2015-12-31,1639.7250982038922,92008,0,2015,32906,2017,81073,0.5410585545982064,27537,7.402283883721524,10.401410290946595,11.30310526235444
96581,3914,92008,zip,CA,CA,Carlsbad,"San Diego-Chula Vista-Carlsbad, CA",San Diego County,2016-01-31,1640.36741274846,92008,0,2016,34979,2017,81073,0.5410585545982064,27537,7.402675527890482,10.462503160399518,11.30310526235444
96581,3914,92008,zip,CA,CA,Carlsbad,"San Diego-Chula Vista-Carlsbad, CA",San Diego County,2016-02-29,1657.3020077202968,92008,0,2016,34979,2017,81073,0.5410585545982064,27537,7.412946262569238,10.462503160399518,11.30310526235444
96581,3914,92008,zip,CA,CA,Carlsbad,"San Diego-Chula Vista-Carlsbad, CA",San Diego County,2016-03-31,1688.005342865163,92008,0,2016,34979,2017,81073,0.5410585545982064,27537,7.431302840355373,10.462503160399518,11.30310526235444
96581,3914,92008,zip,CA,CA,Carlsbad,"San Diego-Chula Vista-Carlsbad, CA",San Diego County,2016-04-30,1730.0696984184108,92008,0,2016,34979,2017,81073,0.5410585545982064,27537,7.455916974783408,10.462503160399518,11.30310526235444
96581,3914,92008,zip,CA,CA,Carlsbad,"San Diego-Chula Vista-Carlsbad, CA",San Diego County,2016-05-31,1749.5116193819033,92008,0,2016,34979,2017,81073,0.5410585545982064,27537,7.4670919533300735,10.462503160399518,11.30310526235444
96581,3914,92008,zip,CA,CA,Carlsbad,"San Diego-Chula Vista-Carlsbad, CA",San Diego County,2016-06-30,1782.225261389444,92008,0,2016,34979,2017,81073,0.5410585545982064,27537,7.4856180093512235,10.462503160399518,11.30310526235444
96581,3914,92008,zip,CA,CA,Carlsbad,"San Diego-Chula Vista-Carlsbad, CA",San Diego County,2016-07-31,1764.0871202677288,92008,0,2016,34979,2017,81073,0.5410585545982064,27537,7.475388623254069,10.462503160399518,11.30310526235444
96581,3914,92008,zip,CA,CA,Carlsbad,"San Diego-Chula Vista-Carlsbad, CA",San Diego County,2016-08-31,1743.067454468958,92008,0,2016,34979,2017,81073,0.5410585545982064,27537,7.463401744982867,10.462503160399518,11.30310526235444
96581,3914,92008,zip,CA,CA,Carlsbad,"San Diego-Chula Vista-Carlsbad, CA",San Diego County,2016-09-30,1739.0235331609374,92008,0,2016,34979,2017,81073,0.5410585545982064,27537,7.461079046845201,10.462503160399518,11.30310526235444
96581,3914,92008,zip,CA,CA,Carlsbad,"San Diego-Chula Vista-Carlsbad, CA",San Diego County,2016-10-31,1706.5860738257882,92008,0,2016,34979,2017,81073,0.5410585545982064,27537,7.44225020588273,10.462503160399518,11.30310526235444
96581,3914,92008,zip,CA,CA,Carlsbad,"San Diego-Chula Vista-Carlsbad, CA",San Diego County,2016-11-30,1718.6876219088026,92008,0,2016,34979,2017,81073,0.5410585545982064,27537,7.44931626804868,10.462503160399518,11.30310526235444
96581,3914,92008,zip,CA,CA,Carlsbad,"San Diego-Chula Vista-Carlsbad, CA",San Diego County,2016-12-31,1722.371048576704,92008,0,2016,34979,2017,81073,0.5410585545982064,27537,7.4514571371401335,10.462503160399518,11.30310526235444
96581,3914,92008,zip,CA,CA,Carlsbad,"San Diego-Chula Vista-Carlsbad, CA",San Diego County,2017-01-31,1768.6863641070215,92008,0,2017,35772,2017,81073,0.5410585545982064,27537,7.477992382854305,10.484920743466072,11.30310526235444
96581,3914,92008,zip,CA,CA,Carlsbad,"San Diego-Chula Vista-Carlsbad, CA",San Diego County,2017-02-28,1785.9733637242684,92008,0,2017,35772,2017,81073,0.5410585545982064,27537,7.4877188473970495,10.484920743466072,11.30310526235444
96581,3914,92008,zip,CA,CA,Carlsbad,"San Diego-Chula Vista-Carlsbad, CA",San Diego County,2017-03-31,1793.7159524127587,92008,0,2017,35772,2017,81073,0.5410585545982064,27537,7.49204469809448,10.484920743466072,11.30310526235444
96581,3914,92008,zip,CA,CA,Carlsbad,"San Diego-Chula Vista-Carlsbad, CA",San Diego County,2017-04-30,1827.3434627803024,92008,0,2017,35772,2017,81073,0.5410585545982064,27537,7.510618531473841,10.484920743466072,11.30310526235444
96581,3914,92008,zip,CA,CA,Carlsbad,"San Diego-Chula Vista-Carlsbad, CA",San Diego County,2017-05-31,1859.1744521561795,92008,0,2017,35772,2017,81073,0.5410585545982064,27537,7.5278878252530355,10.484920743466072,11.30310526235444
96581,3914,92008,zip,CA,CA,Carlsbad,"San Diego-Chula Vista-Carlsbad, CA",San Diego County,2017-06-30,1885.179457335196,92008,0,2017,35772,2017,81073,0.5410585545982064,27537,7.541778298180952,10.484920743466072,11.30310526235444
96581,3914,92008,zip,CA,CA,Carlsbad,"San Diego-Chula Vista-Carlsbad, CA",San Diego County,2017-07-31,1886.404032813636,92008,0,2017,35772,2017,81073,0.5410585545982064,27537,7.542427667616718,10.484920743466072,11.30310526235444
96581,3914,92008,zip,CA,CA,Carlsbad,"San Diego-Chula Vista-Carlsbad, CA",San Diego County,2017-08-31,1876.0505337706768,92008,0,2017,35772,2017,81073,0.5410585545982064,27537,7.536924066181349,10.484920743466072,11.30310526235444
96581,3914,92008,zip,CA,CA,Carlsbad,"San Diego-Chula Vista-Carlsbad, CA",San Diego County,2017-09-30,1864.453055179036,92008,0,2017,35772,2017,81073,0.5410585545982064,27537,7.5307230210659295,10.484920743466072,11.30310526235444
96581,3914,92008,zip,CA,CA,Carlsbad,"San Diego-Chula Vista-Carlsbad, CA",San Diego County,2017-10-31,1874.8728880030667,92008,0,2017,35772,2017,81073,0.5410585545982064,27537,7.536296143041427,10.484920743466072,11.30310526235444
96581,3914,92008,zip,CA,CA,Carlsbad,"San Diego-Chula Vista-Carlsbad, CA",San Diego County,2017-11-30,1868.438917881804,92008,0,2017,35772,2017,81073,0.5410585545982064,27537,7.532858557934573,10.484920743466072,11.30310526235444
96581,3914,92008,zip,CA,CA,Carlsbad,"San Diego-Chula Vista-Carlsbad, CA",San Diego County,2017-12-31,1852.521050810993,92008,0,2017,35772,2017,81073,0.5410585545982064,27537,7.5243027205664035,10.484920743466072,11.30310526235444
96581,3914,92008,zip,CA,CA,Carlsbad,"San Diego-Chula Vista-Carlsbad, CA",San Diego County,2018-01-31,1839.2929379435143,92008,0,2018,37887,2017,81073,0.5410585545982064,27537,7.517136503894512,10.54236332431428,11.30310526235444
96581,3914,92008,zip,CA,CA,Carlsbad,"San Diego-Chula Vista-Carlsbad, CA",San Diego County,2018-02-28,1846.291698702222,92008,0,2018,37887,2017,81073,0.5410585545982064,27537,7.52093441921124,10.54236332431428,11.30310526235444
96581,3914,92008,zip,CA,CA,Carlsbad,"San Diego-Chula Vista-Carlsbad, CA",San Diego County,2018-03-31,1882.2272574650483,92008,0,2018,37887,2017,81073,0.5410585545982064,27537,7.540211066024774,10.54236332431428,11.30310526235444
96581,3914,92008,zip,CA,CA,Carlsbad,"San Diego-Chula Vista-Carlsbad, CA",San Diego County,2018-04-30,1900.455289337187,92008,0,2018,37887,2017,81073,0.5410585545982064,27537,7.549848762415756,10.54236332431428,11.30310526235444
96581,3914,92008,zip,CA,CA,Carlsbad,"San Diego-Chula Vista-Carlsbad, CA",San Diego County,2018-05-31,1924.5516285465228,92008,0,2018,37887,2017,81073,0.5410585545982064,27537,7.5624482993561815,10.54236332431428,11.30310526235444
96581,3914,92008,zip,CA,CA,Carlsbad,"San Diego-Chula Vista-Carlsbad, CA",San Diego County,2018-06-30,1929.002707193072,92008,0,2018,37887,2017,81073,0.5410585545982064,27537,7.564758416322615,10.54236332431428,11.30310526235444
96581,3914,92008,zip,CA,CA,Carlsbad,"San Diego-Chula Vista-Carlsbad, CA",San Diego County,2018-07-31,1941.9168094353004,92008,0,2018,37887,2017,81073,0.5410585545982064,27537,7.571430810361779,10.54236332431428,11.30310526235444
96581,3914,92008,zip,CA,CA,Carlsbad,"San Diego-Chula Vista-Carlsbad, CA",San Diego County,2018-08-31,1953.086549659788,92008,0,2018,37887,2017,81073,0.5410585545982064,27537,7.577166246156795,10.54236332431428,11.30310526235444
96581,3914,92008,zip,CA,CA,Carlsbad,"San Diego-Chula Vista-Carlsbad, CA",San Diego County,2018-09-30,1965.9985075624447,92008,0,2018,37887,2017,81073,0.5410585545982064,27537,7.58375554158294,10.54236332431428,11.30310526235444
96581,3914,92008,zip,CA,CA,Carlsbad,"San Diego-Chula Vista-Carlsbad, CA",San Diego County,2018-10-31,1942.704915116215,92008,0,2018,37887,2017,81073,0.5410585545982064,27537,7.571836567085398,10.54236332431428,11.30310526235444
96581,3914,92008,zip,CA,CA,Carlsbad,"San Diego-Chula Vista-Carlsbad, CA",San Diego County,2018-11-30,1937.4362494159848,92008,0,2018,37887,2017,81073,0.5410585545982064,27537,7.569120857158936,10.54236332431428,11.30310526235444
96581,3914,92008,zip,CA,CA,Carlsbad,"San Diego-Chula Vista-Carlsbad, CA",San Diego County,2018-12-31,1944.213080313654,92008,0,2018,37887,2017,81073,0.5410585545982064,27537,7.5726125882285755,10.54236332431428,11.30310526235444
96581,3914,92008,zip,CA,CA,Carlsbad,"San Diego-Chula Vista-Carlsbad, CA",San Diego County,2019-01-31,1989.8412434454165,92008,0,2019,38736,2019,84671,0.5409923056513664,27151,7.595810137373063,10.56452467917784,11.346528437125219
96581,3914,92008,zip,CA,CA,Carlsbad,"San Diego-Chula Vista-Carlsbad, CA",San Diego County,2019-02-28,2023.572611928156,92008,0,2019,38736,2019,84671,0.5409923056513664,27151,7.612619847995373,10.56452467917784,11.346528437125219
96581,3914,92008,zip,CA,CA,Carlsbad,"San Diego-Chula Vista-Carlsbad, CA",San Diego County,2019-03-31,2027.8140518496343,92008,0,2019,38736,2019,84671,0.5409923056513664,27151,7.6147136700978,10.56452467917784,11.346528437125219
96581,3914,92008,zip,CA,CA,Carlsbad,"San Diego-Chula Vista-Carlsbad, CA",San Diego County,2019-04-30,2017.6725070999944,92008,0,2019,38736,2019,84671,0.5409923056513664,27151,7.609699901866668,10.56452467917784,11.346528437125219
96581,3914,92008,zip,CA,CA,Carlsbad,"San Diego-Chula Vista-Carlsbad, CA",San Diego County,2019-05-31,2007.4758788597896,92008,0,2019,38736,2019,84671,0.5409923056513664,27151,7.604633430236794,10.56452467917784,11.346528437125219
96581,3914,92008,zip,CA,CA,Carlsbad,"San Diego-Chula Vista-Carlsbad, CA",San Diego County,2019-06-30,2008.269141679961,92008,0,2019,38736,2019,84671,0.5409923056513664,27151,7.605028506530948,10.56452467917784,11.346528437125219
96581,3914,92008,zip,CA,CA,Carlsbad,"San Diego-Chula Vista-Carlsbad, CA",San Diego County,2019-07-31,2038.778121360133,92008,0,2019,38736,2019,84671,0.5409923056513664,27151,7.62010594727241,10.56452467917784,11.346528437125219
96581,3914,92008,zip,CA,CA,Carlsbad,"San Diego-Chula Vista-Carlsbad, CA",San Diego County,2019-08-31,2063.2771772465794,92008,0,2019,38736,2019,84671,0.5409923056513664,27151,7.63205086044303,10.56452467917784,11.346528437125219
96581,3914,92008,zip,CA,CA,Carlsbad,"San Diego-Chula Vista-Carlsbad, CA",San Diego County,2019-09-30,2075.777648448736,92008,0,2019,38736,2019,84671,0.5409923056513664,27151,7.6380911327926775,10.56452467917784,11.346528437125219
96581,3914,92008,zip,CA,CA,Carlsbad,"San Diego-Chula Vista-Carlsbad, CA",San Diego County,2019-10-31,2070.1158098166643,92008,0,2019,38736,2019,84671,0.5409923056513664,27151,7.635359831465788,10.56452467917784,11.346528437125219
96581,3914,92008,zip,CA,CA,Carlsbad,"San Diego-Chula Vista-Carlsbad, CA",San Diego County,2019-11-30,2060.590912363208,92008,0,2019,38736,2019,84671,0.5409923056513664,27151,7.630748071311594,10.56452467917784,11.346528437125219
96581,3914,92008,zip,CA,CA,Carlsbad,"San Diego-Chula Vista-Carlsbad, CA",San Diego County,2019-12-31,2040.9241622378447,92008,0,2019,38736,2019,84671,0.5409923056513664,27151,7.621158004960189,10.56452467917784,11.346528437125219
96581,3914,92008,zip,CA,CA,Carlsbad,"San Diego-Chula Vista-Carlsbad, CA",San Diego County,2020-01-31,2047.8971958391955,92008,0,2020,39576,2019,84671,0.5409923056513664,27151,7.624568787555327,10.585978152907545,11.346528437125219
96581,3914,92008,zip,CA,CA,Carlsbad,"San Diego-Chula Vista-Carlsbad, CA",San Diego County,2020-02-29,2051.845581478085,92008,0,2020,39576,2019,84671,0.5409923056513664,27151,7.626494950768043,10.585978152907545,11.346528437125219
96581,3914,92008,zip,CA,CA,Carlsbad,"San Diego-Chula Vista-Carlsbad, CA",San Diego County,2020-03-31,2071.635749748962,92008,0,2020,39576,2019,84671,0.5409923056513664,27151,7.636093791472162,10.585978152907545,11.346528437125219
96581,3914,92008,zip,CA,CA,Carlsbad,"San Diego-Chula Vista-Carlsbad, CA",San Diego County,2020-04-30,2058.6404552238264,92008,0,2020,39576,2019,84671,0.5409923056513664,27151,7.6298010707131345,10.585978152907545,11.346528437125219
96581,3914,92008,zip,CA,CA,Carlsbad,"San Diego-Chula Vista-Carlsbad, CA",San Diego County,2020-05-31,2050.3955319609104,92008,0,2020,39576,2019,84671,0.5409923056513664,27151,7.625787995941415,10.585978152907545,11.346528437125219
96581,3914,92008,zip,CA,CA,Carlsbad,"San Diego-Chula Vista-Carlsbad, CA",San Diego County,2020-06-30,2086.4384225375875,92008,0,2020,39576,2019,84671,0.5409923056513664,27151,7.643213787272884,10.585978152907545,11.346528437125219
96581,3914,92008,zip,CA,CA,Carlsbad,"San Diego-Chula Vista-Carlsbad, CA",San Diego County,2020-07-31,2100.862184173338,92008,0,2020,39576,2019,84671,0.5409923056513664,27151,7.650103103345287,10.585978152907545,11.346528437125219
96581,3914,92008,zip,CA,CA,Carlsbad,"San Diego-Chula Vista-Carlsbad, CA",San Diego County,2020-08-31,2112.1457192180487,92008,0,2020,39576,2019,84671,0.5409923056513664,27151,7.655459638287928,10.585978152907545,11.346528437125219
96581,3914,92008,zip,CA,CA,Carlsbad,"San Diego-Chula Vista-Carlsbad, CA",San Diego County,2020-09-30,2092.044369549335,92008,0,2020,39576,2019,84671,0.5409923056513664,27151,7.645897034113505,10.585978152907545,11.346528437125219
96581,3914,92008,zip,CA,CA,Carlsbad,"San Diego-Chula Vista-Carlsbad, CA",San Diego County,2020-10-31,2112.6794560785142,92008,0,2020,39576,2019,84671,0.5409923056513664,27151,7.655712305246279,10.585978152907545,11.346528437125219
96581,3914,92008,zip,CA,CA,Carlsbad,"San Diego-Chula Vista-Carlsbad, CA",San Diego County,2020-11-30,2120.061954991457,92008,0,2020,39576,2019,84671,0.5409923056513664,27151,7.659200591291618,10.585978152907545,11.346528437125219
96581,3914,92008,zip,CA,CA,Carlsbad,"San Diego-Chula Vista-Carlsbad, CA",San Diego County,2020-12-31,2167.9167429395425,92008,0,2020,39576,2019,84671,0.5409923056513664,27151,7.681521959118971,10.585978152907545,11.346528437125219
96581,3914,92008,zip,CA,CA,Carlsbad,"San Diego-Chula Vista-Carlsbad, CA",San Diego County,2021-01-31,2180.816614292143,92008,0,2021,41885,2021,89502,0.5285571142284569,27742,7.6874546793524186,10.64268304658791,11.402016250381985
96581,3914,92008,zip,CA,CA,Carlsbad,"San Diego-Chula Vista-Carlsbad, CA",San Diego County,2021-02-28,2211.356571503061,92008,0,2021,41885,2021,89502,0.5285571142284569,27742,7.701361439452527,10.64268304658791,11.402016250381985
96581,3914,92008,zip,CA,CA,Carlsbad,"San Diego-Chula Vista-Carlsbad, CA",San Diego County,2021-03-31,2221.130201010769,92008,0,2021,41885,2021,89502,0.5285571142284569,27742,7.7057714448735135,10.64268304658791,11.402016250381985
96581,3914,92008,zip,CA,CA,Carlsbad,"San Diego-Chula Vista-Carlsbad, CA",San Diego County,2021-04-30,2256.669858984269,92008,0,2021,41885,2021,89502,0.5285571142284569,27742,7.721645491853578,10.64268304658791,11.402016250381985
96581,3914,92008,zip,CA,CA,Carlsbad,"San Diego-Chula Vista-Carlsbad, CA",San Diego County,2021-05-31,2301.609015758184,92008,0,2021,41885,2021,89502,0.5285571142284569,27742,7.7413637293995405,10.64268304658791,11.402016250381985
96581,3914,92008,zip,CA,CA,Carlsbad,"San Diego-Chula Vista-Carlsbad, CA",San Diego County,2021-06-30,2331.26770106362,92008,0,2021,41885,2021,89502,0.5285571142284569,27742,7.754167476312841,10.64268304658791,11.402016250381985
96581,3914,92008,zip,CA,CA,Carlsbad,"San Diego-Chula Vista-Carlsbad, CA",San Diego County,2021-07-31,2392.4017225419784,92008,0,2021,41885,2021,89502,0.5285571142284569,27742,7.780053045175985,10.64268304658791,11.402016250381985
96581,3914,92008,zip,CA,CA,Carlsbad,"San Diego-Chula Vista-Carlsbad, CA",San Diego County,2021-08-31,2454.31894631581,92008,0,2021,41885,2021,89502,0.5285571142284569,27742,7.805604586799334,10.64268304658791,11.402016250381985
96581,3914,92008,zip,CA,CA,Carlsbad,"San Diego-Chula Vista-Carlsbad, CA",San Diego County,2021-09-30,2529.15496403292,92008,0,2021,41885,2021,89502,0.5285571142284569,27742,7.835640519617935,10.64268304658791,11.402016250381985
96581,3914,92008,zip,CA,CA,Carlsbad,"San Diego-Chula Vista-Carlsbad, CA",San Diego County,2021-10-31,2556.050612577629,92008,0,2021,41885,2021,89502,0.5285571142284569,27742,7.846218616779325,10.64268304658791,11.402016250381985
96581,3914,92008,zip,CA,CA,Carlsbad,"San Diego-Chula Vista-Carlsbad, CA",San Diego County,2021-11-30,2549.36692206648,92008,0,2021,41885,2021,89502,0.5285571142284569,27742,7.84360034147312,10.64268304658791,11.402016250381985
96581,3914,92008,zip,CA,CA,Carlsbad,"San Diego-Chula Vista-Carlsbad, CA",San Diego County,2021-12-31,2553.724112676769,92008,0,2021,41885,2021,89502,0.5285571142284569,27742,7.8453080090963185,10.64268304658791,11.402016250381985
96581,3914,92008,zip,CA,CA,Carlsbad,"San Diego-Chula Vista-Carlsbad, CA",San Diego County,2022-01-31,2572.0994929543235,92008,0,2022,42006,2021,89502,0.5285571142284569,27742,7.85247776771755,10.645567744205252,11.402016250381985
96581,3914,92008,zip,CA,CA,Carlsbad,"San Diego-Chula Vista-Carlsbad, CA",San Diego County,2022-02-28,2610.4869465894453,92008,0,2022,42006,2021,89502,0.5285571142284569,27742,7.867292052489301,10.645567744205252,11.402016250381985
96581,3914,92008,zip,CA,CA,Carlsbad,"San Diego-Chula Vista-Carlsbad, CA",San Diego County,2022-03-31,2613.995034001931,92008,0,2022,42006,2021,89502,0.5285571142284569,27742,7.868634994412635,10.645567744205252,11.402016250381985
96581,3914,92008,zip,CA,CA,Carlsbad,"San Diego-Chula Vista-Carlsbad, CA",San Diego County,2022-04-30,2646.364385177277,92008,0,2022,42006,2021,89502,0.5285571142284569,27742,7.880942046900724,10.645567744205252,11.402016250381985
96581,3914,92008,zip,CA,CA,Carlsbad,"San Diego-Chula Vista-Carlsbad, CA",San Diego County,2022-05-31,2698.899721806586,92008,0,2022,42006,2021,89502,0.5285571142284569,27742,7.900599458495471,10.645567744205252,11.402016250381985
96581,3914,92008,zip,CA,CA,Carlsbad,"San Diego-Chula Vista-Carlsbad, CA",San Diego County,2022-06-30,2753.616435035095,92008,0,2022,42006,2021,89502,0.5285571142284569,27742,7.92067039400247,10.645567744205252,11.402016250381985
96581,3914,92008,zip,CA,CA,Carlsbad,"San Diego-Chula Vista-Carlsbad, CA",San Diego County,2022-07-31,2776.2874059298424,92008,0,2022,42006,2021,89502,0.5285571142284569,27742,7.928869848663063,10.645567744205252,11.402016250381985
96581,3914,92008,zip,CA,CA,Carlsbad,"San Diego-Chula Vista-Carlsbad, CA",San Diego County,2022-08-31,2776.318436353263,92008,0,2022,42006,2021,89502,0.5285571142284569,27742,7.9288810255498445,10.645567744205252,11.402016250381985
96581,3914,92008,zip,CA,CA,Carlsbad,"San Diego-Chula Vista-Carlsbad, CA",San Diego County,2022-09-30,2748.281111561966,92008,0,2022,42006,2021,89502,0.5285571142284569,27742,7.9187309448941114,10.645567744205252,11.402016250381985
96581,3914,92008,zip,CA,CA,Carlsbad,"San Diego-Chula Vista-Carlsbad, CA",San Diego County,2022-10-31,2738.789206709875,92008,0,2022,42006,2021,89502,0.5285571142284569,27742,7.915271206356229,10.645567744205252,11.402016250381985
96581,3914,92008,zip,CA,CA,Carlsbad,"San Diego-Chula Vista-Carlsbad, CA",San Diego County,2022-11-30,2703.249695594915,92008,0,2022,42006,2021,89502,0.5285571142284569,27742,7.902209919218562,10.645567744205252,11.402016250381985
96581,3914,92008,zip,CA,CA,Carlsbad,"San Diego-Chula Vista-Carlsbad, CA",San Diego County,2022-12-31,2729.80037491554,92008,0,2022,42006,2021,89502,0.5285571142284569,27742,7.911983762763847,10.645567744205252,11.402016250381985
96581,3914,92008,zip,CA,CA,Carlsbad,"San Diego-Chula Vista-Carlsbad, CA",San Diego County,2023-01-31,2725.3384986658084,92008,0,2023,42376,2023,105371,0.4977992212629084,27707,7.9103479190765915,10.654337443224362,11.565242734915817
96581,3914,92008,zip,CA,CA,Carlsbad,"San Diego-Chula Vista-Carlsbad, CA",San Diego County,2023-02-28,2775.1045412286308,92008,0,2023,42376,2023,105371,0.4977992212629084,27707,7.928443697985766,10.654337443224362,11.565242734915817
96581,3914,92008,zip,CA,CA,Carlsbad,"San Diego-Chula Vista-Carlsbad, CA",San Diego County,2023-03-31,2778.946719289314,92008,0,2023,42376,2023,105371,0.4977992212629084,27707,7.929827256938813,10.654337443224362,11.565242734915817
96581,3914,92008,zip,CA,CA,Carlsbad,"San Diego-Chula Vista-Carlsbad, CA",San Diego County,2023-04-30,2809.9601558504937,92008,0,2023,42376,2023,105371,0.4977992212629084,27707,7.940925582814627,10.654337443224362,11.565242734915817
96581,3914,92008,zip,CA,CA,Carlsbad,"San Diego-Chula Vista-Carlsbad, CA",San Diego County,2023-05-31,2826.8333324304363,92008,0,2023,42376,2023,105371,0.4977992212629084,27707,7.946912400324382,10.654337443224362,11.565242734915817
96581,3914,92008,zip,CA,CA,Carlsbad,"San Diego-Chula Vista-Carlsbad, CA",San Diego County,2023-06-30,2864.3447303870853,92008,0,2023,42376,2023,105371,0.4977992212629084,27707,7.960094887592307,10.654337443224362,11.565242734915817
96581,3914,92008,zip,CA,CA,Carlsbad,"San Diego-Chula Vista-Carlsbad, CA",San Diego County,2023-07-31,2902.033548299424,92008,0,2023,42376,2023,105371,0.4977992212629084,27707,7.97316699378373,10.654337443224362,11.565242734915817
96581,3914,92008,zip,CA,CA,Carlsbad,"San Diego-Chula Vista-Carlsbad, CA",San Diego County,2023-08-31,2945.6992838887827,92008,0,2023,42376,2023,105371,0.4977992212629084,27707,7.988101515739404,10.654337443224362,11.565242734915817
96581,3914,92008,zip,CA,CA,Carlsbad,"San Diego-Chula Vista-Carlsbad, CA",San Diego County,2023-09-30,2970.6443235273805,92008,0,2023,42376,2023,105371,0.4977992212629084,27707,7.996534152216423,10.654337443224362,11.565242734915817
96581,3914,92008,zip,CA,CA,Carlsbad,"San Diego-Chula Vista-Carlsbad, CA",San Diego County,2023-10-31,2937.4142078652103,92008,0,2023,42376,2023,105371,0.4977992212629084,27707,7.985284952192796,10.654337443224362,11.565242734915817
96581,3914,92008,zip,CA,CA,Carlsbad,"San Diego-Chula Vista-Carlsbad, CA",San Diego County,2023-11-30,2919.6179673234046,92008,0,2023,42376,2023,105371,0.4977992212629084,27707,7.9792080535945065,10.654337443224362,11.565242734915817
96581,3914,92008,zip,CA,CA,Carlsbad,"San Diego-Chula Vista-Carlsbad, CA",San Diego County,2023-12-31,2894.0087006121234,92008,0,2023,42376,2023,105371,0.4977992212629084,27707,7.970397913618189,10.654337443224362,11.565242734915817
96581,3914,92008,zip,CA,CA,Carlsbad,"San Diego-Chula Vista-Carlsbad, CA",San Diego County,2024-01-31,2909.3442243226395,92008,0,2024,44256,2023,105371,0.4977992212629084,27707,7.975682982303409,10.697746234464486,11.565242734915817
96581,3914,92008,zip,CA,CA,Carlsbad,"San Diego-Chula Vista-Carlsbad, CA",San Diego County,2024-02-29,2899.0130464876006,92008,0,2024,44256,2023,105371,0.4977992212629084,27707,7.972125629252198,10.697746234464486,11.565242734915817
96581,3914,92008,zip,CA,CA,Carlsbad,"San Diego-Chula Vista-Carlsbad, CA",San Diego County,2024-03-31,2923.005405450392,92008,0,2024,44256,2023,105371,0.4977992212629084,27707,7.9803676143912305,10.697746234464486,11.565242734915817
96581,3914,92008,zip,CA,CA,Carlsbad,"San Diego-Chula Vista-Carlsbad, CA",San Diego County,2024-04-30,2911.04808939582,92008,0,2024,44256,2023,105371,0.4977992212629084,27707,7.976268463497807,10.697746234464486,11.565242734915817
96581,3914,92008,zip,CA,CA,Carlsbad,"San Diego-Chula Vista-Carlsbad, CA",San Diego County,2024-05-31,2919.513534165877,92008,0,2024,44256,2023,105371,0.4977992212629084,27707,7.979172283494959,10.697746234464486,11.565242734915817
96581,3914,92008,zip,CA,CA,Carlsbad,"San Diego-Chula Vista-Carlsbad, CA",San Diego County,2024-06-30,2932.676398339334,92008,0,2024,44256,2023,105371,0.4977992212629084,27707,7.9836707316049065,10.697746234464486,11.565242734915817
96581,3914,92008,zip,CA,CA,Carlsbad,"San Diego-Chula Vista-Carlsbad, CA",San Diego County,2024-07-31,2970.980475327269,92008,0,2024,44256,2023,105371,0.4977992212629084,27707,7.996647303689842,10.697746234464486,11.565242734915817
96581,3914,92008,zip,CA,CA,Carlsbad,"San Diego-Chula Vista-Carlsbad, CA",San Diego County,2024-08-31,2981.0770254006943,92008,0,2024,44256,2023,105371,0.4977992212629084,27707,8.000039932123421,10.697746234464486,11.565242734915817
96581,3914,92008,zip,CA,CA,Carlsbad,"San Diego-Chula Vista-Carlsbad, CA",San Diego County,2024-09-30,2980.149068230615,92008,0,2024,44256,2023,105371,0.4977992212629084,27707,7.999728601144526,10.697746234464486,11.565242734915817
96581,3914,92008,zip,CA,CA,Carlsbad,"San Diego-Chula Vista-Carlsbad, CA",San Diego County,2024-10-31,2961.717604819541,92008,0,2024,44256,2023,105371,0.4977992212629084,27707,7.993524650923962,10.697746234464486,11.565242734915817
96581,3914,92008,zip,CA,CA,Carlsbad,"San Diego-Chula Vista-Carlsbad, CA",San Diego County,2024-11-30,2966.955823104938,92008,0,2024,44256,2023,105371,0.4977992212629084,27707,7.995291730764718,10.697746234464486,11.565242734915817
96581,3914,92008,zip,CA,CA,Carlsbad,"San Diego-Chula Vista-Carlsbad, CA",San Diego County,2024-12-31,2963.9204264331115,92008,0,2024,44256,2023,105371,0.4977992212629084,27707,7.994268139373113,10.697746234464486,11.565242734915817
96584,5214,92011,zip,CA,CA,Carlsbad,"San Diego-Chula Vista-Carlsbad, CA",San Diego County,2015-04-30,2141.23577921642,92011,0,2015,32906,2017,110505,0.3347116200169635,24895,7.669138408269595,10.401410290946595,11.612816047785024
96584,5214,92011,zip,CA,CA,Carlsbad,"San Diego-Chula Vista-Carlsbad, CA",San Diego County,2015-05-31,2159.7691709077985,92011,0,2015,32906,2017,110505,0.3347116200169635,24895,7.6777566296472415,10.401410290946595,11.612816047785024
96584,5214,92011,zip,CA,CA,Carlsbad,"San Diego-Chula Vista-Carlsbad, CA",San Diego County,2015-06-30,2188.979388669906,92011,0,2015,32906,2017,110505,0.3347116200169635,24895,7.691190681612798,10.401410290946595,11.612816047785024
96584,5214,92011,zip,CA,CA,Carlsbad,"San Diego-Chula Vista-Carlsbad, CA",San Diego County,2015-07-31,2212.514615242547,92011,0,2015,32906,2017,110505,0.3347116200169635,24895,7.701884982619609,10.401410290946595,11.612816047785024
96584,5214,92011,zip,CA,CA,Carlsbad,"San Diego-Chula Vista-Carlsbad, CA",San Diego County,2015-08-31,2220.9335707756304,92011,0,2015,32906,2017,110505,0.3347116200169635,24895,7.705682913845879,10.401410290946595,11.612816047785024
96584,5214,92011,zip,CA,CA,Carlsbad,"San Diego-Chula Vista-Carlsbad, CA",San Diego County,2015-09-30,2238.545244385165,92011,0,2015,32906,2017,110505,0.3347116200169635,24895,7.7135814893977654,10.401410290946595,11.612816047785024
96584,5214,92011,zip,CA,CA,Carlsbad,"San Diego-Chula Vista-Carlsbad, CA",San Diego County,2015-10-31,2229.556143280043,92011,0,2015,32906,2017,110505,0.3347116200169635,24895,7.7095578057554235,10.401410290946595,11.612816047785024
96584,5214,92011,zip,CA,CA,Carlsbad,"San Diego-Chula Vista-Carlsbad, CA",San Diego County,2015-11-30,2203.85760059134,92011,0,2015,32906,2017,110505,0.3347116200169635,24895,7.697964558653459,10.401410290946595,11.612816047785024
96584,5214,92011,zip,CA,CA,Carlsbad,"San Diego-Chula Vista-Carlsbad, CA",San Diego County,2015-12-31,2181.8216504756188,92011,0,2015,32906,2017,110505,0.3347116200169635,24895,7.687915426331774,10.401410290946595,11.612816047785024
96584,5214,92011,zip,CA,CA,Carlsbad,"San Diego-Chula Vista-Carlsbad, CA",San Diego County,2016-01-31,2192.1508033747004,92011,0,2016,34979,2017,110505,0.3347116200169635,24895,7.692638442861481,10.462503160399518,11.612816047785024
96584,5214,92011,zip,CA,CA,Carlsbad,"San Diego-Chula Vista-Carlsbad, CA",San Diego County,2016-02-29,2216.516429081267,92011,0,2016,34979,2017,110505,0.3347116200169635,24895,7.703692066330554,10.462503160399518,11.612816047785024
96584,5214,92011,zip,CA,CA,Carlsbad,"San Diego-Chula Vista-Carlsbad, CA",San Diego County,2016-03-31,2230.866917393001,92011,0,2016,34979,2017,110505,0.3347116200169635,24895,7.710145541103779,10.462503160399518,11.612816047785024
96584,5214,92011,zip,CA,CA,Carlsbad,"San Diego-Chula Vista-Carlsbad, CA",San Diego County,2016-04-30,2235.579446285433,92011,0,2016,34979,2017,110505,0.3347116200169635,24895,7.712255733528549,10.462503160399518,11.612816047785024
96584,5214,92011,zip,CA,CA,Carlsbad,"San Diego-Chula Vista-Carlsbad, CA",San Diego County,2016-05-31,2246.711806492095,92011,0,2016,34979,2017,110505,0.3347116200169635,24895,7.717223006946831,10.462503160399518,11.612816047785024
96584,5214,92011,zip,CA,CA,Carlsbad,"San Diego-Chula Vista-Carlsbad, CA",San Diego County,2016-06-30,2269.234192568019,92011,0,2016,34979,2017,110505,0.3347116200169635,24895,7.727197693454533,10.462503160399518,11.612816047785024
96584,5214,92011,zip,CA,CA,Carlsbad,"San Diego-Chula Vista-Carlsbad, CA",San Diego County,2016-07-31,2281.6408628547915,92011,0,2016,34979,2017,110505,0.3347116200169635,24895,7.732650139796096,10.462503160399518,11.612816047785024
96584,5214,92011,zip,CA,CA,Carlsbad,"San Diego-Chula Vista-Carlsbad, CA",San Diego County,2016-08-31,2264.547446897386,92011,0,2016,34979,2017,110505,0.3347116200169635,24895,7.725130215259606,10.462503160399518,11.612816047785024
96584,5214,92011,zip,CA,CA,Carlsbad,"San Diego-Chula Vista-Carlsbad, CA",San Diego County,2016-09-30,2275.750858554936,92011,0,2016,34979,2017,110505,0.3347116200169635,24895,7.7300653246477395,10.462503160399518,11.612816047785024
96584,5214,92011,zip,CA,CA,Carlsbad,"San Diego-Chula Vista-Carlsbad, CA",San Diego County,2016-10-31,2266.267398335824,92011,0,2016,34979,2017,110505,0.3347116200169635,24895,7.725889439187225,10.462503160399518,11.612816047785024
96584,5214,92011,zip,CA,CA,Carlsbad,"San Diego-Chula Vista-Carlsbad, CA",San Diego County,2016-11-30,2308.926668707153,92011,0,2016,34979,2017,110505,0.3347116200169635,24895,7.744538049953312,10.462503160399518,11.612816047785024
96584,5214,92011,zip,CA,CA,Carlsbad,"San Diego-Chula Vista-Carlsbad, CA",San Diego County,2016-12-31,2318.8382607167537,92011,0,2016,34979,2017,110505,0.3347116200169635,24895,7.748821589552304,10.462503160399518,11.612816047785024
96584,5214,92011,zip,CA,CA,Carlsbad,"San Diego-Chula Vista-Carlsbad, CA",San Diego County,2017-01-31,2354.97347111058,92011,0,2017,35772,2017,110505,0.3347116200169635,24895,7.764284741465871,10.484920743466072,11.612816047785024
96584,5214,92011,zip,CA,CA,Carlsbad,"San Diego-Chula Vista-Carlsbad, CA",San Diego County,2017-02-28,2368.530750317072,92011,0,2017,35772,2017,110505,0.3347116200169635,24895,7.770025105313968,10.484920743466072,11.612816047785024
96584,5214,92011,zip,CA,CA,Carlsbad,"San Diego-Chula Vista-Carlsbad, CA",San Diego County,2017-03-31,2406.2566184844186,92011,0,2017,35772,2017,110505,0.3347116200169635,24895,7.785827548571291,10.484920743466072,11.612816047785024
96584,5214,92011,zip,CA,CA,Carlsbad,"San Diego-Chula Vista-Carlsbad, CA",San Diego County,2017-04-30,2416.371894733432,92011,0,2017,35772,2017,110505,0.3347116200169635,24895,7.790022477148042,10.484920743466072,11.612816047785024
96584,5214,92011,zip,CA,CA,Carlsbad,"San Diego-Chula Vista-Carlsbad, CA",San Diego County,2017-05-31,2427.203464562801,92011,0,2017,35772,2017,110505,0.3347116200169635,24895,7.794495035983988,10.484920743466072,11.612816047785024
96584,5214,92011,zip,CA,CA,Carlsbad,"San Diego-Chula Vista-Carlsbad, CA",San Diego County,2017-06-30,2386.438659857146,92011,0,2017,35772,2017,110505,0.3347116200169635,24895,7.77755743314355,10.484920743466072,11.612816047785024
96584,5214,92011,zip,CA,CA,Carlsbad,"San Diego-Chula Vista-Carlsbad, CA",San Diego County,2017-07-31,2396.742619447309,92011,0,2017,35772,2017,110505,0.3347116200169635,24895,7.781865852552055,10.484920743466072,11.612816047785024
96584,5214,92011,zip,CA,CA,Carlsbad,"San Diego-Chula Vista-Carlsbad, CA",San Diego County,2017-08-31,2426.89382263245,92011,0,2017,35772,2017,110505,0.3347116200169635,24895,7.7943674563693035,10.484920743466072,11.612816047785024
96584,5214,92011,zip,CA,CA,Carlsbad,"San Diego-Chula Vista-Carlsbad, CA",San Diego County,2017-09-30,2449.8288002533222,92011,0,2017,35772,2017,110505,0.3347116200169635,24895,7.803773423649607,10.484920743466072,11.612816047785024
96584,5214,92011,zip,CA,CA,Carlsbad,"San Diego-Chula Vista-Carlsbad, CA",San Diego County,2017-10-31,2501.2307711470794,92011,0,2017,35772,2017,110505,0.3347116200169635,24895,7.824538198171073,10.484920743466072,11.612816047785024
96584,5214,92011,zip,CA,CA,Carlsbad,"San Diego-Chula Vista-Carlsbad, CA",San Diego County,2017-11-30,2496.2446016226054,92011,0,2017,35772,2017,110505,0.3347116200169635,24895,7.8225427221328365,10.484920743466072,11.612816047785024
96584,5214,92011,zip,CA,CA,Carlsbad,"San Diego-Chula Vista-Carlsbad, CA",San Diego County,2017-12-31,2517.893404507733,92011,0,2017,35772,2017,110505,0.3347116200169635,24895,7.831177880311756,10.484920743466072,11.612816047785024
96584,5214,92011,zip,CA,CA,Carlsbad,"San Diego-Chula Vista-Carlsbad, CA",San Diego County,2018-01-31,2473.756091766332,92011,0,2018,37887,2017,110505,0.3347116200169635,24895,7.813492959477192,10.54236332431428,11.612816047785024
96584,5214,92011,zip,CA,CA,Carlsbad,"San Diego-Chula Vista-Carlsbad, CA",San Diego County,2018-02-28,2472.649967449921,92011,0,2018,37887,2017,110505,0.3347116200169635,24895,7.81304571583338,10.54236332431428,11.612816047785024
96584,5214,92011,zip,CA,CA,Carlsbad,"San Diego-Chula Vista-Carlsbad, CA",San Diego County,2018-03-31,2491.0287790336183,92011,0,2018,37887,2017,110505,0.3347116200169635,24895,7.820451068400428,10.54236332431428,11.612816047785024
96584,5214,92011,zip,CA,CA,Carlsbad,"San Diego-Chula Vista-Carlsbad, CA",San Diego County,2018-04-30,2531.817617934084,92011,0,2018,37887,2017,110505,0.3347116200169635,24895,7.836692749838002,10.54236332431428,11.612816047785024
96584,5214,92011,zip,CA,CA,Carlsbad,"San Diego-Chula Vista-Carlsbad, CA",San Diego County,2018-05-31,2572.330672098181,92011,0,2018,37887,2017,110505,0.3347116200169635,24895,7.852567643228189,10.54236332431428,11.612816047785024
96584,5214,92011,zip,CA,CA,Carlsbad,"San Diego-Chula Vista-Carlsbad, CA",San Diego County,2018-06-30,2566.036701256679,92011,0,2018,37887,2017,110505,0.3347116200169635,24895,7.85011784797925,10.54236332431428,11.612816047785024
96584,5214,92011,zip,CA,CA,Carlsbad,"San Diego-Chula Vista-Carlsbad, CA",San Diego County,2018-07-31,2556.5823521312363,92011,0,2018,37887,2017,110505,0.3347116200169635,24895,7.846426626843491,10.54236332431428,11.612816047785024
96584,5214,92011,zip,CA,CA,Carlsbad,"San Diego-Chula Vista-Carlsbad, CA",San Diego County,2018-08-31,2534.7475029256834,92011,0,2018,37887,2017,110505,0.3347116200169635,24895,7.8378493066958725,10.54236332431428,11.612816047785024
96584,5214,92011,zip,CA,CA,Carlsbad,"San Diego-Chula Vista-Carlsbad, CA",San Diego County,2018-09-30,2567.959135094073,92011,0,2018,37887,2017,110505,0.3347116200169635,24895,7.850866751557875,10.54236332431428,11.612816047785024
96584,5214,92011,zip,CA,CA,Carlsbad,"San Diego-Chula Vista-Carlsbad, CA",San Diego County,2018-10-31,2563.365246869146,92011,0,2018,37887,2017,110505,0.3347116200169635,24895,7.8490762237680505,10.54236332431428,11.612816047785024
96584,5214,92011,zip,CA,CA,Carlsbad,"San Diego-Chula Vista-Carlsbad, CA",San Diego County,2018-11-30,2584.5896476765947,92011,0,2018,37887,2017,110505,0.3347116200169635,24895,7.857322030696006,10.54236332431428,11.612816047785024
96584,5214,92011,zip,CA,CA,Carlsbad,"San Diego-Chula Vista-Carlsbad, CA",San Diego County,2018-12-31,2519.042559935609,92011,0,2018,37887,2017,110505,0.3347116200169635,24895,7.831634171777809,10.54236332431428,11.612816047785024
96584,5214,92011,zip,CA,CA,Carlsbad,"San Diego-Chula Vista-Carlsbad, CA",San Diego County,2019-01-31,2524.2133385132006,92011,0,2019,38736,2019,116382,0.3334748010610079,24144,7.833684744064273,10.56452467917784,11.664633163146346
96584,5214,92011,zip,CA,CA,Carlsbad,"San Diego-Chula Vista-Carlsbad, CA",San Diego County,2019-02-28,2527.8141954333605,92011,0,2019,38736,2019,116382,0.3334748010610079,24144,7.835110253923723,10.56452467917784,11.664633163146346
96584,5214,92011,zip,CA,CA,Carlsbad,"San Diego-Chula Vista-Carlsbad, CA",San Diego County,2019-03-31,2577.5577989693325,92011,0,2019,38736,2019,116382,0.3334748010610079,24144,7.854597640070082,10.56452467917784,11.664633163146346
96584,5214,92011,zip,CA,CA,Carlsbad,"San Diego-Chula Vista-Carlsbad, CA",San Diego County,2019-04-30,2607.878628548864,92011,0,2019,38736,2019,116382,0.3334748010610079,24144,7.8662923838305066,10.56452467917784,11.664633163146346
96584,5214,92011,zip,CA,CA,Carlsbad,"San Diego-Chula Vista-Carlsbad, CA",San Diego County,2019-05-31,2640.9139473295536,92011,0,2019,38736,2019,116382,0.3334748010610079,24144,7.878880328399965,10.56452467917784,11.664633163146346
96584,5214,92011,zip,CA,CA,Carlsbad,"San Diego-Chula Vista-Carlsbad, CA",San Diego County,2019-06-30,2617.698878173914,92011,0,2019,38736,2019,116382,0.3334748010610079,24144,7.870050920058501,10.56452467917784,11.664633163146346
96584,5214,92011,zip,CA,CA,Carlsbad,"San Diego-Chula Vista-Carlsbad, CA",San Diego County,2019-07-31,2610.1355511811257,92011,0,2019,38736,2019,116382,0.3334748010610079,24144,7.867157434286586,10.56452467917784,11.664633163146346
96584,5214,92011,zip,CA,CA,Carlsbad,"San Diego-Chula Vista-Carlsbad, CA",San Diego County,2019-08-31,2600.873075639771,92011,0,2019,38736,2019,116382,0.3334748010610079,24144,7.863602465964924,10.56452467917784,11.664633163146346
96584,5214,92011,zip,CA,CA,Carlsbad,"San Diego-Chula Vista-Carlsbad, CA",San Diego County,2019-09-30,2632.299616119786,92011,0,2019,38736,2019,116382,0.3334748010610079,24144,7.875613121878165,10.56452467917784,11.664633163146346
96584,5214,92011,zip,CA,CA,Carlsbad,"San Diego-Chula Vista-Carlsbad, CA",San Diego County,2019-10-31,2651.1539122081936,92011,0,2019,38736,2019,116382,0.3334748010610079,24144,7.882750262773535,10.56452467917784,11.664633163146346
96584,5214,92011,zip,CA,CA,Carlsbad,"San Diego-Chula Vista-Carlsbad, CA",San Diego County,2019-11-30,2679.5244697516223,92011,0,2019,38736,2019,116382,0.3334748010610079,24144,7.893394621101313,10.56452467917784,11.664633163146346
96584,5214,92011,zip,CA,CA,Carlsbad,"San Diego-Chula Vista-Carlsbad, CA",San Diego County,2019-12-31,2689.6969501608123,92011,0,2019,38736,2019,116382,0.3334748010610079,24144,7.897183808316719,10.56452467917784,11.664633163146346
96584,5214,92011,zip,CA,CA,Carlsbad,"San Diego-Chula Vista-Carlsbad, CA",San Diego County,2020-01-31,2667.381013595125,92011,0,2020,39576,2019,116382,0.3334748010610079,24144,7.888852376218568,10.585978152907545,11.664633163146346
96584,5214,92011,zip,CA,CA,Carlsbad,"San Diego-Chula Vista-Carlsbad, CA",San Diego County,2020-02-29,2657.6533615450453,92011,0,2020,39576,2019,116382,0.3334748010610079,24144,7.885198817504927,10.585978152907545,11.664633163146346
96584,5214,92011,zip,CA,CA,Carlsbad,"San Diego-Chula Vista-Carlsbad, CA",San Diego County,2020-03-31,2673.39368060214,92011,0,2020,39576,2019,116382,0.3334748010610079,24144,7.89110398572899,10.585978152907545,11.664633163146346
96584,5214,92011,zip,CA,CA,Carlsbad,"San Diego-Chula Vista-Carlsbad, CA",San Diego County,2020-04-30,2691.6035124409327,92011,0,2020,39576,2019,116382,0.3334748010610079,24144,7.897892396277248,10.585978152907545,11.664633163146346
96584,5214,92011,zip,CA,CA,Carlsbad,"San Diego-Chula Vista-Carlsbad, CA",San Diego County,2020-05-31,2688.0572509644344,92011,0,2020,39576,2019,116382,0.3334748010610079,24144,7.896574000138114,10.585978152907545,11.664633163146346
96584,5214,92011,zip,CA,CA,Carlsbad,"San Diego-Chula Vista-Carlsbad, CA",San Diego County,2020-06-30,2688.550524463164,92011,0,2020,39576,2019,116382,0.3334748010610079,24144,7.896757488880724,10.585978152907545,11.664633163146346
96584,5214,92011,zip,CA,CA,Carlsbad,"San Diego-Chula Vista-Carlsbad, CA",San Diego County,2020-07-31,2684.201664427509,92011,0,2020,39576,2019,116382,0.3334748010610079,24144,7.895138631046781,10.585978152907545,11.664633163146346
96584,5214,92011,zip,CA,CA,Carlsbad,"San Diego-Chula Vista-Carlsbad, CA",San Diego County,2020-08-31,2712.1656238008904,92011,0,2020,39576,2019,116382,0.3334748010610079,24144,7.905502717918588,10.585978152907545,11.664633163146346
96584,5214,92011,zip,CA,CA,Carlsbad,"San Diego-Chula Vista-Carlsbad, CA",San Diego County,2020-09-30,2750.793142655105,92011,0,2020,39576,2019,116382,0.3334748010610079,24144,7.919644564587806,10.585978152907545,11.664633163146346
96584,5214,92011,zip,CA,CA,Carlsbad,"San Diego-Chula Vista-Carlsbad, CA",San Diego County,2020-11-30,3009.18110785818,92011,0,2020,39576,2019,116382,0.3334748010610079,24144,8.009423263538677,10.585978152907545,11.664633163146346
96584,5214,92011,zip,CA,CA,Carlsbad,"San Diego-Chula Vista-Carlsbad, CA",San Diego County,2020-12-31,3040.4036151351543,92011,0,2020,39576,2019,116382,0.3334748010610079,24144,8.019745553723922,10.585978152907545,11.664633163146346
96584,5214,92011,zip,CA,CA,Carlsbad,"San Diego-Chula Vista-Carlsbad, CA",San Diego County,2021-01-31,2932.381268333412,92011,0,2021,41885,2021,121353,0.380515093941313,24518,7.983570091501111,10.64268304658791,11.70645893272803
96584,5214,92011,zip,CA,CA,Carlsbad,"San Diego-Chula Vista-Carlsbad, CA",San Diego County,2021-02-28,2888.032165376605,92011,0,2021,41885,2021,121353,0.380515093941313,24518,7.9683306375464715,10.64268304658791,11.70645893272803
96584,5214,92011,zip,CA,CA,Carlsbad,"San Diego-Chula Vista-Carlsbad, CA",San Diego County,2021-03-31,2896.996049945423,92011,0,2021,41885,2021,121353,0.380515093941313,24518,7.9714296342701205,10.64268304658791,11.70645893272803
96584,5214,92011,zip,CA,CA,Carlsbad,"San Diego-Chula Vista-Carlsbad, CA",San Diego County,2021-04-30,2947.7175869724824,92011,0,2021,41885,2021,121353,0.380515093941313,24518,7.988786450542705,10.64268304658791,11.70645893272803
96584,5214,92011,zip,CA,CA,Carlsbad,"San Diego-Chula Vista-Carlsbad, CA",San Diego County,2021-05-31,3002.669190247049,92011,0,2021,41885,2021,121353,0.380515093941313,24518,8.007256902157406,10.64268304658791,11.70645893272803
96584,5214,92011,zip,CA,CA,Carlsbad,"San Diego-Chula Vista-Carlsbad, CA",San Diego County,2021-06-30,3052.939798922711,92011,0,2021,41885,2021,121353,0.380515093941313,24518,8.023860273877741,10.64268304658791,11.70645893272803
96584,5214,92011,zip,CA,CA,Carlsbad,"San Diego-Chula Vista-Carlsbad, CA",San Diego County,2021-07-31,3145.760397772877,92011,0,2021,41885,2021,121353,0.380515093941313,24518,8.053810919806478,10.64268304658791,11.70645893272803
96584,5214,92011,zip,CA,CA,Carlsbad,"San Diego-Chula Vista-Carlsbad, CA",San Diego County,2021-08-31,3257.18971692822,92011,0,2021,41885,2021,121353,0.380515093941313,24518,8.088620052559937,10.64268304658791,11.70645893272803
96584,5214,92011,zip,CA,CA,Carlsbad,"San Diego-Chula Vista-Carlsbad, CA",San Diego County,2021-09-30,3357.757055923629,92011,0,2021,41885,2021,121353,0.380515093941313,24518,8.119028487171425,10.64268304658791,11.70645893272803
96584,5214,92011,zip,CA,CA,Carlsbad,"San Diego-Chula Vista-Carlsbad, CA",San Diego County,2021-10-31,3336.232088059128,92011,0,2021,41885,2021,121353,0.380515093941313,24518,8.112597331819833,10.64268304658791,11.70645893272803
96584,5214,92011,zip,CA,CA,Carlsbad,"San Diego-Chula Vista-Carlsbad, CA",San Diego County,2021-11-30,3295.5333016067784,92011,0,2021,41885,2021,121353,0.380515093941313,24518,8.100323285617495,10.64268304658791,11.70645893272803
96584,5214,92011,zip,CA,CA,Carlsbad,"San Diego-Chula Vista-Carlsbad, CA",San Diego County,2021-12-31,3254.5655733171616,92011,0,2021,41885,2021,121353,0.380515093941313,24518,8.087814081316811,10.64268304658791,11.70645893272803
96584,5214,92011,zip,CA,CA,Carlsbad,"San Diego-Chula Vista-Carlsbad, CA",San Diego County,2022-01-31,3287.183504291286,92011,0,2022,42006,2021,121353,0.380515093941313,24518,8.097786399392605,10.645567744205252,11.70645893272803
96584,5214,92011,zip,CA,CA,Carlsbad,"San Diego-Chula Vista-Carlsbad, CA",San Diego County,2022-02-28,3374.166991016287,92011,0,2022,42006,2021,121353,0.380515093941313,24518,8.123903755365529,10.645567744205252,11.70645893272803
96584,5214,92011,zip,CA,CA,Carlsbad,"San Diego-Chula Vista-Carlsbad, CA",San Diego County,2022-03-31,3466.2892785915496,92011,0,2022,42006,2021,121353,0.380515093941313,24518,8.150839928590717,10.645567744205252,11.70645893272803
96584,5214,92011,zip,CA,CA,Carlsbad,"San Diego-Chula Vista-Carlsbad, CA",San Diego County,2022-04-30,3562.7334156362813,92011,0,2022,42006,2021,121353,0.380515093941313,24518,8.178283342609157,10.645567744205252,11.70645893272803
96584,5214,92011,zip,CA,CA,Carlsbad,"San Diego-Chula Vista-Carlsbad, CA",San Diego County,2022-05-31,3560.9964647842417,92011,0,2022,42006,2021,121353,0.380515093941313,24518,8.177795690518016,10.645567744205252,11.70645893272803
96584,5214,92011,zip,CA,CA,Carlsbad,"San Diego-Chula Vista-Carlsbad, CA",San Diego County,2022-06-30,3591.298434559325,92011,0,2022,42006,2021,121353,0.380515093941313,24518,8.186269097027287,10.645567744205252,11.70645893272803
96584,5214,92011,zip,CA,CA,Carlsbad,"San Diego-Chula Vista-Carlsbad, CA",San Diego County,2022-07-31,3627.02343944106,92011,0,2022,42006,2021,121353,0.380515093941313,24518,8.196167601749217,10.645567744205252,11.70645893272803
96584,5214,92011,zip,CA,CA,Carlsbad,"San Diego-Chula Vista-Carlsbad, CA",San Diego County,2022-08-31,3698.1117686659086,92011,0,2022,42006,2021,121353,0.380515093941313,24518,8.215577635575217,10.645567744205252,11.70645893272803
96584,5214,92011,zip,CA,CA,Carlsbad,"San Diego-Chula Vista-Carlsbad, CA",San Diego County,2022-09-30,3699.447689245729,92011,0,2022,42006,2021,121353,0.380515093941313,24518,8.215938814313136,10.645567744205252,11.70645893272803
96584,5214,92011,zip,CA,CA,Carlsbad,"San Diego-Chula Vista-Carlsbad, CA",San Diego County,2022-10-31,3683.396570291429,92011,0,2022,42006,2021,121353,0.380515093941313,24518,8.211590586535326,10.645567744205252,11.70645893272803
96584,5214,92011,zip,CA,CA,Carlsbad,"San Diego-Chula Vista-Carlsbad, CA",San Diego County,2022-11-30,3591.662301739881,92011,0,2022,42006,2021,121353,0.380515093941313,24518,8.18637041101026,10.645567744205252,11.70645893272803
96584,5214,92011,zip,CA,CA,Carlsbad,"San Diego-Chula Vista-Carlsbad, CA",San Diego County,2022-12-31,3578.923495051297,92011,0,2022,42006,2021,121353,0.380515093941313,24518,8.182817334469183,10.645567744205252,11.70645893272803
96584,5214,92011,zip,CA,CA,Carlsbad,"San Diego-Chula Vista-Carlsbad, CA",San Diego County,2023-01-31,3584.1512371682834,92011,0,2023,42376,2023,154985,0.3590556344955732,23715,8.18427697107513,10.654337443224362,11.951083617024912
96584,5214,92011,zip,CA,CA,Carlsbad,"San Diego-Chula Vista-Carlsbad, CA",San Diego County,2023-02-28,3635.373352823983,92011,0,2023,42376,2023,154985,0.3590556344955732,23715,8.198467095236301,10.654337443224362,11.951083617024912
96584,5214,92011,zip,CA,CA,Carlsbad,"San Diego-Chula Vista-Carlsbad, CA",San Diego County,2023-03-31,3669.21531863757,92011,0,2023,42376,2023,154985,0.3590556344955732,23715,8.207733108552537,10.654337443224362,11.951083617024912
96584,5214,92011,zip,CA,CA,Carlsbad,"San Diego-Chula Vista-Carlsbad, CA",San Diego County,2023-04-30,3693.152227658056,92011,0,2023,42376,2023,154985,0.3590556344955732,23715,8.214235634598213,10.654337443224362,11.951083617024912
96584,5214,92011,zip,CA,CA,Carlsbad,"San Diego-Chula Vista-Carlsbad, CA",San Diego County,2023-05-31,3753.511639886182,92011,0,2023,42376,2023,154985,0.3590556344955732,23715,8.23044711808356,10.654337443224362,11.951083617024912
96584,5214,92011,zip,CA,CA,Carlsbad,"San Diego-Chula Vista-Carlsbad, CA",San Diego County,2023-06-30,3777.736792741176,92011,0,2023,42376,2023,154985,0.3590556344955732,23715,8.23688037722295,10.654337443224362,11.951083617024912
96584,5214,92011,zip,CA,CA,Carlsbad,"San Diego-Chula Vista-Carlsbad, CA",San Diego County,2023-07-31,3770.39370196791,92011,0,2023,42376,2023,154985,0.3590556344955732,23715,8.234934705219814,10.654337443224362,11.951083617024912
96584,5214,92011,zip,CA,CA,Carlsbad,"San Diego-Chula Vista-Carlsbad, CA",San Diego County,2023-08-31,3768.986926547892,92011,0,2023,42376,2023,154985,0.3590556344955732,23715,8.234561524581865,10.654337443224362,11.951083617024912
96584,5214,92011,zip,CA,CA,Carlsbad,"San Diego-Chula Vista-Carlsbad, CA",San Diego County,2023-09-30,3787.060582093785,92011,0,2023,42376,2023,154985,0.3590556344955732,23715,8.23934542515799,10.654337443224362,11.951083617024912
96584,5214,92011,zip,CA,CA,Carlsbad,"San Diego-Chula Vista-Carlsbad, CA",San Diego County,2023-10-31,3768.758683163696,92011,0,2023,42376,2023,154985,0.3590556344955732,23715,8.234500964463209,10.654337443224362,11.951083617024912
96584,5214,92011,zip,CA,CA,Carlsbad,"San Diego-Chula Vista-Carlsbad, CA",San Diego County,2023-11-30,3732.171778075299,92011,0,2023,42376,2023,154985,0.3590556344955732,23715,8.224745589331137,10.654337443224362,11.951083617024912
96584,5214,92011,zip,CA,CA,Carlsbad,"San Diego-Chula Vista-Carlsbad, CA",San Diego County,2023-12-31,3686.929098990684,92011,0,2023,42376,2023,154985,0.3590556344955732,23715,8.212549168049431,10.654337443224362,11.951083617024912
96584,5214,92011,zip,CA,CA,Carlsbad,"San Diego-Chula Vista-Carlsbad, CA",San Diego County,2024-01-31,3708.0404970149,92011,0,2024,44256,2023,154985,0.3590556344955732,23715,8.21825884815116,10.697746234464486,11.951083617024912
96584,5214,92011,zip,CA,CA,Carlsbad,"San Diego-Chula Vista-Carlsbad, CA",San Diego County,2024-02-29,3761.438862907607,92011,0,2024,44256,2023,154985,0.3590556344955732,23715,8.232556839487252,10.697746234464486,11.951083617024912
96584,5214,92011,zip,CA,CA,Carlsbad,"San Diego-Chula Vista-Carlsbad, CA",San Diego County,2024-03-31,3788.0314123602175,92011,0,2024,44256,2023,154985,0.3590556344955732,23715,8.23960174686932,10.697746234464486,11.951083617024912
96584,5214,92011,zip,CA,CA,Carlsbad,"San Diego-Chula Vista-Carlsbad, CA",San Diego County,2024-04-30,3788.80237289507,92011,0,2024,44256,2023,154985,0.3590556344955732,23715,8.23980525154142,10.697746234464486,11.951083617024912
96584,5214,92011,zip,CA,CA,Carlsbad,"San Diego-Chula Vista-Carlsbad, CA",San Diego County,2024-05-31,3811.983494027539,92011,0,2024,44256,2023,154985,0.3590556344955732,23715,8.24590493476145,10.697746234464486,11.951083617024912
96584,5214,92011,zip,CA,CA,Carlsbad,"San Diego-Chula Vista-Carlsbad, CA",San Diego County,2024-06-30,3850.8688641120366,92011,0,2024,44256,2023,154985,0.3590556344955732,23715,8.256054080810296,10.697746234464486,11.951083617024912
96584,5214,92011,zip,CA,CA,Carlsbad,"San Diego-Chula Vista-Carlsbad, CA",San Diego County,2024-07-31,3880.810550968929,92011,0,2024,44256,2023,154985,0.3590556344955732,23715,8.263799315688631,10.697746234464486,11.951083617024912
96584,5214,92011,zip,CA,CA,Carlsbad,"San Diego-Chula Vista-Carlsbad, CA",San Diego County,2024-08-31,3864.3691865060646,92011,0,2024,44256,2023,154985,0.3590556344955732,23715,8.259553735930286,10.697746234464486,11.951083617024912
96584,5214,92011,zip,CA,CA,Carlsbad,"San Diego-Chula Vista-Carlsbad, CA",San Diego County,2024-09-30,3876.054889125034,92011,0,2024,44256,2023,154985,0.3590556344955732,23715,8.262573134191355,10.697746234464486,11.951083617024912
96584,5214,92011,zip,CA,CA,Carlsbad,"San Diego-Chula Vista-Carlsbad, CA",San Diego County,2024-10-31,3849.4820438413662,92011,0,2024,44256,2023,154985,0.3590556344955732,23715,8.255693884164133,10.697746234464486,11.951083617024912
96584,5214,92011,zip,CA,CA,Carlsbad,"San Diego-Chula Vista-Carlsbad, CA",San Diego County,2024-11-30,3814.3885206363134,92011,0,2024,44256,2023,154985,0.3590556344955732,23715,8.246535647945615,10.697746234464486,11.951083617024912
96584,5214,92011,zip,CA,CA,Carlsbad,"San Diego-Chula Vista-Carlsbad, CA",San Diego County,2024-12-31,3782.338431131957,92011,0,2024,44256,2023,154985,0.3590556344955732,23715,8.238097729913976,10.697746234464486,11.951083617024912
96589,396,92020,zip,CA,CA,El Cajon,"San Diego-Chula Vista-Carlsbad, CA",San Diego County,2016-05-31,1229.8563657894838,92020,0,2016,34979,2017,52264,0.6099622086920008,58862,7.114652665766734,10.462503160399518,10.864063076520587
96589,396,92020,zip,CA,CA,El Cajon,"San Diego-Chula Vista-Carlsbad, CA",San Diego County,2016-06-30,1223.0786757443177,92020,0,2016,34979,2017,52264,0.6099622086920008,58862,7.109126463744258,10.462503160399518,10.864063076520587
96589,396,92020,zip,CA,CA,El Cajon,"San Diego-Chula Vista-Carlsbad, CA",San Diego County,2016-07-31,1249.6455440625425,92020,0,2016,34979,2017,52264,0.6099622086920008,58862,7.130615225334295,10.462503160399518,10.864063076520587
96589,396,92020,zip,CA,CA,El Cajon,"San Diego-Chula Vista-Carlsbad, CA",San Diego County,2016-08-31,1273.9677652975608,92020,0,2016,34979,2017,52264,0.6099622086920008,58862,7.149891533847771,10.462503160399518,10.864063076520587
96589,396,92020,zip,CA,CA,El Cajon,"San Diego-Chula Vista-Carlsbad, CA",San Diego County,2016-09-30,1306.7527437041745,92020,0,2016,34979,2017,52264,0.6099622086920008,58862,7.175300517230524,10.462503160399518,10.864063076520587
96589,396,92020,zip,CA,CA,El Cajon,"San Diego-Chula Vista-Carlsbad, CA",San Diego County,2016-10-31,1336.0552352774976,92020,0,2016,34979,2017,52264,0.6099622086920008,58862,7.197476697012543,10.462503160399518,10.864063076520587
96589,396,92020,zip,CA,CA,El Cajon,"San Diego-Chula Vista-Carlsbad, CA",San Diego County,2016-11-30,1313.926965314757,92020,0,2016,34979,2017,52264,0.6099622086920008,58862,7.180775615547582,10.462503160399518,10.864063076520587
96589,396,92020,zip,CA,CA,El Cajon,"San Diego-Chula Vista-Carlsbad, CA",San Diego County,2016-12-31,1306.3176582786466,92020,0,2016,34979,2017,52264,0.6099622086920008,58862,7.174967510183168,10.462503160399518,10.864063076520587
96589,396,92020,zip,CA,CA,El Cajon,"San Diego-Chula Vista-Carlsbad, CA",San Diego County,2017-01-31,1292.27668640626,92020,0,2017,35772,2017,52264,0.6099622086920008,58862,7.164160814980162,10.484920743466072,10.864063076520587
96589,396,92020,zip,CA,CA,El Cajon,"San Diego-Chula Vista-Carlsbad, CA",San Diego County,2017-02-28,1313.776553867864,92020,0,2017,35772,2017,52264,0.6099622086920008,58862,7.180661134255489,10.484920743466072,10.864063076520587
96589,396,92020,zip,CA,CA,El Cajon,"San Diego-Chula Vista-Carlsbad, CA",San Diego County,2017-03-31,1314.9010478523442,92020,0,2017,35772,2017,52264,0.6099622086920008,58862,7.181516692999046,10.484920743466072,10.864063076520587
96589,396,92020,zip,CA,CA,El Cajon,"San Diego-Chula Vista-Carlsbad, CA",San Diego County,2017-04-30,1320.689722178593,92020,0,2017,35772,2017,52264,0.6099622086920008,58862,7.185909395918011,10.484920743466072,10.864063076520587
96589,396,92020,zip,CA,CA,El Cajon,"San Diego-Chula Vista-Carlsbad, CA",San Diego County,2017-05-31,1342.046265071257,92020,0,2017,35772,2017,52264,0.6099622086920008,58862,7.201950791655165,10.484920743466072,10.864063076520587
96589,396,92020,zip,CA,CA,El Cajon,"San Diego-Chula Vista-Carlsbad, CA",San Diego County,2017-06-30,1341.9839868523188,92020,0,2017,35772,2017,52264,0.6099622086920008,58862,7.201904385159631,10.484920743466072,10.864063076520587
96589,396,92020,zip,CA,CA,El Cajon,"San Diego-Chula Vista-Carlsbad, CA",San Diego County,2017-07-31,1400.515724728667,92020,0,2017,35772,2017,52264,0.6099622086920008,58862,7.2445958225762,10.484920743466072,10.864063076520587
96589,396,92020,zip,CA,CA,El Cajon,"San Diego-Chula Vista-Carlsbad, CA",San Diego County,2017-08-31,1409.1644897474166,92020,0,2017,35772,2017,52264,0.6099622086920008,58862,7.250752247276052,10.484920743466072,10.864063076520587
96589,396,92020,zip,CA,CA,El Cajon,"San Diego-Chula Vista-Carlsbad, CA",San Diego County,2017-09-30,1440.149664868302,92020,0,2017,35772,2017,52264,0.6099622086920008,58862,7.27250232110561,10.484920743466072,10.864063076520587
96589,396,92020,zip,CA,CA,El Cajon,"San Diego-Chula Vista-Carlsbad, CA",San Diego County,2017-10-31,1401.786647082474,92020,0,2017,35772,2017,52264,0.6099622086920008,58862,7.24550287846976,10.484920743466072,10.864063076520587
96589,396,92020,zip,CA,CA,El Cajon,"San Diego-Chula Vista-Carlsbad, CA",San Diego County,2017-11-30,1394.7025554389977,92020,0,2017,35772,2017,52264,0.6099622086920008,58862,7.240436449612915,10.484920743466072,10.864063076520587
96589,396,92020,zip,CA,CA,El Cajon,"San Diego-Chula Vista-Carlsbad, CA",San Diego County,2017-12-31,1387.3551508495889,92020,0,2017,35772,2017,52264,0.6099622086920008,58862,7.2351544443868905,10.484920743466072,10.864063076520587
96589,396,92020,zip,CA,CA,El Cajon,"San Diego-Chula Vista-Carlsbad, CA",San Diego County,2018-01-31,1401.91898222829,92020,0,2018,37887,2017,52264,0.6099622086920008,58862,7.245597278641113,10.54236332431428,10.864063076520587
96589,396,92020,zip,CA,CA,El Cajon,"San Diego-Chula Vista-Carlsbad, CA",San Diego County,2018-02-28,1413.9783697179605,92020,0,2018,37887,2017,52264,0.6099622086920008,58862,7.254162549110349,10.54236332431428,10.864063076520587
96589,396,92020,zip,CA,CA,El Cajon,"San Diego-Chula Vista-Carlsbad, CA",San Diego County,2018-03-31,1438.4011021913154,92020,0,2018,37887,2017,52264,0.6099622086920008,58862,7.2712874299791,10.54236332431428,10.864063076520587
96589,396,92020,zip,CA,CA,El Cajon,"San Diego-Chula Vista-Carlsbad, CA",San Diego County,2018-04-30,1430.0245682121745,92020,0,2018,37887,2017,52264,0.6099622086920008,58862,7.265446903674323,10.54236332431428,10.864063076520587
96589,396,92020,zip,CA,CA,El Cajon,"San Diego-Chula Vista-Carlsbad, CA",San Diego County,2018-05-31,1439.4884999763656,92020,0,2018,37887,2017,52264,0.6099622086920008,58862,7.272043121118871,10.54236332431428,10.864063076520587
96589,396,92020,zip,CA,CA,El Cajon,"San Diego-Chula Vista-Carlsbad, CA",San Diego County,2018-06-30,1450.7036738151137,92020,0,2018,37887,2017,52264,0.6099622086920008,58862,7.279804009984687,10.54236332431428,10.864063076520587
96589,396,92020,zip,CA,CA,El Cajon,"San Diego-Chula Vista-Carlsbad, CA",San Diego County,2018-07-31,1464.325302849675,92020,0,2018,37887,2017,52264,0.6099622086920008,58862,7.289149871238234,10.54236332431428,10.864063076520587
96589,396,92020,zip,CA,CA,El Cajon,"San Diego-Chula Vista-Carlsbad, CA",San Diego County,2018-08-31,1472.4110309395944,92020,0,2018,37887,2017,52264,0.6099622086920008,58862,7.294656493285818,10.54236332431428,10.864063076520587
96589,396,92020,zip,CA,CA,El Cajon,"San Diego-Chula Vista-Carlsbad, CA",San Diego County,2018-09-30,1474.4435897819892,92020,0,2018,37887,2017,52264,0.6099622086920008,58862,7.296035970339369,10.54236332431428,10.864063076520587
96589,396,92020,zip,CA,CA,El Cajon,"San Diego-Chula Vista-Carlsbad, CA",San Diego County,2018-10-31,1495.7100232083435,92020,0,2018,37887,2017,52264,0.6099622086920008,58862,7.310356304992258,10.54236332431428,10.864063076520587
96589,396,92020,zip,CA,CA,El Cajon,"San Diego-Chula Vista-Carlsbad, CA",San Diego County,2018-11-30,1481.7956555039434,92020,0,2018,37887,2017,52264,0.6099622086920008,58862,7.30100991207378,10.54236332431428,10.864063076520587
96589,396,92020,zip,CA,CA,El Cajon,"San Diego-Chula Vista-Carlsbad, CA",San Diego County,2018-12-31,1465.2749258233357,92020,0,2018,37887,2017,52264,0.6099622086920008,58862,7.2897981665227745,10.54236332431428,10.864063076520587
96589,396,92020,zip,CA,CA,El Cajon,"San Diego-Chula Vista-Carlsbad, CA",San Diego County,2019-01-31,1455.876564044614,92020,0,2019,38736,2019,59151,0.5975799750727047,59743,7.283363447720935,10.56452467917784,10.987848775434378
96589,396,92020,zip,CA,CA,El Cajon,"San Diego-Chula Vista-Carlsbad, CA",San Diego County,2019-02-28,1470.2391140616733,92020,0,2019,38736,2019,59151,0.5975799750727047,59743,7.29318032917164,10.56452467917784,10.987848775434378
96589,396,92020,zip,CA,CA,El Cajon,"San Diego-Chula Vista-Carlsbad, CA",San Diego County,2019-03-31,1475.5446900122977,92020,0,2019,38736,2019,59151,0.5975799750727047,59743,7.296782481970609,10.56452467917784,10.987848775434378
96589,396,92020,zip,CA,CA,El Cajon,"San Diego-Chula Vista-Carlsbad, CA",San Diego County,2019-04-30,1475.0269664678049,92020,0,2019,38736,2019,59151,0.5975799750727047,59743,7.296431550957855,10.56452467917784,10.987848775434378
96589,396,92020,zip,CA,CA,El Cajon,"San Diego-Chula Vista-Carlsbad, CA",San Diego County,2019-05-31,1486.3232562527578,92020,0,2019,38736,2019,59151,0.5975799750727047,59743,7.304060736110924,10.56452467917784,10.987848775434378
96589,396,92020,zip,CA,CA,El Cajon,"San Diego-Chula Vista-Carlsbad, CA",San Diego County,2019-06-30,1509.538311707188,92020,0,2019,38736,2019,59151,0.5975799750727047,59743,7.319559129220437,10.56452467917784,10.987848775434378
96589,396,92020,zip,CA,CA,El Cajon,"San Diego-Chula Vista-Carlsbad, CA",San Diego County,2019-07-31,1524.3447260150022,92020,0,2019,38736,2019,59151,0.5975799750727047,59743,7.3293199088402154,10.56452467917784,10.987848775434378
96589,396,92020,zip,CA,CA,El Cajon,"San Diego-Chula Vista-Carlsbad, CA",San Diego County,2019-08-31,1537.088119878856,92020,0,2019,38736,2019,59151,0.5975799750727047,59743,7.3376450742821815,10.56452467917784,10.987848775434378
96589,396,92020,zip,CA,CA,El Cajon,"San Diego-Chula Vista-Carlsbad, CA",San Diego County,2019-09-30,1525.0303723164964,92020,0,2019,38736,2019,59151,0.5975799750727047,59743,7.329769605116298,10.56452467917784,10.987848775434378
96589,396,92020,zip,CA,CA,El Cajon,"San Diego-Chula Vista-Carlsbad, CA",San Diego County,2019-10-31,1513.5554947502128,92020,0,2019,38736,2019,59151,0.5975799750727047,59743,7.322216794291201,10.56452467917784,10.987848775434378
96589,396,92020,zip,CA,CA,El Cajon,"San Diego-Chula Vista-Carlsbad, CA",San Diego County,2019-11-30,1512.2285647635983,92020,0,2019,38736,2019,59151,0.5975799750727047,59743,7.321339712486565,10.56452467917784,10.987848775434378
96589,396,92020,zip,CA,CA,El Cajon,"San Diego-Chula Vista-Carlsbad, CA",San Diego County,2019-12-31,1523.3215820392288,92020,0,2019,38736,2019,59151,0.5975799750727047,59743,7.3286484809929435,10.56452467917784,10.987848775434378
96589,396,92020,zip,CA,CA,El Cajon,"San Diego-Chula Vista-Carlsbad, CA",San Diego County,2020-01-31,1519.7049761223377,92020,0,2020,39576,2019,59151,0.5975799750727047,59743,7.32627150034516,10.585978152907545,10.987848775434378
96589,396,92020,zip,CA,CA,El Cajon,"San Diego-Chula Vista-Carlsbad, CA",San Diego County,2020-02-29,1512.2514365041636,92020,0,2020,39576,2019,59151,0.5975799750727047,59743,7.321354836898402,10.585978152907545,10.987848775434378
96589,396,92020,zip,CA,CA,El Cajon,"San Diego-Chula Vista-Carlsbad, CA",San Diego County,2020-03-31,1512.9310299406466,92020,0,2020,39576,2019,59151,0.5975799750727047,59743,7.321804127779499,10.585978152907545,10.987848775434378
96589,396,92020,zip,CA,CA,El Cajon,"San Diego-Chula Vista-Carlsbad, CA",San Diego County,2020-04-30,1539.1431528005344,92020,0,2020,39576,2019,59151,0.5975799750727047,59743,7.338981146277568,10.585978152907545,10.987848775434378
96589,396,92020,zip,CA,CA,El Cajon,"San Diego-Chula Vista-Carlsbad, CA",San Diego County,2020-05-31,1536.8634751282095,92020,0,2020,39576,2019,59151,0.5975799750727047,59743,7.337498914042436,10.585978152907545,10.987848775434378
96589,396,92020,zip,CA,CA,El Cajon,"San Diego-Chula Vista-Carlsbad, CA",San Diego County,2020-06-30,1546.4422374729809,92020,0,2020,39576,2019,59151,0.5975799750727047,59743,7.343712240941306,10.585978152907545,10.987848775434378
96589,396,92020,zip,CA,CA,El Cajon,"San Diego-Chula Vista-Carlsbad, CA",San Diego County,2020-07-31,1556.8767803330936,92020,0,2020,39576,2019,59151,0.5975799750727047,59743,7.350437029545678,10.585978152907545,10.987848775434378
96589,396,92020,zip,CA,CA,El Cajon,"San Diego-Chula Vista-Carlsbad, CA",San Diego County,2020-08-31,1564.854360323872,92020,0,2020,39576,2019,59151,0.5975799750727047,59743,7.355548038147928,10.585978152907545,10.987848775434378
96589,396,92020,zip,CA,CA,El Cajon,"San Diego-Chula Vista-Carlsbad, CA",San Diego County,2020-09-30,1568.5722526562763,92020,0,2020,39576,2019,59151,0.5975799750727047,59743,7.357921091380924,10.585978152907545,10.987848775434378
96589,396,92020,zip,CA,CA,El Cajon,"San Diego-Chula Vista-Carlsbad, CA",San Diego County,2020-10-31,1573.0530123849298,92020,0,2020,39576,2019,59151,0.5975799750727047,59743,7.360773603942991,10.585978152907545,10.987848775434378
96589,396,92020,zip,CA,CA,El Cajon,"San Diego-Chula Vista-Carlsbad, CA",San Diego County,2020-11-30,1592.7844421191255,92020,0,2020,39576,2019,59151,0.5975799750727047,59743,7.373238985072402,10.585978152907545,10.987848775434378
96589,396,92020,zip,CA,CA,El Cajon,"San Diego-Chula Vista-Carlsbad, CA",San Diego County,2020-12-31,1592.3079253768444,92020,0,2020,39576,2019,59151,0.5975799750727047,59743,7.372939768163844,10.585978152907545,10.987848775434378
96589,396,92020,zip,CA,CA,El Cajon,"San Diego-Chula Vista-Carlsbad, CA",San Diego County,2021-01-31,1596.5655424529923,92020,0,2021,41885,2021,64691,0.5792368855328299,60222,7.375610065150543,10.64268304658791,11.077377367258327
96589,396,92020,zip,CA,CA,El Cajon,"San Diego-Chula Vista-Carlsbad, CA",San Diego County,2021-02-28,1595.6236331993198,92020,0,2021,41885,2021,64691,0.5792368855328299,60222,7.3750199314027105,10.64268304658791,11.077377367258327
96589,396,92020,zip,CA,CA,El Cajon,"San Diego-Chula Vista-Carlsbad, CA",San Diego County,2021-03-31,1625.9160687788149,92020,0,2021,41885,2021,64691,0.5792368855328299,60222,7.393826670558279,10.64268304658791,11.077377367258327
96589,396,92020,zip,CA,CA,El Cajon,"San Diego-Chula Vista-Carlsbad, CA",San Diego County,2021-04-30,1629.9392881941767,92020,0,2021,41885,2021,64691,0.5792368855328299,60222,7.396298046600499,10.64268304658791,11.077377367258327
96589,396,92020,zip,CA,CA,El Cajon,"San Diego-Chula Vista-Carlsbad, CA",San Diego County,2021-05-31,1661.0431748483186,92020,0,2021,41885,2021,64691,0.5792368855328299,60222,7.41520110256164,10.64268304658791,11.077377367258327
96589,396,92020,zip,CA,CA,El Cajon,"San Diego-Chula Vista-Carlsbad, CA",San Diego County,2021-06-30,1675.0126307791795,92020,0,2021,41885,2021,64691,0.5792368855328299,60222,7.423575984994424,10.64268304658791,11.077377367258327
96589,396,92020,zip,CA,CA,El Cajon,"San Diego-Chula Vista-Carlsbad, CA",San Diego County,2021-07-31,1717.830818166232,92020,0,2021,41885,2021,64691,0.5792368855328299,60222,7.448817621656835,10.64268304658791,11.077377367258327
96589,396,92020,zip,CA,CA,El Cajon,"San Diego-Chula Vista-Carlsbad, CA",San Diego County,2021-08-31,1745.2613879776795,92020,0,2021,41885,2021,64691,0.5792368855328299,60222,7.464659615956098,10.64268304658791,11.077377367258327
96589,396,92020,zip,CA,CA,El Cajon,"San Diego-Chula Vista-Carlsbad, CA",San Diego County,2021-09-30,1783.810189873221,92020,0,2021,41885,2021,64691,0.5792368855328299,60222,7.486506911668544,10.64268304658791,11.077377367258327
96589,396,92020,zip,CA,CA,El Cajon,"San Diego-Chula Vista-Carlsbad, CA",San Diego County,2021-10-31,1791.2980936183908,92020,0,2021,41885,2021,64691,0.5792368855328299,60222,7.490695827975746,10.64268304658791,11.077377367258327
96589,396,92020,zip,CA,CA,El Cajon,"San Diego-Chula Vista-Carlsbad, CA",San Diego County,2021-11-30,1823.1799089765643,92020,0,2021,41885,2021,64691,0.5792368855328299,60222,7.5083374582220985,10.64268304658791,11.077377367258327
96589,396,92020,zip,CA,CA,El Cajon,"San Diego-Chula Vista-Carlsbad, CA",San Diego County,2021-12-31,1821.0915098696216,92020,0,2021,41885,2021,64691,0.5792368855328299,60222,7.507191331001851,10.64268304658791,11.077377367258327
96589,396,92020,zip,CA,CA,El Cajon,"San Diego-Chula Vista-Carlsbad, CA",San Diego County,2022-01-31,1820.9434706395368,92020,0,2022,42006,2021,64691,0.5792368855328299,60222,7.507110036214208,10.645567744205252,11.077377367258327
96589,396,92020,zip,CA,CA,El Cajon,"San Diego-Chula Vista-Carlsbad, CA",San Diego County,2022-02-28,1843.517484366802,92020,0,2022,42006,2021,64691,0.5792368855328299,60222,7.519430701961635,10.645567744205252,11.077377367258327
96589,396,92020,zip,CA,CA,El Cajon,"San Diego-Chula Vista-Carlsbad, CA",San Diego County,2022-03-31,1895.76213962323,92020,0,2022,42006,2021,64691,0.5792368855328299,60222,7.547376221159767,10.645567744205252,11.077377367258327
96589,396,92020,zip,CA,CA,El Cajon,"San Diego-Chula Vista-Carlsbad, CA",San Diego County,2022-04-30,1946.7539218933016,92020,0,2022,42006,2021,64691,0.5792368855328299,60222,7.573918609040042,10.645567744205252,11.077377367258327
96589,396,92020,zip,CA,CA,El Cajon,"San Diego-Chula Vista-Carlsbad, CA",San Diego County,2022-05-31,1972.9420166240632,92020,0,2022,42006,2021,64691,0.5792368855328299,60222,7.58728111715897,10.645567744205252,11.077377367258327
96589,396,92020,zip,CA,CA,El Cajon,"San Diego-Chula Vista-Carlsbad, CA",San Diego County,2022-06-30,2024.4671012216031,92020,0,2022,42006,2021,64691,0.5792368855328299,60222,7.613061785017433,10.645567744205252,11.077377367258327
96589,396,92020,zip,CA,CA,El Cajon,"San Diego-Chula Vista-Carlsbad, CA",San Diego County,2022-07-31,2057.932864102231,92020,0,2022,42006,2021,64691,0.5792368855328299,60222,7.629457293948493,10.645567744205252,11.077377367258327
96589,396,92020,zip,CA,CA,El Cajon,"San Diego-Chula Vista-Carlsbad, CA",San Diego County,2022-08-31,2065.840501275756,92020,0,2022,42006,2021,64691,0.5792368855328299,60222,7.6332924449935495,10.645567744205252,11.077377367258327
96589,396,92020,zip,CA,CA,El Cajon,"San Diego-Chula Vista-Carlsbad, CA",San Diego County,2022-09-30,2033.458977709752,92020,0,2022,42006,2021,64691,0.5792368855328299,60222,7.617493551900498,10.645567744205252,11.077377367258327
96589,396,92020,zip,CA,CA,El Cajon,"San Diego-Chula Vista-Carlsbad, CA",San Diego County,2022-10-31,2064.8671071007984,92020,0,2022,42006,2021,64691,0.5792368855328299,60222,7.632821148409399,10.645567744205252,11.077377367258327
96589,396,92020,zip,CA,CA,El Cajon,"San Diego-Chula Vista-Carlsbad, CA",San Diego County,2022-11-30,2069.7210063982093,92020,0,2022,42006,2021,64691,0.5792368855328299,60222,7.635169097658066,10.645567744205252,11.077377367258327
96589,396,92020,zip,CA,CA,El Cajon,"San Diego-Chula Vista-Carlsbad, CA",San Diego County,2022-12-31,2088.2377064734724,92020,0,2022,42006,2021,64691,0.5792368855328299,60222,7.644075786619273,10.645567744205252,11.077377367258327
96589,396,92020,zip,CA,CA,El Cajon,"San Diego-Chula Vista-Carlsbad, CA",San Diego County,2023-01-31,2046.0907842463207,92020,0,2023,42376,2023,72822,0.5687189214128262,58490,7.623686317104075,10.654337443224362,11.195773386334416
96589,396,92020,zip,CA,CA,El Cajon,"San Diego-Chula Vista-Carlsbad, CA",San Diego County,2023-02-28,2074.2339287253367,92020,0,2023,42376,2023,72822,0.5687189214128262,58490,7.637347173521291,10.654337443224362,11.195773386334416
96589,396,92020,zip,CA,CA,El Cajon,"San Diego-Chula Vista-Carlsbad, CA",San Diego County,2023-03-31,2087.1547489138698,92020,0,2023,42376,2023,72822,0.5687189214128262,58490,7.64355705330476,10.654337443224362,11.195773386334416
96589,396,92020,zip,CA,CA,El Cajon,"San Diego-Chula Vista-Carlsbad, CA",San Diego County,2023-04-30,2137.2443232159844,92020,0,2023,42376,2023,72822,0.5687189214128262,58490,7.667272578786771,10.654337443224362,11.195773386334416
96589,396,92020,zip,CA,CA,El Cajon,"San Diego-Chula Vista-Carlsbad, CA",San Diego County,2023-05-31,2119.1633370917216,92020,0,2023,42376,2023,72822,0.5687189214128262,58490,7.658776637455112,10.654337443224362,11.195773386334416
96589,396,92020,zip,CA,CA,El Cajon,"San Diego-Chula Vista-Carlsbad, CA",San Diego County,2023-06-30,2132.7113621725944,92020,0,2023,42376,2023,72822,0.5687189214128262,58490,7.6651493891893905,10.654337443224362,11.195773386334416
96589,396,92020,zip,CA,CA,El Cajon,"San Diego-Chula Vista-Carlsbad, CA",San Diego County,2023-07-31,2133.5366250481584,92020,0,2023,42376,2023,72822,0.5687189214128262,58490,7.6655362691308895,10.654337443224362,11.195773386334416
96589,396,92020,zip,CA,CA,El Cajon,"San Diego-Chula Vista-Carlsbad, CA",San Diego County,2023-08-31,2152.4914335155204,92020,0,2023,42376,2023,72822,0.5687189214128262,58490,7.6743812565102365,10.654337443224362,11.195773386334416
96589,396,92020,zip,CA,CA,El Cajon,"San Diego-Chula Vista-Carlsbad, CA",San Diego County,2023-09-30,2160.295441221745,92020,0,2023,42376,2023,72822,0.5687189214128262,58490,7.678000269668306,10.654337443224362,11.195773386334416
96589,396,92020,zip,CA,CA,El Cajon,"San Diego-Chula Vista-Carlsbad, CA",San Diego County,2023-10-31,2163.1598072586144,92020,0,2023,42376,2023,72822,0.5687189214128262,58490,7.6793253054516475,10.654337443224362,11.195773386334416
96589,396,92020,zip,CA,CA,El Cajon,"San Diego-Chula Vista-Carlsbad, CA",San Diego County,2023-11-30,2178.9832833794385,92020,0,2023,42376,2023,72822,0.5687189214128262,58490,7.686613663221498,10.654337443224362,11.195773386334416
96589,396,92020,zip,CA,CA,El Cajon,"San Diego-Chula Vista-Carlsbad, CA",San Diego County,2023-12-31,2167.973421629532,92020,0,2023,42376,2023,72822,0.5687189214128262,58490,7.681548103088417,10.654337443224362,11.195773386334416
96589,396,92020,zip,CA,CA,El Cajon,"San Diego-Chula Vista-Carlsbad, CA",San Diego County,2024-01-31,2177.85498535311,92020,0,2024,44256,2023,72822,0.5687189214128262,58490,7.686095719712027,10.697746234464486,11.195773386334416
96589,396,92020,zip,CA,CA,El Cajon,"San Diego-Chula Vista-Carlsbad, CA",San Diego County,2024-02-29,2162.9477888527435,92020,0,2024,44256,2023,72822,0.5687189214128262,58490,7.679227287359711,10.697746234464486,11.195773386334416
96589,396,92020,zip,CA,CA,El Cajon,"San Diego-Chula Vista-Carlsbad, CA",San Diego County,2024-03-31,2152.637310704208,92020,0,2024,44256,2023,72822,0.5687189214128262,58490,7.6744490255352344,10.697746234464486,11.195773386334416
96589,396,92020,zip,CA,CA,El Cajon,"San Diego-Chula Vista-Carlsbad, CA",San Diego County,2024-04-30,2139.2303989724032,92020,0,2024,44256,2023,72822,0.5687189214128262,58490,7.668201416686316,10.697746234464486,11.195773386334416
96589,396,92020,zip,CA,CA,El Cajon,"San Diego-Chula Vista-Carlsbad, CA",San Diego County,2024-05-31,2149.886443499537,92020,0,2024,44256,2023,72822,0.5687189214128262,58490,7.673170302749884,10.697746234464486,11.195773386334416
96589,396,92020,zip,CA,CA,El Cajon,"San Diego-Chula Vista-Carlsbad, CA",San Diego County,2024-06-30,2170.76731443011,92020,0,2024,44256,2023,72822,0.5687189214128262,58490,7.682835985152229,10.697746234464486,11.195773386334416
96589,396,92020,zip,CA,CA,El Cajon,"San Diego-Chula Vista-Carlsbad, CA",San Diego County,2024-07-31,2179.105570753897,92020,0,2024,44256,2023,72822,0.5687189214128262,58490,7.686669782946718,10.697746234464486,11.195773386334416
96589,396,92020,zip,CA,CA,El Cajon,"San Diego-Chula Vista-Carlsbad, CA",San Diego County,2024-08-31,2184.123196382182,92020,0,2024,44256,2023,72822,0.5687189214128262,58490,7.68896974387379,10.697746234464486,11.195773386334416
96589,396,92020,zip,CA,CA,El Cajon,"San Diego-Chula Vista-Carlsbad, CA",San Diego County,2024-09-30,2176.3359459332096,92020,0,2024,44256,2023,72822,0.5687189214128262,58490,7.685397982977235,10.697746234464486,11.195773386334416
96589,396,92020,zip,CA,CA,El Cajon,"San Diego-Chula Vista-Carlsbad, CA",San Diego County,2024-10-31,2168.829282398061,92020,0,2024,44256,2023,72822,0.5687189214128262,58490,7.681942799752319,10.697746234464486,11.195773386334416
96589,396,92020,zip,CA,CA,El Cajon,"San Diego-Chula Vista-Carlsbad, CA",San Diego County,2024-11-30,2169.660044631569,92020,0,2024,44256,2023,72822,0.5687189214128262,58490,7.68232577280171,10.697746234464486,11.195773386334416
96589,396,92020,zip,CA,CA,El Cajon,"San Diego-Chula Vista-Carlsbad, CA",San Diego County,2024-12-31,2201.6604589885974,92020,0,2024,44256,2023,72822,0.5687189214128262,58490,7.696967108748503,10.697746234464486,11.195773386334416
96593,834,92024,zip,CA,CA,Encinitas,"San Diego-Chula Vista-Carlsbad, CA",San Diego County,2016-05-31,2102.647218985472,92024,0,2016,34979,2017,103417,0.3451930355791067,51309,7.65095241031631,10.462503160399518,11.54652463760064
96593,834,92024,zip,CA,CA,Encinitas,"San Diego-Chula Vista-Carlsbad, CA",San Diego County,2016-06-30,2134.602635645373,92024,0,2016,34979,2017,103417,0.3451930355791067,51309,7.666035789204752,10.462503160399518,11.54652463760064
96593,834,92024,zip,CA,CA,Encinitas,"San Diego-Chula Vista-Carlsbad, CA",San Diego County,2016-07-31,2129.224944357251,92024,0,2016,34979,2017,103417,0.3451930355791067,51309,7.663513316595961,10.462503160399518,11.54652463760064
96593,834,92024,zip,CA,CA,Encinitas,"San Diego-Chula Vista-Carlsbad, CA",San Diego County,2016-08-31,2145.9573766901026,92024,0,2016,34979,2017,103417,0.3451930355791067,51309,7.671341061246007,10.462503160399518,11.54652463760064
96593,834,92024,zip,CA,CA,Encinitas,"San Diego-Chula Vista-Carlsbad, CA",San Diego County,2016-09-30,2134.439546914208,92024,0,2016,34979,2017,103417,0.3451930355791067,51309,7.665959383901516,10.462503160399518,11.54652463760064
96593,834,92024,zip,CA,CA,Encinitas,"San Diego-Chula Vista-Carlsbad, CA",San Diego County,2016-10-31,2169.79748771179,92024,0,2016,34979,2017,103417,0.3451930355791067,51309,7.682389118544464,10.462503160399518,11.54652463760064
96593,834,92024,zip,CA,CA,Encinitas,"San Diego-Chula Vista-Carlsbad, CA",San Diego County,2016-11-30,2179.4959367791066,92024,0,2016,34979,2017,103417,0.3451930355791067,51309,7.686848907386325,10.462503160399518,11.54652463760064
96593,834,92024,zip,CA,CA,Encinitas,"San Diego-Chula Vista-Carlsbad, CA",San Diego County,2016-12-31,2181.415620427474,92024,0,2016,34979,2017,103417,0.3451930355791067,51309,7.6877293122040715,10.462503160399518,11.54652463760064
96593,834,92024,zip,CA,CA,Encinitas,"San Diego-Chula Vista-Carlsbad, CA",San Diego County,2017-01-31,2155.051739488784,92024,0,2017,35772,2017,103417,0.3451930355791067,51309,7.675570011293155,10.484920743466072,11.54652463760064
96593,834,92024,zip,CA,CA,Encinitas,"San Diego-Chula Vista-Carlsbad, CA",San Diego County,2017-02-28,2143.242461034461,92024,0,2017,35772,2017,103417,0.3451930355791067,51309,7.670075130013643,10.484920743466072,11.54652463760064
96593,834,92024,zip,CA,CA,Encinitas,"San Diego-Chula Vista-Carlsbad, CA",San Diego County,2017-03-31,2179.556756016804,92024,0,2017,35772,2017,103417,0.3451930355791067,51309,7.686876812182154,10.484920743466072,11.54652463760064
96593,834,92024,zip,CA,CA,Encinitas,"San Diego-Chula Vista-Carlsbad, CA",San Diego County,2017-04-30,2205.499453178987,92024,0,2017,35772,2017,103417,0.3451930355791067,51309,7.698709271609796,10.484920743466072,11.54652463760064
96593,834,92024,zip,CA,CA,Encinitas,"San Diego-Chula Vista-Carlsbad, CA",San Diego County,2017-05-31,2263.7272473536045,92024,0,2017,35772,2017,103417,0.3451930355791067,51309,7.724767958281781,10.484920743466072,11.54652463760064
96593,834,92024,zip,CA,CA,Encinitas,"San Diego-Chula Vista-Carlsbad, CA",San Diego County,2017-06-30,2271.886937852492,92024,0,2017,35772,2017,103417,0.3451930355791067,51309,7.72836601533366,10.484920743466072,11.54652463760064
96593,834,92024,zip,CA,CA,Encinitas,"San Diego-Chula Vista-Carlsbad, CA",San Diego County,2017-07-31,2289.693421720276,92024,0,2017,35772,2017,103417,0.3451930355791067,51309,7.736173210607918,10.484920743466072,11.54652463760064
96593,834,92024,zip,CA,CA,Encinitas,"San Diego-Chula Vista-Carlsbad, CA",San Diego County,2017-08-31,2304.6285704573093,92024,0,2017,35772,2017,103417,0.3451930355791067,51309,7.742674801646744,10.484920743466072,11.54652463760064
96593,834,92024,zip,CA,CA,Encinitas,"San Diego-Chula Vista-Carlsbad, CA",San Diego County,2017-09-30,2327.953436273669,92024,0,2017,35772,2017,103417,0.3451930355791067,51309,7.752744807050636,10.484920743466072,11.54652463760064
96593,834,92024,zip,CA,CA,Encinitas,"San Diego-Chula Vista-Carlsbad, CA",San Diego County,2017-10-31,2319.580091631686,92024,0,2017,35772,2017,103417,0.3451930355791067,51309,7.749141453292444,10.484920743466072,11.54652463760064
96593,834,92024,zip,CA,CA,Encinitas,"San Diego-Chula Vista-Carlsbad, CA",San Diego County,2017-11-30,2287.908423224486,92024,0,2017,35772,2017,103417,0.3451930355791067,51309,7.735393326884202,10.484920743466072,11.54652463760064
96593,834,92024,zip,CA,CA,Encinitas,"San Diego-Chula Vista-Carlsbad, CA",San Diego County,2017-12-31,2307.0447338823205,92024,0,2017,35772,2017,103417,0.3451930355791067,51309,7.7437226484852495,10.484920743466072,11.54652463760064
96593,834,92024,zip,CA,CA,Encinitas,"San Diego-Chula Vista-Carlsbad, CA",San Diego County,2018-01-31,2337.5286287006343,92024,0,2018,37887,2017,103417,0.3451930355791067,51309,7.756849508660305,10.54236332431428,11.54652463760064
96593,834,92024,zip,CA,CA,Encinitas,"San Diego-Chula Vista-Carlsbad, CA",San Diego County,2018-02-28,2335.090171984696,92024,0,2018,37887,2017,103417,0.3451930355791067,51309,7.755805786909692,10.54236332431428,11.54652463760064
96593,834,92024,zip,CA,CA,Encinitas,"San Diego-Chula Vista-Carlsbad, CA",San Diego County,2018-03-31,2304.233062870475,92024,0,2018,37887,2017,103417,0.3451930355791067,51309,7.742503172459638,10.54236332431428,11.54652463760064
96593,834,92024,zip,CA,CA,Encinitas,"San Diego-Chula Vista-Carlsbad, CA",San Diego County,2018-04-30,2339.848459915925,92024,0,2018,37887,2017,103417,0.3451930355791067,51309,7.757841445534991,10.54236332431428,11.54652463760064
96593,834,92024,zip,CA,CA,Encinitas,"San Diego-Chula Vista-Carlsbad, CA",San Diego County,2018-05-31,2386.303750556988,92024,0,2018,37887,2017,103417,0.3451930355791067,51309,7.777500899901823,10.54236332431428,11.54652463760064
96593,834,92024,zip,CA,CA,Encinitas,"San Diego-Chula Vista-Carlsbad, CA",San Diego County,2018-06-30,2434.757813212933,92024,0,2018,37887,2017,103417,0.3451930355791067,51309,7.797602569877307,10.54236332431428,11.54652463760064
96593,834,92024,zip,CA,CA,Encinitas,"San Diego-Chula Vista-Carlsbad, CA",San Diego County,2018-07-31,2399.534497255344,92024,0,2018,37887,2017,103417,0.3451930355791067,51309,7.783030038046525,10.54236332431428,11.54652463760064
96593,834,92024,zip,CA,CA,Encinitas,"San Diego-Chula Vista-Carlsbad, CA",San Diego County,2018-08-31,2420.202012796972,92024,0,2018,37887,2017,103417,0.3451930355791067,51309,7.79160629202916,10.54236332431428,11.54652463760064
96593,834,92024,zip,CA,CA,Encinitas,"San Diego-Chula Vista-Carlsbad, CA",San Diego County,2018-09-30,2461.448070950897,92024,0,2018,37887,2017,103417,0.3451930355791067,51309,7.80850510246989,10.54236332431428,11.54652463760064
96593,834,92024,zip,CA,CA,Encinitas,"San Diego-Chula Vista-Carlsbad, CA",San Diego County,2018-10-31,2481.014118384096,92024,0,2018,37887,2017,103417,0.3451930355791067,51309,7.816422674277825,10.54236332431428,11.54652463760064
96593,834,92024,zip,CA,CA,Encinitas,"San Diego-Chula Vista-Carlsbad, CA",San Diego County,2018-11-30,2468.392442799501,92024,0,2018,37887,2017,103417,0.3451930355791067,51309,7.811322384863673,10.54236332431428,11.54652463760064
96593,834,92024,zip,CA,CA,Encinitas,"San Diego-Chula Vista-Carlsbad, CA",San Diego County,2018-12-31,2440.764454061248,92024,0,2018,37887,2017,103417,0.3451930355791067,51309,7.80006657006356,10.54236332431428,11.54652463760064
96593,834,92024,zip,CA,CA,Encinitas,"San Diego-Chula Vista-Carlsbad, CA",San Diego County,2019-01-31,2470.242005858437,92024,0,2019,38736,2019,116616,0.3544220775944705,51381,7.8120714029028235,10.56452467917784,11.666641764753848
96593,834,92024,zip,CA,CA,Encinitas,"San Diego-Chula Vista-Carlsbad, CA",San Diego County,2019-02-28,2492.7957558781686,92024,0,2019,38736,2019,116616,0.3544220775944705,51381,7.821160153122897,10.56452467917784,11.666641764753848
96593,834,92024,zip,CA,CA,Encinitas,"San Diego-Chula Vista-Carlsbad, CA",San Diego County,2019-03-31,2533.9148272059097,92024,0,2019,38736,2019,116616,0.3544220775944705,51381,7.837520748321678,10.56452467917784,11.666641764753848
96593,834,92024,zip,CA,CA,Encinitas,"San Diego-Chula Vista-Carlsbad, CA",San Diego County,2019-04-30,2555.267213632547,92024,0,2019,38736,2019,116616,0.3544220775944705,51381,7.845912081761212,10.56452467917784,11.666641764753848
96593,834,92024,zip,CA,CA,Encinitas,"San Diego-Chula Vista-Carlsbad, CA",San Diego County,2019-05-31,2554.05288563403,92024,0,2019,38736,2019,116616,0.3544220775944705,51381,7.845436743360882,10.56452467917784,11.666641764753848
96593,834,92024,zip,CA,CA,Encinitas,"San Diego-Chula Vista-Carlsbad, CA",San Diego County,2019-06-30,2537.592325212532,92024,0,2019,38736,2019,116616,0.3544220775944705,51381,7.838971007008359,10.56452467917784,11.666641764753848
96593,834,92024,zip,CA,CA,Encinitas,"San Diego-Chula Vista-Carlsbad, CA",San Diego County,2019-07-31,2528.891248834568,92024,0,2019,38736,2019,116616,0.3544220775944705,51381,7.835536244098301,10.56452467917784,11.666641764753848
96593,834,92024,zip,CA,CA,Encinitas,"San Diego-Chula Vista-Carlsbad, CA",San Diego County,2019-08-31,2526.46598093631,92024,0,2019,38736,2019,116616,0.3544220775944705,51381,7.834576759743749,10.56452467917784,11.666641764753848
96593,834,92024,zip,CA,CA,Encinitas,"San Diego-Chula Vista-Carlsbad, CA",San Diego County,2019-09-30,2501.425861078321,92024,0,2019,38736,2019,116616,0.3544220775944705,51381,7.8246161927030515,10.56452467917784,11.666641764753848
96593,834,92024,zip,CA,CA,Encinitas,"San Diego-Chula Vista-Carlsbad, CA",San Diego County,2019-10-31,2551.971360846953,92024,0,2019,38736,2019,116616,0.3544220775944705,51381,7.844621422163056,10.56452467917784,11.666641764753848
96593,834,92024,zip,CA,CA,Encinitas,"San Diego-Chula Vista-Carlsbad, CA",San Diego County,2019-11-30,2606.6872690475684,92024,0,2019,38736,2019,116616,0.3544220775944705,51381,7.865835448566702,10.56452467917784,11.666641764753848
96593,834,92024,zip,CA,CA,Encinitas,"San Diego-Chula Vista-Carlsbad, CA",San Diego County,2019-12-31,2688.378954040187,92024,0,2019,38736,2019,116616,0.3544220775944705,51381,7.89669367163197,10.56452467917784,11.666641764753848
96593,834,92024,zip,CA,CA,Encinitas,"San Diego-Chula Vista-Carlsbad, CA",San Diego County,2020-01-31,2633.2763592830324,92024,0,2020,39576,2019,116616,0.3544220775944705,51381,7.875984113837643,10.585978152907545,11.666641764753848
96593,834,92024,zip,CA,CA,Encinitas,"San Diego-Chula Vista-Carlsbad, CA",San Diego County,2020-02-29,2614.9813782142005,92024,0,2020,39576,2019,116616,0.3544220775944705,51381,7.869012255331871,10.585978152907545,11.666641764753848
96593,834,92024,zip,CA,CA,Encinitas,"San Diego-Chula Vista-Carlsbad, CA",San Diego County,2020-03-31,2572.148272539806,92024,0,2020,39576,2019,116616,0.3544220775944705,51381,7.852496732428314,10.585978152907545,11.666641764753848
96593,834,92024,zip,CA,CA,Encinitas,"San Diego-Chula Vista-Carlsbad, CA",San Diego County,2020-04-30,2600.566317863833,92024,0,2020,39576,2019,116616,0.3544220775944705,51381,7.863484514854438,10.585978152907545,11.666641764753848
96593,834,92024,zip,CA,CA,Encinitas,"San Diego-Chula Vista-Carlsbad, CA",San Diego County,2020-05-31,2584.831803807451,92024,0,2020,39576,2019,116616,0.3544220775944705,51381,7.857415718600273,10.585978152907545,11.666641764753848
96593,834,92024,zip,CA,CA,Encinitas,"San Diego-Chula Vista-Carlsbad, CA",San Diego County,2020-06-30,2605.920770549957,92024,0,2020,39576,2019,116616,0.3544220775944705,51381,7.8655413545173065,10.585978152907545,11.666641764753848
96593,834,92024,zip,CA,CA,Encinitas,"San Diego-Chula Vista-Carlsbad, CA",San Diego County,2020-07-31,2629.6726117140056,92024,0,2020,39576,2019,116616,0.3544220775944705,51381,7.874614635185233,10.585978152907545,11.666641764753848
96593,834,92024,zip,CA,CA,Encinitas,"San Diego-Chula Vista-Carlsbad, CA",San Diego County,2020-08-31,2702.4841494689226,92024,0,2020,39576,2019,116616,0.3544220775944705,51381,7.901926684359779,10.585978152907545,11.666641764753848
96593,834,92024,zip,CA,CA,Encinitas,"San Diego-Chula Vista-Carlsbad, CA",San Diego County,2020-09-30,2735.4137672753704,92024,0,2020,39576,2019,116616,0.3544220775944705,51381,7.914037989437406,10.585978152907545,11.666641764753848
96593,834,92024,zip,CA,CA,Encinitas,"San Diego-Chula Vista-Carlsbad, CA",San Diego County,2020-10-31,2795.926677838976,92024,0,2020,39576,2019,116616,0.3544220775944705,51381,7.935918879060983,10.585978152907545,11.666641764753848
96593,834,92024,zip,CA,CA,Encinitas,"San Diego-Chula Vista-Carlsbad, CA",San Diego County,2020-11-30,2798.563579467585,92024,0,2020,39576,2019,116616,0.3544220775944705,51381,7.936861557197007,10.585978152907545,11.666641764753848
96593,834,92024,zip,CA,CA,Encinitas,"San Diego-Chula Vista-Carlsbad, CA",San Diego County,2020-12-31,2837.9132431978373,92024,0,2020,39576,2019,116616,0.3544220775944705,51381,7.950824287554994,10.585978152907545,11.666641764753848
96593,834,92024,zip,CA,CA,Encinitas,"San Diego-Chula Vista-Carlsbad, CA",San Diego County,2021-01-31,2801.076676815321,92024,0,2021,41885,2021,133304,0.350564681724846,50840,7.937759149685611,10.64268304658791,11.800387513218459
96593,834,92024,zip,CA,CA,Encinitas,"San Diego-Chula Vista-Carlsbad, CA",San Diego County,2021-02-28,2790.6377713525862,92024,0,2021,41885,2021,133304,0.350564681724846,50840,7.934025440574915,10.64268304658791,11.800387513218459
96593,834,92024,zip,CA,CA,Encinitas,"San Diego-Chula Vista-Carlsbad, CA",San Diego County,2021-03-31,2777.934269476649,92024,0,2021,41885,2021,133304,0.350564681724846,50840,7.929462861938842,10.64268304658791,11.800387513218459
96593,834,92024,zip,CA,CA,Encinitas,"San Diego-Chula Vista-Carlsbad, CA",San Diego County,2021-04-30,2839.862188915092,92024,0,2021,41885,2021,133304,0.350564681724846,50840,7.9515108049479775,10.64268304658791,11.800387513218459
96593,834,92024,zip,CA,CA,Encinitas,"San Diego-Chula Vista-Carlsbad, CA",San Diego County,2021-05-31,2927.105445403801,92024,0,2021,41885,2021,133304,0.350564681724846,50840,7.981769311121167,10.64268304658791,11.800387513218459
96593,834,92024,zip,CA,CA,Encinitas,"San Diego-Chula Vista-Carlsbad, CA",San Diego County,2021-06-30,2976.4781791323444,92024,0,2021,41885,2021,133304,0.350564681724846,50840,7.99849606151747,10.64268304658791,11.800387513218459
96593,834,92024,zip,CA,CA,Encinitas,"San Diego-Chula Vista-Carlsbad, CA",San Diego County,2021-07-31,3010.4849157963163,92024,0,2021,41885,2021,133304,0.350564681724846,50840,8.009856446360914,10.64268304658791,11.800387513218459
96593,834,92024,zip,CA,CA,Encinitas,"San Diego-Chula Vista-Carlsbad, CA",San Diego County,2021-08-31,3033.4394013386413,92024,0,2021,41885,2021,133304,0.350564681724846,50840,8.017452370699761,10.64268304658791,11.800387513218459
96593,834,92024,zip,CA,CA,Encinitas,"San Diego-Chula Vista-Carlsbad, CA",San Diego County,2021-09-30,3044.6368104638705,92024,0,2021,41885,2021,133304,0.350564681724846,50840,8.021136898962586,10.64268304658791,11.800387513218459
96593,834,92024,zip,CA,CA,Encinitas,"San Diego-Chula Vista-Carlsbad, CA",San Diego County,2021-10-31,3077.86099321829,92024,0,2021,41885,2021,133304,0.350564681724846,50840,8.031990151981452,10.64268304658791,11.800387513218459
96593,834,92024,zip,CA,CA,Encinitas,"San Diego-Chula Vista-Carlsbad, CA",San Diego County,2021-11-30,3080.2000244825285,92024,0,2021,41885,2021,133304,0.350564681724846,50840,8.032749816872721,10.64268304658791,11.800387513218459
96593,834,92024,zip,CA,CA,Encinitas,"San Diego-Chula Vista-Carlsbad, CA",San Diego County,2021-12-31,3134.1822919419665,92024,0,2021,41885,2021,133304,0.350564681724846,50840,8.050123587128022,10.64268304658791,11.800387513218459
96593,834,92024,zip,CA,CA,Encinitas,"San Diego-Chula Vista-Carlsbad, CA",San Diego County,2022-01-31,3197.041490197536,92024,0,2022,42006,2021,133304,0.350564681724846,50840,8.069981126829097,10.645567744205252,11.800387513218459
96593,834,92024,zip,CA,CA,Encinitas,"San Diego-Chula Vista-Carlsbad, CA",San Diego County,2022-02-28,3228.920218086156,92024,0,2022,42006,2021,133304,0.350564681724846,50840,8.079903062520591,10.645567744205252,11.800387513218459
96593,834,92024,zip,CA,CA,Encinitas,"San Diego-Chula Vista-Carlsbad, CA",San Diego County,2022-03-31,3378.4974247077707,92024,0,2022,42006,2021,133304,0.350564681724846,50840,8.12518634073288,10.645567744205252,11.800387513218459
96593,834,92024,zip,CA,CA,Encinitas,"San Diego-Chula Vista-Carlsbad, CA",San Diego County,2022-04-30,3488.692829197351,92024,0,2022,42006,2021,133304,0.350564681724846,50840,8.157282397528114,10.645567744205252,11.800387513218459
96593,834,92024,zip,CA,CA,Encinitas,"San Diego-Chula Vista-Carlsbad, CA",San Diego County,2022-05-31,3627.2238772433298,92024,0,2022,42006,2021,133304,0.350564681724846,50840,8.196222862562246,10.645567744205252,11.800387513218459
96593,834,92024,zip,CA,CA,Encinitas,"San Diego-Chula Vista-Carlsbad, CA",San Diego County,2022-06-30,3561.8802440484515,92024,0,2022,42006,2021,133304,0.350564681724846,50840,8.178043842860074,10.645567744205252,11.800387513218459
96593,834,92024,zip,CA,CA,Encinitas,"San Diego-Chula Vista-Carlsbad, CA",San Diego County,2022-07-31,3517.3740194750767,92024,0,2022,42006,2021,133304,0.350564681724846,50840,8.16546997298826,10.645567744205252,11.800387513218459
96593,834,92024,zip,CA,CA,Encinitas,"San Diego-Chula Vista-Carlsbad, CA",San Diego County,2022-08-31,3469.8431877342127,92024,0,2022,42006,2021,133304,0.350564681724846,50840,8.151864681065074,10.645567744205252,11.800387513218459
96593,834,92024,zip,CA,CA,Encinitas,"San Diego-Chula Vista-Carlsbad, CA",San Diego County,2022-09-30,3437.051907399336,92024,0,2022,42006,2021,133304,0.350564681724846,50840,8.142369379266876,10.645567744205252,11.800387513218459
96593,834,92024,zip,CA,CA,Encinitas,"San Diego-Chula Vista-Carlsbad, CA",San Diego County,2022-10-31,3464.5936120756824,92024,0,2022,42006,2021,133304,0.350564681724846,50840,8.150350621073494,10.645567744205252,11.800387513218459
96593,834,92024,zip,CA,CA,Encinitas,"San Diego-Chula Vista-Carlsbad, CA",San Diego County,2022-11-30,3444.8697519047314,92024,0,2022,42006,2021,133304,0.350564681724846,50840,8.144641374867923,10.645567744205252,11.800387513218459
96593,834,92024,zip,CA,CA,Encinitas,"San Diego-Chula Vista-Carlsbad, CA",San Diego County,2022-12-31,3539.811390070848,92024,0,2022,42006,2021,133304,0.350564681724846,50840,8.171828725067407,10.645567744205252,11.800387513218459
96593,834,92024,zip,CA,CA,Encinitas,"San Diego-Chula Vista-Carlsbad, CA",San Diego County,2023-01-31,3519.7959793609834,92024,0,2023,42376,2023,149080,0.3234042553191489,50030,8.166158306503561,10.654337443224362,11.912238353593194
96593,834,92024,zip,CA,CA,Encinitas,"San Diego-Chula Vista-Carlsbad, CA",San Diego County,2023-02-28,3583.747925356345,92024,0,2023,42376,2023,149080,0.3234042553191489,50030,8.184164438294404,10.654337443224362,11.912238353593194
96593,834,92024,zip,CA,CA,Encinitas,"San Diego-Chula Vista-Carlsbad, CA",San Diego County,2023-03-31,3585.319962801945,92024,0,2023,42376,2023,149080,0.3234042553191489,50030,8.184602999484037,10.654337443224362,11.912238353593194
96593,834,92024,zip,CA,CA,Encinitas,"San Diego-Chula Vista-Carlsbad, CA",San Diego County,2023-04-30,3627.031917779327,92024,0,2023,42376,2023,149080,0.3234042553191489,50030,8.196169939293624,10.654337443224362,11.912238353593194
96593,834,92024,zip,CA,CA,Encinitas,"San Diego-Chula Vista-Carlsbad, CA",San Diego County,2023-05-31,3687.228311913933,92024,0,2023,42376,2023,149080,0.3234042553191489,50030,8.212630319808675,10.654337443224362,11.912238353593194
96593,834,92024,zip,CA,CA,Encinitas,"San Diego-Chula Vista-Carlsbad, CA",San Diego County,2023-06-30,3750.78459539769,92024,0,2023,42376,2023,149080,0.3234042553191489,50030,8.22972032251925,10.654337443224362,11.912238353593194
96593,834,92024,zip,CA,CA,Encinitas,"San Diego-Chula Vista-Carlsbad, CA",San Diego County,2023-07-31,3793.589078154596,92024,0,2023,42376,2023,149080,0.3234042553191489,50030,8.24106783628828,10.654337443224362,11.912238353593194
96593,834,92024,zip,CA,CA,Encinitas,"San Diego-Chula Vista-Carlsbad, CA",San Diego County,2023-08-31,3779.154424446288,92024,0,2023,42376,2023,149080,0.3234042553191489,50030,8.237255566353243,10.654337443224362,11.912238353593194
96593,834,92024,zip,CA,CA,Encinitas,"San Diego-Chula Vista-Carlsbad, CA",San Diego County,2023-09-30,3733.808978984072,92024,0,2023,42376,2023,149080,0.3234042553191489,50030,8.225184165584757,10.654337443224362,11.912238353593194
96593,834,92024,zip,CA,CA,Encinitas,"San Diego-Chula Vista-Carlsbad, CA",San Diego County,2023-10-31,3681.8560263123686,92024,0,2023,42376,2023,149080,0.3234042553191489,50030,8.211172258994942,10.654337443224362,11.912238353593194
96593,834,92024,zip,CA,CA,Encinitas,"San Diego-Chula Vista-Carlsbad, CA",San Diego County,2023-11-30,3662.153270856456,92024,0,2023,42376,2023,149080,0.3234042553191489,50030,8.205806578770506,10.654337443224362,11.912238353593194
96593,834,92024,zip,CA,CA,Encinitas,"San Diego-Chula Vista-Carlsbad, CA",San Diego County,2023-12-31,3695.481545154023,92024,0,2023,42376,2023,149080,0.3234042553191489,50030,8.214866148342637,10.654337443224362,11.912238353593194
96593,834,92024,zip,CA,CA,Encinitas,"San Diego-Chula Vista-Carlsbad, CA",San Diego County,2024-01-31,3715.474559272969,92024,0,2024,44256,2023,149080,0.3234042553191489,50030,8.220261690386078,10.697746234464486,11.912238353593194
96593,834,92024,zip,CA,CA,Encinitas,"San Diego-Chula Vista-Carlsbad, CA",San Diego County,2024-02-29,3754.067195447548,92024,0,2024,44256,2023,149080,0.3234042553191489,50030,8.230595116679263,10.697746234464486,11.912238353593194
96593,834,92024,zip,CA,CA,Encinitas,"San Diego-Chula Vista-Carlsbad, CA",San Diego County,2024-03-31,3743.004015944738,92024,0,2024,44256,2023,149080,0.3234042553191489,50030,8.227643780825236,10.697746234464486,11.912238353593194
96593,834,92024,zip,CA,CA,Encinitas,"San Diego-Chula Vista-Carlsbad, CA",San Diego County,2024-04-30,3806.95494124632,92024,0,2024,44256,2023,149080,0.3234042553191489,50030,8.24458492054842,10.697746234464486,11.912238353593194
96593,834,92024,zip,CA,CA,Encinitas,"San Diego-Chula Vista-Carlsbad, CA",San Diego County,2024-05-31,3836.2836330847217,92024,0,2024,44256,2023,149080,0.3234042553191489,50030,8.252259373073024,10.697746234464486,11.912238353593194
96593,834,92024,zip,CA,CA,Encinitas,"San Diego-Chula Vista-Carlsbad, CA",San Diego County,2024-06-30,3888.888096451983,92024,0,2024,44256,2023,149080,0.3234042553191489,50030,8.26587855936582,10.697746234464486,11.912238353593194
96593,834,92024,zip,CA,CA,Encinitas,"San Diego-Chula Vista-Carlsbad, CA",San Diego County,2024-07-31,3893.244000564781,92024,0,2024,44256,2023,149080,0.3234042553191489,50030,8.266998022390451,10.697746234464486,11.912238353593194
96593,834,92024,zip,CA,CA,Encinitas,"San Diego-Chula Vista-Carlsbad, CA",San Diego County,2024-08-31,3906.005351915371,92024,0,2024,44256,2023,149080,0.3234042553191489,50030,8.270270481613712,10.697746234464486,11.912238353593194
96593,834,92024,zip,CA,CA,Encinitas,"San Diego-Chula Vista-Carlsbad, CA",San Diego County,2024-09-30,3876.146569465822,92024,0,2024,44256,2023,149080,0.3234042553191489,50030,8.262596786915367,10.697746234464486,11.912238353593194
96593,834,92024,zip,CA,CA,Encinitas,"San Diego-Chula Vista-Carlsbad, CA",San Diego County,2024-10-31,3887.580289491241,92024,0,2024,44256,2023,149080,0.3234042553191489,50030,8.26554220951955,10.697746234464486,11.912238353593194
96593,834,92024,zip,CA,CA,Encinitas,"San Diego-Chula Vista-Carlsbad, CA",San Diego County,2024-11-30,3871.1976120735367,92024,0,2024,44256,2023,149080,0.3234042553191489,50030,8.261319198634926,10.697746234464486,11.912238353593194
96593,834,92024,zip,CA,CA,Encinitas,"San Diego-Chula Vista-Carlsbad, CA",San Diego County,2024-12-31,3855.6391606231855,92024,0,2024,44256,2023,149080,0.3234042553191489,50030,8.257292072675119,10.697746234464486,11.912238353593194
96602,2270,92037,zip,CA,CA,San Diego,"San Diego-Chula Vista-Carlsbad, CA",San Diego County,2015-01-31,2316.4546615849977,92037,1,2015,32906,2017,107094,0.4193359831657704,39893,7.747793132718266,10.401410290946595,11.581462232457563
96602,2270,92037,zip,CA,CA,San Diego,"San Diego-Chula Vista-Carlsbad, CA",San Diego County,2015-02-28,2319.0598982673123,92037,1,2015,32906,2017,107094,0.4193359831657704,39893,7.74891716627397,10.401410290946595,11.581462232457563
96602,2270,92037,zip,CA,CA,San Diego,"San Diego-Chula Vista-Carlsbad, CA",San Diego County,2015-03-31,2352.793049357796,92037,1,2015,32906,2017,107094,0.4193359831657704,39893,7.763358433035233,10.401410290946595,11.581462232457563
96602,2270,92037,zip,CA,CA,San Diego,"San Diego-Chula Vista-Carlsbad, CA",San Diego County,2015-04-30,2363.2847604303465,92037,1,2015,32906,2017,107094,0.4193359831657704,39893,7.76780777793755,10.401410290946595,11.581462232457563
96602,2270,92037,zip,CA,CA,San Diego,"San Diego-Chula Vista-Carlsbad, CA",San Diego County,2015-05-31,2388.740980571022,92037,1,2015,32906,2017,107094,0.4193359831657704,39893,7.77852171975291,10.401410290946595,11.581462232457563
96602,2270,92037,zip,CA,CA,San Diego,"San Diego-Chula Vista-Carlsbad, CA",San Diego County,2015-06-30,2370.071794048982,92037,1,2015,32906,2017,107094,0.4193359831657704,39893,7.77067552651803,10.401410290946595,11.581462232457563
96602,2270,92037,zip,CA,CA,San Diego,"San Diego-Chula Vista-Carlsbad, CA",San Diego County,2015-07-31,2366.3317755781773,92037,1,2015,32906,2017,107094,0.4193359831657704,39893,7.769096261071938,10.401410290946595,11.581462232457563
96602,2270,92037,zip,CA,CA,San Diego,"San Diego-Chula Vista-Carlsbad, CA",San Diego County,2015-08-31,2335.630830074071,92037,1,2015,32906,2017,107094,0.4193359831657704,39893,7.756037296388229,10.401410290946595,11.581462232457563
96602,2270,92037,zip,CA,CA,San Diego,"San Diego-Chula Vista-Carlsbad, CA",San Diego County,2015-09-30,2320.4037997298965,92037,1,2015,32906,2017,107094,0.4193359831657704,39893,7.749496501122846,10.401410290946595,11.581462232457563
96602,2270,92037,zip,CA,CA,San Diego,"San Diego-Chula Vista-Carlsbad, CA",San Diego County,2015-10-31,2302.836220066863,92037,1,2015,32906,2017,107094,0.4193359831657704,39893,7.741896781385126,10.401410290946595,11.581462232457563
96602,2270,92037,zip,CA,CA,San Diego,"San Diego-Chula Vista-Carlsbad, CA",San Diego County,2015-11-30,2349.1743016998435,92037,1,2015,32906,2017,107094,0.4193359831657704,39893,7.761819184417683,10.401410290946595,11.581462232457563
96602,2270,92037,zip,CA,CA,San Diego,"San Diego-Chula Vista-Carlsbad, CA",San Diego County,2015-12-31,2387.0046338114275,92037,1,2015,32906,2017,107094,0.4193359831657704,39893,7.77779456760692,10.401410290946595,11.581462232457563
96602,2270,92037,zip,CA,CA,San Diego,"San Diego-Chula Vista-Carlsbad, CA",San Diego County,2016-01-31,2400.4435029831666,92037,1,2016,34979,2017,107094,0.4193359831657704,39893,7.783408792173583,10.462503160399518,11.581462232457563
96602,2270,92037,zip,CA,CA,San Diego,"San Diego-Chula Vista-Carlsbad, CA",San Diego County,2016-02-29,2387.2397402293504,92037,1,2016,34979,2017,107094,0.4193359831657704,39893,7.777893057084916,10.462503160399518,11.581462232457563
96602,2270,92037,zip,CA,CA,San Diego,"San Diego-Chula Vista-Carlsbad, CA",San Diego County,2016-03-31,2420.2865666069497,92037,1,2016,34979,2017,107094,0.4193359831657704,39893,7.791641228093401,10.462503160399518,11.581462232457563
96602,2270,92037,zip,CA,CA,San Diego,"San Diego-Chula Vista-Carlsbad, CA",San Diego County,2016-04-30,2435.4955689385065,92037,1,2016,34979,2017,107094,0.4193359831657704,39893,7.797905533880749,10.462503160399518,11.581462232457563
96602,2270,92037,zip,CA,CA,San Diego,"San Diego-Chula Vista-Carlsbad, CA",San Diego County,2016-05-31,2426.305423491315,92037,1,2016,34979,2017,107094,0.4193359831657704,39893,7.7941249774953985,10.462503160399518,11.581462232457563
96602,2270,92037,zip,CA,CA,San Diego,"San Diego-Chula Vista-Carlsbad, CA",San Diego County,2016-06-30,2418.3413394312106,92037,1,2016,34979,2017,107094,0.4193359831657704,39893,7.790837187229624,10.462503160399518,11.581462232457563
96602,2270,92037,zip,CA,CA,San Diego,"San Diego-Chula Vista-Carlsbad, CA",San Diego County,2016-07-31,2432.6312649805222,92037,1,2016,34979,2017,107094,0.4193359831657704,39893,7.796728775597231,10.462503160399518,11.581462232457563
96602,2270,92037,zip,CA,CA,San Diego,"San Diego-Chula Vista-Carlsbad, CA",San Diego County,2016-08-31,2430.9256922507548,92037,1,2016,34979,2017,107094,0.4193359831657704,39893,7.7960274071071805,10.462503160399518,11.581462232457563
96602,2270,92037,zip,CA,CA,San Diego,"San Diego-Chula Vista-Carlsbad, CA",San Diego County,2016-09-30,2436.132619111008,92037,1,2016,34979,2017,107094,0.4193359831657704,39893,7.79816706869069,10.462503160399518,11.581462232457563
96602,2270,92037,zip,CA,CA,San Diego,"San Diego-Chula Vista-Carlsbad, CA",San Diego County,2016-10-31,2473.708518973579,92037,1,2016,34979,2017,107094,0.4193359831657704,39893,7.813473728296579,10.462503160399518,11.581462232457563
96602,2270,92037,zip,CA,CA,San Diego,"San Diego-Chula Vista-Carlsbad, CA",San Diego County,2016-11-30,2482.1889928234086,92037,1,2016,34979,2017,107094,0.4193359831657704,39893,7.816896108241711,10.462503160399518,11.581462232457563
96602,2270,92037,zip,CA,CA,San Diego,"San Diego-Chula Vista-Carlsbad, CA",San Diego County,2016-12-31,2469.7115117380126,92037,1,2016,34979,2017,107094,0.4193359831657704,39893,7.811856625933537,10.462503160399518,11.581462232457563
96602,2270,92037,zip,CA,CA,San Diego,"San Diego-Chula Vista-Carlsbad, CA",San Diego County,2017-01-31,2409.33375498803,92037,1,2017,35772,2017,107094,0.4193359831657704,39893,7.787105538052861,10.484920743466072,11.581462232457563
96602,2270,92037,zip,CA,CA,San Diego,"San Diego-Chula Vista-Carlsbad, CA",San Diego County,2017-02-28,2494.8657891004946,92037,1,2017,35772,2017,107094,0.4193359831657704,39893,7.821990214795091,10.484920743466072,11.581462232457563
96602,2270,92037,zip,CA,CA,San Diego,"San Diego-Chula Vista-Carlsbad, CA",San Diego County,2017-03-31,2553.238225213377,92037,1,2017,35772,2017,107094,0.4193359831657704,39893,7.845117724761832,10.484920743466072,11.581462232457563
96602,2270,92037,zip,CA,CA,San Diego,"San Diego-Chula Vista-Carlsbad, CA",San Diego County,2017-04-30,2612.491111917472,92037,1,2017,35772,2017,107094,0.4193359831657704,39893,7.868059494130426,10.484920743466072,11.581462232457563
96602,2270,92037,zip,CA,CA,San Diego,"San Diego-Chula Vista-Carlsbad, CA",San Diego County,2017-05-31,2591.6367452252643,92037,1,2017,35772,2017,107094,0.4193359831657704,39893,7.860044903061977,10.484920743466072,11.581462232457563
96602,2270,92037,zip,CA,CA,San Diego,"San Diego-Chula Vista-Carlsbad, CA",San Diego County,2017-06-30,2594.5489729911264,92037,1,2017,35772,2017,107094,0.4193359831657704,39893,7.8611679743248235,10.484920743466072,11.581462232457563
96602,2270,92037,zip,CA,CA,San Diego,"San Diego-Chula Vista-Carlsbad, CA",San Diego County,2017-07-31,2623.8471452118943,92037,1,2017,35772,2017,107094,0.4193359831657704,39893,7.872396895780302,10.484920743466072,11.581462232457563
96602,2270,92037,zip,CA,CA,San Diego,"San Diego-Chula Vista-Carlsbad, CA",San Diego County,2017-08-31,2627.974571443104,92037,1,2017,35772,2017,107094,0.4193359831657704,39893,7.8739687035466925,10.484920743466072,11.581462232457563
96602,2270,92037,zip,CA,CA,San Diego,"San Diego-Chula Vista-Carlsbad, CA",San Diego County,2017-09-30,2647.060362639584,92037,1,2017,35772,2017,107094,0.4193359831657704,39893,7.881205006137693,10.484920743466072,11.581462232457563
96602,2270,92037,zip,CA,CA,San Diego,"San Diego-Chula Vista-Carlsbad, CA",San Diego County,2017-10-31,2609.376580863614,92037,1,2017,35772,2017,107094,0.4193359831657704,39893,7.866866613878985,10.484920743466072,11.581462232457563
96602,2270,92037,zip,CA,CA,San Diego,"San Diego-Chula Vista-Carlsbad, CA",San Diego County,2017-11-30,2591.7949714080387,92037,1,2017,35772,2017,107094,0.4193359831657704,39893,7.8601059538065305,10.484920743466072,11.581462232457563
96602,2270,92037,zip,CA,CA,San Diego,"San Diego-Chula Vista-Carlsbad, CA",San Diego County,2017-12-31,2570.3614072015525,92037,1,2017,35772,2017,107094,0.4193359831657704,39893,7.851801793372699,10.484920743466072,11.581462232457563
96602,2270,92037,zip,CA,CA,San Diego,"San Diego-Chula Vista-Carlsbad, CA",San Diego County,2018-01-31,2626.584245823055,92037,1,2018,37887,2017,107094,0.4193359831657704,39893,7.873439515197739,10.54236332431428,11.581462232457563
96602,2270,92037,zip,CA,CA,San Diego,"San Diego-Chula Vista-Carlsbad, CA",San Diego County,2018-02-28,2656.300323406763,92037,1,2018,37887,2017,107094,0.4193359831657704,39893,7.884689577775814,10.54236332431428,11.581462232457563
96602,2270,92037,zip,CA,CA,San Diego,"San Diego-Chula Vista-Carlsbad, CA",San Diego County,2018-03-31,2673.6337463785417,92037,1,2018,37887,2017,107094,0.4193359831657704,39893,7.891193779836031,10.54236332431428,11.581462232457563
96602,2270,92037,zip,CA,CA,San Diego,"San Diego-Chula Vista-Carlsbad, CA",San Diego County,2018-04-30,2703.54685248819,92037,1,2018,37887,2017,107094,0.4193359831657704,39893,7.90231983898008,10.54236332431428,11.581462232457563
96602,2270,92037,zip,CA,CA,San Diego,"San Diego-Chula Vista-Carlsbad, CA",San Diego County,2018-05-31,2734.2754035602416,92037,1,2018,37887,2017,107094,0.4193359831657704,39893,7.913621745041789,10.54236332431428,11.581462232457563
96602,2270,92037,zip,CA,CA,San Diego,"San Diego-Chula Vista-Carlsbad, CA",San Diego County,2018-06-30,2752.6603146175903,92037,1,2018,37887,2017,107094,0.4193359831657704,39893,7.9203231101769065,10.54236332431428,11.581462232457563
96602,2270,92037,zip,CA,CA,San Diego,"San Diego-Chula Vista-Carlsbad, CA",San Diego County,2018-07-31,2722.0324403474483,92037,1,2018,37887,2017,107094,0.4193359831657704,39893,7.909134100975607,10.54236332431428,11.581462232457563
96602,2270,92037,zip,CA,CA,San Diego,"San Diego-Chula Vista-Carlsbad, CA",San Diego County,2018-08-31,2724.6638021034587,92037,1,2018,37887,2017,107094,0.4193359831657704,39893,7.9101003241111,10.54236332431428,11.581462232457563
96602,2270,92037,zip,CA,CA,San Diego,"San Diego-Chula Vista-Carlsbad, CA",San Diego County,2018-09-30,2727.8623878400977,92037,1,2018,37887,2017,107094,0.4193359831657704,39893,7.911273573350854,10.54236332431428,11.581462232457563
96602,2270,92037,zip,CA,CA,San Diego,"San Diego-Chula Vista-Carlsbad, CA",San Diego County,2018-10-31,2746.7689758056863,92037,1,2018,37887,2017,107094,0.4193359831657704,39893,7.918180582014645,10.54236332431428,11.581462232457563
96602,2270,92037,zip,CA,CA,San Diego,"San Diego-Chula Vista-Carlsbad, CA",San Diego County,2018-11-30,2771.807020457776,92037,1,2018,37887,2017,107094,0.4193359831657704,39893,7.927254740446913,10.54236332431428,11.581462232457563
96602,2270,92037,zip,CA,CA,San Diego,"San Diego-Chula Vista-Carlsbad, CA",San Diego County,2018-12-31,2792.670454277349,92037,1,2018,37887,2017,107094,0.4193359831657704,39893,7.934753569108188,10.54236332431428,11.581462232457563
96602,2270,92037,zip,CA,CA,San Diego,"San Diego-Chula Vista-Carlsbad, CA",San Diego County,2019-01-31,2814.951646487182,92037,1,2019,38736,2019,109194,0.3987759510380415,38168,7.9427003633346756,10.56452467917784,11.600881395728463
96602,2270,92037,zip,CA,CA,San Diego,"San Diego-Chula Vista-Carlsbad, CA",San Diego County,2019-02-28,2804.482654963709,92037,1,2019,38736,2019,109194,0.3987759510380415,38168,7.938974364213171,10.56452467917784,11.600881395728463
96602,2270,92037,zip,CA,CA,San Diego,"San Diego-Chula Vista-Carlsbad, CA",San Diego County,2019-03-31,2836.857125239536,92037,1,2019,38736,2019,109194,0.3987759510380415,38168,7.950452072327971,10.56452467917784,11.600881395728463
96602,2270,92037,zip,CA,CA,San Diego,"San Diego-Chula Vista-Carlsbad, CA",San Diego County,2019-04-30,2842.8286385164174,92037,1,2019,38736,2019,109194,0.3987759510380415,38168,7.952554834954487,10.56452467917784,11.600881395728463
96602,2270,92037,zip,CA,CA,San Diego,"San Diego-Chula Vista-Carlsbad, CA",San Diego County,2019-05-31,2870.4414645170764,92037,1,2019,38736,2019,109194,0.3987759510380415,38168,7.962221117313749,10.56452467917784,11.600881395728463
96602,2270,92037,zip,CA,CA,San Diego,"San Diego-Chula Vista-Carlsbad, CA",San Diego County,2019-06-30,2847.774860309629,92037,1,2019,38736,2019,109194,0.3987759510380415,38168,7.954293217549529,10.56452467917784,11.600881395728463
96602,2270,92037,zip,CA,CA,San Diego,"San Diego-Chula Vista-Carlsbad, CA",San Diego County,2019-07-31,2870.905708528803,92037,1,2019,38736,2019,109194,0.3987759510380415,38168,7.96238283685404,10.56452467917784,11.600881395728463
96602,2270,92037,zip,CA,CA,San Diego,"San Diego-Chula Vista-Carlsbad, CA",San Diego County,2019-08-31,2860.9337301282662,92037,1,2019,38736,2019,109194,0.3987759510380415,38168,7.958903329597033,10.56452467917784,11.600881395728463
96602,2270,92037,zip,CA,CA,San Diego,"San Diego-Chula Vista-Carlsbad, CA",San Diego County,2019-09-30,2880.843699393861,92037,1,2019,38736,2019,109194,0.3987759510380415,38168,7.965838481406598,10.56452467917784,11.600881395728463
96602,2270,92037,zip,CA,CA,San Diego,"San Diego-Chula Vista-Carlsbad, CA",San Diego County,2019-10-31,2878.290385519096,92037,1,2019,38736,2019,109194,0.3987759510380415,38168,7.9649517807309715,10.56452467917784,11.600881395728463
96602,2270,92037,zip,CA,CA,San Diego,"San Diego-Chula Vista-Carlsbad, CA",San Diego County,2019-11-30,2911.512370824384,92037,1,2019,38736,2019,109194,0.3987759510380415,38168,7.976427940220367,10.56452467917784,11.600881395728463
96602,2270,92037,zip,CA,CA,San Diego,"San Diego-Chula Vista-Carlsbad, CA",San Diego County,2019-12-31,2893.6382971386065,92037,1,2019,38736,2019,109194,0.3987759510380415,38168,7.970269915668706,10.56452467917784,11.600881395728463
96602,2270,92037,zip,CA,CA,San Diego,"San Diego-Chula Vista-Carlsbad, CA",San Diego County,2020-01-31,2912.120525937947,92037,1,2020,39576,2019,109194,0.3987759510380415,38168,7.9766367978618264,10.585978152907545,11.600881395728463
96602,2270,92037,zip,CA,CA,San Diego,"San Diego-Chula Vista-Carlsbad, CA",San Diego County,2020-02-29,2870.378398952957,92037,1,2020,39576,2019,109194,0.3987759510380415,38168,7.962199146387776,10.585978152907545,11.600881395728463
96602,2270,92037,zip,CA,CA,San Diego,"San Diego-Chula Vista-Carlsbad, CA",San Diego County,2020-03-31,2881.9839545206705,92037,1,2020,39576,2019,109194,0.3987759510380415,38168,7.966234209063286,10.585978152907545,11.600881395728463
96602,2270,92037,zip,CA,CA,San Diego,"San Diego-Chula Vista-Carlsbad, CA",San Diego County,2020-04-30,2855.923211063829,92037,1,2020,39576,2019,109194,0.3987759510380415,38168,7.957150436215604,10.585978152907545,11.600881395728463
96602,2270,92037,zip,CA,CA,San Diego,"San Diego-Chula Vista-Carlsbad, CA",San Diego County,2020-05-31,2860.349464472052,92037,1,2020,39576,2019,109194,0.3987759510380415,38168,7.958699086724106,10.585978152907545,11.600881395728463
96602,2270,92037,zip,CA,CA,San Diego,"San Diego-Chula Vista-Carlsbad, CA",San Diego County,2020-06-30,2862.341374505159,92037,1,2020,39576,2019,109194,0.3987759510380415,38168,7.959395231306995,10.585978152907545,11.600881395728463
96602,2270,92037,zip,CA,CA,San Diego,"San Diego-Chula Vista-Carlsbad, CA",San Diego County,2020-07-31,2867.911140822727,92037,1,2020,39576,2019,109194,0.3987759510380415,38168,7.961339218262794,10.585978152907545,11.600881395728463
96602,2270,92037,zip,CA,CA,San Diego,"San Diego-Chula Vista-Carlsbad, CA",San Diego County,2020-08-31,2882.458412615112,92037,1,2020,39576,2019,109194,0.3987759510380415,38168,7.966398824498845,10.585978152907545,11.600881395728463
96602,2270,92037,zip,CA,CA,San Diego,"San Diego-Chula Vista-Carlsbad, CA",San Diego County,2020-09-30,2914.236742643654,92037,1,2020,39576,2019,109194,0.3987759510380415,38168,7.977363226640981,10.585978152907545,11.600881395728463
96602,2270,92037,zip,CA,CA,San Diego,"San Diego-Chula Vista-Carlsbad, CA",San Diego County,2020-10-31,2954.525068854354,92037,1,2020,39576,2019,109194,0.3987759510380415,38168,7.991093195723282,10.585978152907545,11.600881395728463
96602,2270,92037,zip,CA,CA,San Diego,"San Diego-Chula Vista-Carlsbad, CA",San Diego County,2020-11-30,2961.7005264434742,92037,1,2020,39576,2019,109194,0.3987759510380415,38168,7.993518884531758,10.585978152907545,11.600881395728463
96602,2270,92037,zip,CA,CA,San Diego,"San Diego-Chula Vista-Carlsbad, CA",San Diego County,2020-12-31,3023.8870991778613,92037,1,2020,39576,2019,109194,0.3987759510380415,38168,8.014298401674502,10.585978152907545,11.600881395728463
96602,2270,92037,zip,CA,CA,San Diego,"San Diego-Chula Vista-Carlsbad, CA",San Diego County,2021-01-31,3044.205624482357,92037,1,2021,41885,2021,125636,0.3622567617182719,37505,8.020995267449916,10.64268304658791,11.741144116151187
96602,2270,92037,zip,CA,CA,San Diego,"San Diego-Chula Vista-Carlsbad, CA",San Diego County,2021-02-28,3058.54318031872,92037,1,2021,41885,2021,125636,0.3622567617182719,37505,8.025693996718882,10.64268304658791,11.741144116151187
96602,2270,92037,zip,CA,CA,San Diego,"San Diego-Chula Vista-Carlsbad, CA",San Diego County,2021-03-31,3026.3710210436343,92037,1,2021,41885,2021,125636,0.3622567617182719,37505,8.015119497884275,10.64268304658791,11.741144116151187
96602,2270,92037,zip,CA,CA,San Diego,"San Diego-Chula Vista-Carlsbad, CA",San Diego County,2021-04-30,3068.446535043961,92037,1,2021,41885,2021,125636,0.3622567617182719,37505,8.028926697868966,10.64268304658791,11.741144116151187
96602,2270,92037,zip,CA,CA,San Diego,"San Diego-Chula Vista-Carlsbad, CA",San Diego County,2021-05-31,3142.317935489854,92037,1,2021,41885,2021,125636,0.3622567617182719,37505,8.052716002585512,10.64268304658791,11.741144116151187
96602,2270,92037,zip,CA,CA,San Diego,"San Diego-Chula Vista-Carlsbad, CA",San Diego County,2021-06-30,3224.094939964624,92037,1,2021,41885,2021,125636,0.3622567617182719,37505,8.078407551072784,10.64268304658791,11.741144116151187
96602,2270,92037,zip,CA,CA,San Diego,"San Diego-Chula Vista-Carlsbad, CA",San Diego County,2021-07-31,3330.628518360957,92037,1,2021,41885,2021,125636,0.3622567617182719,37505,8.110916309417073,10.64268304658791,11.741144116151187
96602,2270,92037,zip,CA,CA,San Diego,"San Diego-Chula Vista-Carlsbad, CA",San Diego County,2021-08-31,3434.730454471964,92037,1,2021,41885,2021,125636,0.3622567617182719,37505,8.141693731263654,10.64268304658791,11.741144116151187
96602,2270,92037,zip,CA,CA,San Diego,"San Diego-Chula Vista-Carlsbad, CA",San Diego County,2021-09-30,3498.248226480652,92037,1,2021,41885,2021,125636,0.3622567617182719,37505,8.160017615462394,10.64268304658791,11.741144116151187
96602,2270,92037,zip,CA,CA,San Diego,"San Diego-Chula Vista-Carlsbad, CA",San Diego County,2021-10-31,3517.468340513955,92037,1,2021,41885,2021,125636,0.3622567617182719,37505,8.16549678838342,10.64268304658791,11.741144116151187
96602,2270,92037,zip,CA,CA,San Diego,"San Diego-Chula Vista-Carlsbad, CA",San Diego County,2021-11-30,3537.79408482614,92037,1,2021,41885,2021,125636,0.3622567617182719,37505,8.17125867201585,10.64268304658791,11.741144116151187
96602,2270,92037,zip,CA,CA,San Diego,"San Diego-Chula Vista-Carlsbad, CA",San Diego County,2021-12-31,3600.698375630805,92037,1,2021,41885,2021,125636,0.3622567617182719,37505,8.188883098860726,10.64268304658791,11.741144116151187
96602,2270,92037,zip,CA,CA,San Diego,"San Diego-Chula Vista-Carlsbad, CA",San Diego County,2022-01-31,3633.95359518701,92037,1,2022,42006,2021,125636,0.3622567617182719,37505,8.198076479250757,10.645567744205252,11.741144116151187
96602,2270,92037,zip,CA,CA,San Diego,"San Diego-Chula Vista-Carlsbad, CA",San Diego County,2022-02-28,3686.842156339463,92037,1,2022,42006,2021,125636,0.3622567617182719,37505,8.212525586452385,10.645567744205252,11.741144116151187
96602,2270,92037,zip,CA,CA,San Diego,"San Diego-Chula Vista-Carlsbad, CA",San Diego County,2022-03-31,3711.774202750292,92037,1,2022,42006,2021,125636,0.3622567617182719,37505,8.219265263055473,10.645567744205252,11.741144116151187
96602,2270,92037,zip,CA,CA,San Diego,"San Diego-Chula Vista-Carlsbad, CA",San Diego County,2022-04-30,3737.870946201376,92037,1,2022,42006,2021,125636,0.3622567617182719,37505,8.22627146259377,10.645567744205252,11.741144116151187
96602,2270,92037,zip,CA,CA,San Diego,"San Diego-Chula Vista-Carlsbad, CA",San Diego County,2022-05-31,3790.3081460374906,92037,1,2022,42006,2021,125636,0.3622567617182719,37505,8.240202599794483,10.645567744205252,11.741144116151187
96602,2270,92037,zip,CA,CA,San Diego,"San Diego-Chula Vista-Carlsbad, CA",San Diego County,2022-06-30,3838.4162827855152,92037,1,2022,42006,2021,125636,0.3622567617182719,37505,8.252815134152693,10.645567744205252,11.741144116151187
96602,2270,92037,zip,CA,CA,San Diego,"San Diego-Chula Vista-Carlsbad, CA",San Diego County,2022-07-31,3912.79342459144,92037,1,2022,42006,2021,125636,0.3622567617182719,37505,8.272006828736984,10.645567744205252,11.741144116151187
96602,2270,92037,zip,CA,CA,San Diego,"San Diego-Chula Vista-Carlsbad, CA",San Diego County,2022-08-31,3932.076307195373,92037,1,2022,42006,2021,125636,0.3622567617182719,37505,8.276922887791713,10.645567744205252,11.741144116151187
96602,2270,92037,zip,CA,CA,San Diego,"San Diego-Chula Vista-Carlsbad, CA",San Diego County,2022-09-30,3922.593404761047,92037,1,2022,42006,2021,125636,0.3622567617182719,37505,8.274508296882258,10.645567744205252,11.741144116151187
96602,2270,92037,zip,CA,CA,San Diego,"San Diego-Chula Vista-Carlsbad, CA",San Diego County,2022-10-31,3854.004604340794,92037,1,2022,42006,2021,125636,0.3622567617182719,37505,8.256868043665033,10.645567744205252,11.741144116151187
96602,2270,92037,zip,CA,CA,San Diego,"San Diego-Chula Vista-Carlsbad, CA",San Diego County,2022-11-30,3822.746269936473,92037,1,2022,42006,2021,125636,0.3622567617182719,37505,8.248724362133805,10.645567744205252,11.741144116151187
96602,2270,92037,zip,CA,CA,San Diego,"San Diego-Chula Vista-Carlsbad, CA",San Diego County,2022-12-31,3813.1040462836495,92037,1,2022,42006,2021,125636,0.3622567617182719,37505,8.246198846735115,10.645567744205252,11.741144116151187
96602,2270,92037,zip,CA,CA,San Diego,"San Diego-Chula Vista-Carlsbad, CA",San Diego County,2023-01-31,3838.094421972926,92037,1,2023,42376,2023,141822,0.380349900115019,39284,8.252731278133947,10.654337443224362,11.862328029141853
96602,2270,92037,zip,CA,CA,San Diego,"San Diego-Chula Vista-Carlsbad, CA",San Diego County,2023-02-28,3843.6284836060577,92037,1,2023,42376,2023,141822,0.380349900115019,39284,8.254172117033907,10.654337443224362,11.862328029141853
96602,2270,92037,zip,CA,CA,San Diego,"San Diego-Chula Vista-Carlsbad, CA",San Diego County,2023-03-31,3915.066019423581,92037,1,2023,42376,2023,141822,0.380349900115019,39284,8.272587471481593,10.654337443224362,11.862328029141853
96602,2270,92037,zip,CA,CA,San Diego,"San Diego-Chula Vista-Carlsbad, CA",San Diego County,2023-04-30,3978.5885848820894,92037,1,2023,42376,2023,141822,0.380349900115019,39284,8.288682408469441,10.654337443224362,11.862328029141853
96602,2270,92037,zip,CA,CA,San Diego,"San Diego-Chula Vista-Carlsbad, CA",San Diego County,2023-05-31,4084.9118170395423,92037,1,2023,42376,2023,141822,0.380349900115019,39284,8.315055420045077,10.654337443224362,11.862328029141853
96602,2270,92037,zip,CA,CA,San Diego,"San Diego-Chula Vista-Carlsbad, CA",San Diego County,2023-06-30,4107.423635615423,92037,1,2023,42376,2023,141822,0.380349900115019,39284,8.320551258287699,10.654337443224362,11.862328029141853
96602,2270,92037,zip,CA,CA,San Diego,"San Diego-Chula Vista-Carlsbad, CA",San Diego County,2023-07-31,4148.076999311581,92037,1,2023,42376,2023,141822,0.380349900115019,39284,8.330400132174134,10.654337443224362,11.862328029141853
96602,2270,92037,zip,CA,CA,San Diego,"San Diego-Chula Vista-Carlsbad, CA",San Diego County,2023-08-31,4089.880689444378,92037,1,2023,42376,2023,141822,0.380349900115019,39284,8.316271077326364,10.654337443224362,11.862328029141853
96602,2270,92037,zip,CA,CA,San Diego,"San Diego-Chula Vista-Carlsbad, CA",San Diego County,2023-09-30,4067.392104371566,92037,1,2023,42376,2023,141822,0.380349900115019,39284,8.310757312465167,10.654337443224362,11.862328029141853
96602,2270,92037,zip,CA,CA,San Diego,"San Diego-Chula Vista-Carlsbad, CA",San Diego County,2023-10-31,3999.1872592763134,92037,1,2023,42376,2023,141822,0.380349900115019,39284,8.293846434276201,10.654337443224362,11.862328029141853
96602,2270,92037,zip,CA,CA,San Diego,"San Diego-Chula Vista-Carlsbad, CA",San Diego County,2023-11-30,4030.894134142557,92037,1,2023,42376,2023,141822,0.380349900115019,39284,8.30174349984561,10.654337443224362,11.862328029141853
96602,2270,92037,zip,CA,CA,San Diego,"San Diego-Chula Vista-Carlsbad, CA",San Diego County,2023-12-31,3986.9770928138064,92037,1,2023,42376,2023,141822,0.380349900115019,39284,8.290788601895526,10.654337443224362,11.862328029141853
96602,2270,92037,zip,CA,CA,San Diego,"San Diego-Chula Vista-Carlsbad, CA",San Diego County,2024-01-31,3958.07189742675,92037,1,2024,44256,2023,141822,0.380349900115019,39284,8.283512291087662,10.697746234464486,11.862328029141853
96602,2270,92037,zip,CA,CA,San Diego,"San Diego-Chula Vista-Carlsbad, CA",San Diego County,2024-02-29,3938.754430172344,92037,1,2024,44256,2023,141822,0.380349900115019,39284,8.278619817836919,10.697746234464486,11.862328029141853
96602,2270,92037,zip,CA,CA,San Diego,"San Diego-Chula Vista-Carlsbad, CA",San Diego County,2024-03-31,3954.2714133676327,92037,1,2024,44256,2023,141822,0.380349900115019,39284,8.2825516441081,10.697746234464486,11.862328029141853
96602,2270,92037,zip,CA,CA,San Diego,"San Diego-Chula Vista-Carlsbad, CA",San Diego County,2024-04-30,4034.854174752925,92037,1,2024,44256,2023,141822,0.380349900115019,39284,8.302725439964965,10.697746234464486,11.862328029141853
96602,2270,92037,zip,CA,CA,San Diego,"San Diego-Chula Vista-Carlsbad, CA",San Diego County,2024-05-31,4075.994147162527,92037,1,2024,44256,2023,141822,0.380349900115019,39284,8.312869958414824,10.697746234464486,11.862328029141853
96602,2270,92037,zip,CA,CA,San Diego,"San Diego-Chula Vista-Carlsbad, CA",San Diego County,2024-06-30,4114.522941095182,92037,1,2024,44256,2023,141822,0.380349900115019,39284,8.32227817470046,10.697746234464486,11.862328029141853
96602,2270,92037,zip,CA,CA,San Diego,"San Diego-Chula Vista-Carlsbad, CA",San Diego County,2024-07-31,4138.305745165729,92037,1,2024,44256,2023,141822,0.380349900115019,39284,8.328041742759563,10.697746234464486,11.862328029141853
96602,2270,92037,zip,CA,CA,San Diego,"San Diego-Chula Vista-Carlsbad, CA",San Diego County,2024-08-31,4147.834224029629,92037,1,2024,44256,2023,141822,0.380349900115019,39284,8.330341603273453,10.697746234464486,11.862328029141853
96602,2270,92037,zip,CA,CA,San Diego,"San Diego-Chula Vista-Carlsbad, CA",San Diego County,2024-09-30,4184.784274007592,92037,1,2024,44256,2023,141822,0.380349900115019,39284,8.339210434165473,10.697746234464486,11.862328029141853
96602,2270,92037,zip,CA,CA,San Diego,"San Diego-Chula Vista-Carlsbad, CA",San Diego County,2024-10-31,4153.526512251488,92037,1,2024,44256,2023,141822,0.380349900115019,39284,8.331713014369742,10.697746234464486,11.862328029141853
96602,2270,92037,zip,CA,CA,San Diego,"San Diego-Chula Vista-Carlsbad, CA",San Diego County,2024-11-30,4098.281612272736,92037,1,2024,44256,2023,141822,0.380349900115019,39284,8.31832304587963,10.697746234464486,11.862328029141853
96602,2270,92037,zip,CA,CA,San Diego,"San Diego-Chula Vista-Carlsbad, CA",San Diego County,2024-12-31,4042.1760765451854,92037,1,2024,44256,2023,141822,0.380349900115019,39284,8.304538458752829,10.697746234464486,11.862328029141853
96610,2205,92054,zip,CA,CA,Oceanside,"San Diego-Chula Vista-Carlsbad, CA",San Diego County,2015-01-31,1444.005739352212,92054,0,2015,32906,2017,56170,0.6208857160907195,43554,7.275176294065518,10.401410290946595,10.936138085526478
96610,2205,92054,zip,CA,CA,Oceanside,"San Diego-Chula Vista-Carlsbad, CA",San Diego County,2015-02-28,1460.374602650492,92054,0,2015,32906,2017,56170,0.6208857160907195,43554,7.286448258949964,10.401410290946595,10.936138085526478
96610,2205,92054,zip,CA,CA,Oceanside,"San Diego-Chula Vista-Carlsbad, CA",San Diego County,2015-03-31,1490.8793336137292,92054,0,2015,32906,2017,56170,0.6208857160907195,43554,7.307121381653209,10.401410290946595,10.936138085526478
96610,2205,92054,zip,CA,CA,Oceanside,"San Diego-Chula Vista-Carlsbad, CA",San Diego County,2015-04-30,1488.9639064099213,92054,0,2015,32906,2017,56170,0.6208857160907195,43554,7.305835792235693,10.401410290946595,10.936138085526478
96610,2205,92054,zip,CA,CA,Oceanside,"San Diego-Chula Vista-Carlsbad, CA",San Diego County,2015-05-31,1474.2379213077663,92054,0,2015,32906,2017,56170,0.6208857160907195,43554,7.295896471737175,10.401410290946595,10.936138085526478
96610,2205,92054,zip,CA,CA,Oceanside,"San Diego-Chula Vista-Carlsbad, CA",San Diego County,2015-06-30,1477.9168759583265,92054,0,2015,32906,2017,56170,0.6208857160907195,43554,7.298388859032338,10.401410290946595,10.936138085526478
96610,2205,92054,zip,CA,CA,Oceanside,"San Diego-Chula Vista-Carlsbad, CA",San Diego County,2015-07-31,1489.9129508352014,92054,0,2015,32906,2017,56170,0.6208857160907195,43554,7.3064729749746045,10.401410290946595,10.936138085526478
96610,2205,92054,zip,CA,CA,Oceanside,"San Diego-Chula Vista-Carlsbad, CA",San Diego County,2015-08-31,1503.4818609904876,92054,0,2015,32906,2017,56170,0.6208857160907195,43554,7.315538937833351,10.401410290946595,10.936138085526478
96610,2205,92054,zip,CA,CA,Oceanside,"San Diego-Chula Vista-Carlsbad, CA",San Diego County,2015-10-31,1529.9780156240186,92054,0,2015,32906,2017,56170,0.6208857160907195,43554,7.333008645410057,10.401410290946595,10.936138085526478
96610,2205,92054,zip,CA,CA,Oceanside,"San Diego-Chula Vista-Carlsbad, CA",San Diego County,2015-11-30,1553.3464940899314,92054,0,2015,32906,2017,56170,0.6208857160907195,43554,7.348166911005774,10.401410290946595,10.936138085526478
96610,2205,92054,zip,CA,CA,Oceanside,"San Diego-Chula Vista-Carlsbad, CA",San Diego County,2015-12-31,1544.1663444321389,92054,0,2015,32906,2017,56170,0.6208857160907195,43554,7.34223946081279,10.401410290946595,10.936138085526478
96610,2205,92054,zip,CA,CA,Oceanside,"San Diego-Chula Vista-Carlsbad, CA",San Diego County,2016-01-31,1559.2324818993702,92054,0,2016,34979,2017,56170,0.6208857160907195,43554,7.351948980390014,10.462503160399518,10.936138085526478
96610,2205,92054,zip,CA,CA,Oceanside,"San Diego-Chula Vista-Carlsbad, CA",San Diego County,2016-02-29,1539.663818347249,92054,0,2016,34979,2017,56170,0.6208857160907195,43554,7.339319371802297,10.462503160399518,10.936138085526478
96610,2205,92054,zip,CA,CA,Oceanside,"San Diego-Chula Vista-Carlsbad, CA",San Diego County,2016-03-31,1593.9587257222038,92054,0,2016,34979,2017,56170,0.6208857160907195,43554,7.373975965490579,10.462503160399518,10.936138085526478
96610,2205,92054,zip,CA,CA,Oceanside,"San Diego-Chula Vista-Carlsbad, CA",San Diego County,2016-04-30,1615.79341351144,92054,0,2016,34979,2017,56170,0.6208857160907195,43554,7.387581392735431,10.462503160399518,10.936138085526478
96610,2205,92054,zip,CA,CA,Oceanside,"San Diego-Chula Vista-Carlsbad, CA",San Diego County,2016-05-31,1649.5041590394223,92054,0,2016,34979,2017,56170,0.6208857160907195,43554,7.4082300120594695,10.462503160399518,10.936138085526478
96610,2205,92054,zip,CA,CA,Oceanside,"San Diego-Chula Vista-Carlsbad, CA",San Diego County,2016-06-30,1612.5667195841568,92054,0,2016,34979,2017,56170,0.6208857160907195,43554,7.385582424300243,10.462503160399518,10.936138085526478
96610,2205,92054,zip,CA,CA,Oceanside,"San Diego-Chula Vista-Carlsbad, CA",San Diego County,2016-07-31,1644.64030524644,92054,0,2016,34979,2017,56170,0.6208857160907195,43554,7.405276979865358,10.462503160399518,10.936138085526478
96610,2205,92054,zip,CA,CA,Oceanside,"San Diego-Chula Vista-Carlsbad, CA",San Diego County,2016-08-31,1667.855737768347,92054,0,2016,34979,2017,56170,0.6208857160907195,43554,7.4192940910299034,10.462503160399518,10.936138085526478
96610,2205,92054,zip,CA,CA,Oceanside,"San Diego-Chula Vista-Carlsbad, CA",San Diego County,2016-09-30,1690.4104949613943,92054,0,2016,34979,2017,56170,0.6208857160907195,43554,7.432726674849419,10.462503160399518,10.936138085526478
96610,2205,92054,zip,CA,CA,Oceanside,"San Diego-Chula Vista-Carlsbad, CA",San Diego County,2016-10-31,1662.4008475025332,92054,0,2016,34979,2017,56170,0.6208857160907195,43554,7.416018130151458,10.462503160399518,10.936138085526478
96610,2205,92054,zip,CA,CA,Oceanside,"San Diego-Chula Vista-Carlsbad, CA",San Diego County,2016-11-30,1684.6081154652209,92054,0,2016,34979,2017,56170,0.6208857160907195,43554,7.429288243313101,10.462503160399518,10.936138085526478
96610,2205,92054,zip,CA,CA,Oceanside,"San Diego-Chula Vista-Carlsbad, CA",San Diego County,2016-12-31,1724.2081172774276,92054,0,2016,34979,2017,56170,0.6208857160907195,43554,7.452523161616168,10.462503160399518,10.936138085526478
96610,2205,92054,zip,CA,CA,Oceanside,"San Diego-Chula Vista-Carlsbad, CA",San Diego County,2017-01-31,1737.5856836870887,92054,0,2017,35772,2017,56170,0.6208857160907195,43554,7.460251890575316,10.484920743466072,10.936138085526478
96610,2205,92054,zip,CA,CA,Oceanside,"San Diego-Chula Vista-Carlsbad, CA",San Diego County,2017-02-28,1726.0495763212616,92054,0,2017,35772,2017,56170,0.6208857160907195,43554,7.453590594476096,10.484920743466072,10.936138085526478
96610,2205,92054,zip,CA,CA,Oceanside,"San Diego-Chula Vista-Carlsbad, CA",San Diego County,2017-03-31,1714.7642127712486,92054,0,2017,35772,2017,56170,0.6208857160907195,43554,7.447030864883497,10.484920743466072,10.936138085526478
96610,2205,92054,zip,CA,CA,Oceanside,"San Diego-Chula Vista-Carlsbad, CA",San Diego County,2017-04-30,1735.9548382657156,92054,0,2017,35772,2017,56170,0.6208857160907195,43554,7.4593128800580075,10.484920743466072,10.936138085526478
96610,2205,92054,zip,CA,CA,Oceanside,"San Diego-Chula Vista-Carlsbad, CA",San Diego County,2017-05-31,1764.091040016555,92054,0,2017,35772,2017,56170,0.6208857160907195,43554,7.475390845221696,10.484920743466072,10.936138085526478
96610,2205,92054,zip,CA,CA,Oceanside,"San Diego-Chula Vista-Carlsbad, CA",San Diego County,2017-06-30,1787.956001662756,92054,0,2017,35772,2017,56170,0.6208857160907195,43554,7.488828347859522,10.484920743466072,10.936138085526478
96610,2205,92054,zip,CA,CA,Oceanside,"San Diego-Chula Vista-Carlsbad, CA",San Diego County,2017-07-31,1806.7240225364133,92054,0,2017,35772,2017,56170,0.6208857160907195,43554,7.499270552053036,10.484920743466072,10.936138085526478
96610,2205,92054,zip,CA,CA,Oceanside,"San Diego-Chula Vista-Carlsbad, CA",San Diego County,2017-08-31,1801.4796609543505,92054,0,2017,35772,2017,56170,0.6208857160907195,43554,7.496363640062994,10.484920743466072,10.936138085526478
96610,2205,92054,zip,CA,CA,Oceanside,"San Diego-Chula Vista-Carlsbad, CA",San Diego County,2017-09-30,1821.8584479866488,92054,0,2017,35772,2017,56170,0.6208857160907195,43554,7.507612384344461,10.484920743466072,10.936138085526478
96610,2205,92054,zip,CA,CA,Oceanside,"San Diego-Chula Vista-Carlsbad, CA",San Diego County,2017-10-31,1815.116569674541,92054,0,2017,35772,2017,56170,0.6208857160907195,43554,7.503904970352568,10.484920743466072,10.936138085526478
96610,2205,92054,zip,CA,CA,Oceanside,"San Diego-Chula Vista-Carlsbad, CA",San Diego County,2017-11-30,1812.6395436614064,92054,0,2017,35772,2017,56170,0.6208857160907195,43554,7.502539373371575,10.484920743466072,10.936138085526478
96610,2205,92054,zip,CA,CA,Oceanside,"San Diego-Chula Vista-Carlsbad, CA",San Diego County,2017-12-31,1826.5310346541933,92054,0,2017,35772,2017,56170,0.6208857160907195,43554,7.510173837415483,10.484920743466072,10.936138085526478
96610,2205,92054,zip,CA,CA,Oceanside,"San Diego-Chula Vista-Carlsbad, CA",San Diego County,2018-01-31,1852.67268812345,92054,0,2018,37887,2017,56170,0.6208857160907195,43554,7.524384571785651,10.54236332431428,10.936138085526478
96610,2205,92054,zip,CA,CA,Oceanside,"San Diego-Chula Vista-Carlsbad, CA",San Diego County,2018-02-28,1870.038440263227,92054,0,2018,37887,2017,56170,0.6208857160907195,43554,7.53371426592785,10.54236332431428,10.936138085526478
96610,2205,92054,zip,CA,CA,Oceanside,"San Diego-Chula Vista-Carlsbad, CA",San Diego County,2018-03-31,1847.572551407112,92054,0,2018,37887,2017,56170,0.6208857160907195,43554,7.521627922095754,10.54236332431428,10.936138085526478
96610,2205,92054,zip,CA,CA,Oceanside,"San Diego-Chula Vista-Carlsbad, CA",San Diego County,2018-04-30,1866.989712146058,92054,0,2018,37887,2017,56170,0.6208857160907195,43554,7.532082633160209,10.54236332431428,10.936138085526478
96610,2205,92054,zip,CA,CA,Oceanside,"San Diego-Chula Vista-Carlsbad, CA",San Diego County,2018-05-31,1888.6130524758755,92054,0,2018,37887,2017,56170,0.6208857160907195,43554,7.5435980039963795,10.54236332431428,10.936138085526478
96610,2205,92054,zip,CA,CA,Oceanside,"San Diego-Chula Vista-Carlsbad, CA",San Diego County,2018-06-30,1916.166629617975,92054,0,2018,37887,2017,56170,0.6208857160907195,43554,7.5580819221908895,10.54236332431428,10.936138085526478
96610,2205,92054,zip,CA,CA,Oceanside,"San Diego-Chula Vista-Carlsbad, CA",San Diego County,2018-07-31,1899.9426748151384,92054,0,2018,37887,2017,56170,0.6208857160907195,43554,7.549578993549447,10.54236332431428,10.936138085526478
96610,2205,92054,zip,CA,CA,Oceanside,"San Diego-Chula Vista-Carlsbad, CA",San Diego County,2018-08-31,1906.2477044868087,92054,0,2018,37887,2017,56170,0.6208857160907195,43554,7.552892036151356,10.54236332431428,10.936138085526478
96610,2205,92054,zip,CA,CA,Oceanside,"San Diego-Chula Vista-Carlsbad, CA",San Diego County,2018-09-30,1901.1300246944625,92054,0,2018,37887,2017,56170,0.6208857160907195,43554,7.550203738200132,10.54236332431428,10.936138085526478
96610,2205,92054,zip,CA,CA,Oceanside,"San Diego-Chula Vista-Carlsbad, CA",San Diego County,2018-10-31,1917.7222827722856,92054,0,2018,37887,2017,56170,0.6208857160907195,43554,7.558893449741758,10.54236332431428,10.936138085526478
96610,2205,92054,zip,CA,CA,Oceanside,"San Diego-Chula Vista-Carlsbad, CA",San Diego County,2018-11-30,1907.1496712479689,92054,0,2018,37887,2017,56170,0.6208857160907195,43554,7.553365087705709,10.54236332431428,10.936138085526478
96610,2205,92054,zip,CA,CA,Oceanside,"San Diego-Chula Vista-Carlsbad, CA",San Diego County,2018-12-31,1918.39175657334,92054,0,2018,37887,2017,56170,0.6208857160907195,43554,7.559242487231772,10.54236332431428,10.936138085526478
96610,2205,92054,zip,CA,CA,Oceanside,"San Diego-Chula Vista-Carlsbad, CA",San Diego County,2019-01-31,1923.078450463892,92054,0,2019,38736,2019,63404,0.5874780573434757,41807,7.561682540629709,10.56452467917784,11.057282229917783
96610,2205,92054,zip,CA,CA,Oceanside,"San Diego-Chula Vista-Carlsbad, CA",San Diego County,2019-02-28,1949.482667168754,92054,0,2019,38736,2019,63404,0.5874780573434757,41807,7.575319317471998,10.56452467917784,11.057282229917783
96610,2205,92054,zip,CA,CA,Oceanside,"San Diego-Chula Vista-Carlsbad, CA",San Diego County,2019-03-31,1970.925256413601,92054,0,2019,38736,2019,63404,0.5874780573434757,41807,7.586258384776446,10.56452467917784,11.057282229917783
96610,2205,92054,zip,CA,CA,Oceanside,"San Diego-Chula Vista-Carlsbad, CA",San Diego County,2019-04-30,1967.9535058992408,92054,0,2019,38736,2019,63404,0.5874780573434757,41807,7.584749452281924,10.56452467917784,11.057282229917783
96610,2205,92054,zip,CA,CA,Oceanside,"San Diego-Chula Vista-Carlsbad, CA",San Diego County,2019-05-31,1979.070061437976,92054,0,2019,38736,2019,63404,0.5874780573434757,41807,7.5903823474205705,10.56452467917784,11.057282229917783
96610,2205,92054,zip,CA,CA,Oceanside,"San Diego-Chula Vista-Carlsbad, CA",San Diego County,2019-06-30,1987.268263351692,92054,0,2019,38736,2019,63404,0.5874780573434757,41807,7.59451624267477,10.56452467917784,11.057282229917783
96610,2205,92054,zip,CA,CA,Oceanside,"San Diego-Chula Vista-Carlsbad, CA",San Diego County,2019-07-31,2006.898355251304,92054,0,2019,38736,2019,63404,0.5874780573434757,41807,7.60434570239739,10.56452467917784,11.057282229917783
96610,2205,92054,zip,CA,CA,Oceanside,"San Diego-Chula Vista-Carlsbad, CA",San Diego County,2019-08-31,1994.0415215330088,92054,0,2019,38736,2019,63404,0.5874780573434757,41807,7.597918773541196,10.56452467917784,11.057282229917783
96610,2205,92054,zip,CA,CA,Oceanside,"San Diego-Chula Vista-Carlsbad, CA",San Diego County,2019-09-30,1977.3567077935736,92054,0,2019,38736,2019,63404,0.5874780573434757,41807,7.589516235723606,10.56452467917784,11.057282229917783
96610,2205,92054,zip,CA,CA,Oceanside,"San Diego-Chula Vista-Carlsbad, CA",San Diego County,2019-10-31,1984.014237534856,92054,0,2019,38736,2019,63404,0.5874780573434757,41807,7.5928774639959125,10.56452467917784,11.057282229917783
96610,2205,92054,zip,CA,CA,Oceanside,"San Diego-Chula Vista-Carlsbad, CA",San Diego County,2019-11-30,1989.453560569384,92054,0,2019,38736,2019,63404,0.5874780573434757,41807,7.595615287332364,10.56452467917784,11.057282229917783
96610,2205,92054,zip,CA,CA,Oceanside,"San Diego-Chula Vista-Carlsbad, CA",San Diego County,2019-12-31,2005.7460331072475,92054,0,2019,38736,2019,63404,0.5874780573434757,41807,7.603771356871494,10.56452467917784,11.057282229917783
96610,2205,92054,zip,CA,CA,Oceanside,"San Diego-Chula Vista-Carlsbad, CA",San Diego County,2020-01-31,1997.3785988106767,92054,0,2020,39576,2019,63404,0.5874780573434757,41807,7.599590899228091,10.585978152907545,11.057282229917783
96610,2205,92054,zip,CA,CA,Oceanside,"San Diego-Chula Vista-Carlsbad, CA",San Diego County,2020-02-29,1999.6813890174587,92054,0,2020,39576,2019,63404,0.5874780573434757,41807,7.600743141360344,10.585978152907545,11.057282229917783
96610,2205,92054,zip,CA,CA,Oceanside,"San Diego-Chula Vista-Carlsbad, CA",San Diego County,2020-03-31,1998.2394593965137,92054,0,2020,39576,2019,63404,0.5874780573434757,41807,7.60002180157492,10.585978152907545,11.057282229917783
96610,2205,92054,zip,CA,CA,Oceanside,"San Diego-Chula Vista-Carlsbad, CA",San Diego County,2020-04-30,2007.006354181164,92054,0,2020,39576,2019,63404,0.5874780573434757,41807,7.604399514800875,10.585978152907545,11.057282229917783
96610,2205,92054,zip,CA,CA,Oceanside,"San Diego-Chula Vista-Carlsbad, CA",San Diego County,2020-05-31,2008.758842548364,92054,0,2020,39576,2019,63404,0.5874780573434757,41807,7.6052723190573985,10.585978152907545,11.057282229917783
96610,2205,92054,zip,CA,CA,Oceanside,"San Diego-Chula Vista-Carlsbad, CA",San Diego County,2020-06-30,2029.7755689512453,92054,0,2020,39576,2019,63404,0.5874780573434757,41807,7.615680508757065,10.585978152907545,11.057282229917783
96610,2205,92054,zip,CA,CA,Oceanside,"San Diego-Chula Vista-Carlsbad, CA",San Diego County,2020-07-31,2046.1452375624765,92054,0,2020,39576,2019,63404,0.5874780573434757,41807,7.623712930093095,10.585978152907545,11.057282229917783
96610,2205,92054,zip,CA,CA,Oceanside,"San Diego-Chula Vista-Carlsbad, CA",San Diego County,2020-08-31,2071.643937416452,92054,0,2020,39576,2019,63404,0.5874780573434757,41807,7.636097743736121,10.585978152907545,11.057282229917783
96610,2205,92054,zip,CA,CA,Oceanside,"San Diego-Chula Vista-Carlsbad, CA",San Diego County,2020-09-30,2088.823303571156,92054,0,2020,39576,2019,63404,0.5874780573434757,41807,7.644356173762343,10.585978152907545,11.057282229917783
96610,2205,92054,zip,CA,CA,Oceanside,"San Diego-Chula Vista-Carlsbad, CA",San Diego County,2020-10-31,2114.0992519354704,92054,0,2020,39576,2019,63404,0.5874780573434757,41807,7.656384115155638,10.585978152907545,11.057282229917783
96610,2205,92054,zip,CA,CA,Oceanside,"San Diego-Chula Vista-Carlsbad, CA",San Diego County,2020-11-30,2121.128908848099,92054,0,2020,39576,2019,63404,0.5874780573434757,41807,7.659703730109655,10.585978152907545,11.057282229917783
96610,2205,92054,zip,CA,CA,Oceanside,"San Diego-Chula Vista-Carlsbad, CA",San Diego County,2020-12-31,2120.701111205687,92054,0,2020,39576,2019,63404,0.5874780573434757,41807,7.659502025825494,10.585978152907545,11.057282229917783
96610,2205,92054,zip,CA,CA,Oceanside,"San Diego-Chula Vista-Carlsbad, CA",San Diego County,2021-01-31,2117.587715216039,92054,0,2021,41885,2021,64694,0.5953051643192488,37567,7.658032849619166,10.64268304658791,11.077423740485525
96610,2205,92054,zip,CA,CA,Oceanside,"San Diego-Chula Vista-Carlsbad, CA",San Diego County,2021-02-28,2156.626307820832,92054,0,2021,41885,2021,64694,0.5953051643192488,37567,7.676300385121983,10.64268304658791,11.077423740485525
96610,2205,92054,zip,CA,CA,Oceanside,"San Diego-Chula Vista-Carlsbad, CA",San Diego County,2021-03-31,2151.128124842993,92054,0,2021,41885,2021,64694,0.5953051643192488,37567,7.673747692739255,10.64268304658791,11.077423740485525
96610,2205,92054,zip,CA,CA,Oceanside,"San Diego-Chula Vista-Carlsbad, CA",San Diego County,2021-04-30,2163.337271700521,92054,0,2021,41885,2021,64694,0.5953051643192488,37567,7.679407341537084,10.64268304658791,11.077423740485525
96610,2205,92054,zip,CA,CA,Oceanside,"San Diego-Chula Vista-Carlsbad, CA",San Diego County,2021-05-31,2177.070067309364,92054,0,2021,41885,2021,64694,0.5953051643192488,37567,7.685735245975852,10.64268304658791,11.077423740485525
96610,2205,92054,zip,CA,CA,Oceanside,"San Diego-Chula Vista-Carlsbad, CA",San Diego County,2021-06-30,2206.466268384512,92054,0,2021,41885,2021,64694,0.5953051643192488,37567,7.6991475412075285,10.64268304658791,11.077423740485525
96610,2205,92054,zip,CA,CA,Oceanside,"San Diego-Chula Vista-Carlsbad, CA",San Diego County,2021-07-31,2249.7095651385016,92054,0,2021,41885,2021,64694,0.5953051643192488,37567,7.718556404705981,10.64268304658791,11.077423740485525
96610,2205,92054,zip,CA,CA,Oceanside,"San Diego-Chula Vista-Carlsbad, CA",San Diego County,2021-08-31,2262.0670547072123,92054,0,2021,41885,2021,64694,0.5953051643192488,37567,7.724034300227501,10.64268304658791,11.077423740485525
96610,2205,92054,zip,CA,CA,Oceanside,"San Diego-Chula Vista-Carlsbad, CA",San Diego County,2021-09-30,2334.4759823397712,92054,0,2021,41885,2021,64694,0.5953051643192488,37567,7.755542726219183,10.64268304658791,11.077423740485525
96610,2205,92054,zip,CA,CA,Oceanside,"San Diego-Chula Vista-Carlsbad, CA",San Diego County,2021-10-31,2376.242092342423,92054,0,2021,41885,2021,64694,0.5953051643192488,37567,7.773275566008537,10.64268304658791,11.077423740485525
96610,2205,92054,zip,CA,CA,Oceanside,"San Diego-Chula Vista-Carlsbad, CA",San Diego County,2021-11-30,2383.828584205789,92054,0,2021,41885,2021,64694,0.5953051643192488,37567,7.776463123001882,10.64268304658791,11.077423740485525
96610,2205,92054,zip,CA,CA,Oceanside,"San Diego-Chula Vista-Carlsbad, CA",San Diego County,2021-12-31,2380.8163415473423,92054,0,2021,41885,2021,64694,0.5953051643192488,37567,7.775198708504389,10.64268304658791,11.077423740485525
96610,2205,92054,zip,CA,CA,Oceanside,"San Diego-Chula Vista-Carlsbad, CA",San Diego County,2022-01-31,2370.98970268764,92054,0,2022,42006,2021,64694,0.5953051643192488,37567,7.771062743030939,10.645567744205252,11.077423740485525
96610,2205,92054,zip,CA,CA,Oceanside,"San Diego-Chula Vista-Carlsbad, CA",San Diego County,2022-02-28,2415.290080826266,92054,0,2022,42006,2021,64694,0.5953051643192488,37567,7.789574675157458,10.645567744205252,11.077423740485525
96610,2205,92054,zip,CA,CA,Oceanside,"San Diego-Chula Vista-Carlsbad, CA",San Diego County,2022-03-31,2452.123323210551,92054,0,2022,42006,2021,64694,0.5953051643192488,37567,7.80470959073856,10.645567744205252,11.077423740485525
96610,2205,92054,zip,CA,CA,Oceanside,"San Diego-Chula Vista-Carlsbad, CA",San Diego County,2022-04-30,2481.839192975999,92054,0,2022,42006,2021,64694,0.5953051643192488,37567,7.816755174373129,10.645567744205252,11.077423740485525
96610,2205,92054,zip,CA,CA,Oceanside,"San Diego-Chula Vista-Carlsbad, CA",San Diego County,2022-05-31,2524.245190558216,92054,0,2022,42006,2021,64694,0.5953051643192488,37567,7.833697362587267,10.645567744205252,11.077423740485525
96610,2205,92054,zip,CA,CA,Oceanside,"San Diego-Chula Vista-Carlsbad, CA",San Diego County,2022-06-30,2566.24458763164,92054,0,2022,42006,2021,64694,0.5953051643192488,37567,7.850198859273594,10.645567744205252,11.077423740485525
96610,2205,92054,zip,CA,CA,Oceanside,"San Diego-Chula Vista-Carlsbad, CA",San Diego County,2022-07-31,2627.871075062474,92054,0,2022,42006,2021,64694,0.5953051643192488,37567,7.873929320205703,10.645567744205252,11.077423740485525
96610,2205,92054,zip,CA,CA,Oceanside,"San Diego-Chula Vista-Carlsbad, CA",San Diego County,2022-08-31,2676.969119385769,92054,0,2022,42006,2021,64694,0.5953051643192488,37567,7.89244050792366,10.645567744205252,11.077423740485525
96610,2205,92054,zip,CA,CA,Oceanside,"San Diego-Chula Vista-Carlsbad, CA",San Diego County,2022-09-30,2681.818985374199,92054,0,2022,42006,2021,64694,0.5953051643192488,37567,7.894250569160553,10.645567744205252,11.077423740485525
96610,2205,92054,zip,CA,CA,Oceanside,"San Diego-Chula Vista-Carlsbad, CA",San Diego County,2022-10-31,2696.7399786683977,92054,0,2022,42006,2021,64694,0.5953051643192488,37567,7.899798907171281,10.645567744205252,11.077423740485525
96610,2205,92054,zip,CA,CA,Oceanside,"San Diego-Chula Vista-Carlsbad, CA",San Diego County,2022-11-30,2701.689278921196,92054,0,2022,42006,2021,64694,0.5953051643192488,37567,7.901632515209218,10.645567744205252,11.077423740485525
96610,2205,92054,zip,CA,CA,Oceanside,"San Diego-Chula Vista-Carlsbad, CA",San Diego County,2022-12-31,2689.016755803665,92054,0,2022,42006,2021,64694,0.5953051643192488,37567,7.896930887489193,10.645567744205252,11.077423740485525
96610,2205,92054,zip,CA,CA,Oceanside,"San Diego-Chula Vista-Carlsbad, CA",San Diego County,2023-01-31,2671.0923514996966,92054,0,2023,42376,2023,76974,0.6072092405735529,37546,7.89024278813923,10.654337443224362,11.251222981477396
96610,2205,92054,zip,CA,CA,Oceanside,"San Diego-Chula Vista-Carlsbad, CA",San Diego County,2023-02-28,2672.0821938901827,92054,0,2023,42376,2023,76974,0.6072092405735529,37546,7.890613295369866,10.654337443224362,11.251222981477396
96610,2205,92054,zip,CA,CA,Oceanside,"San Diego-Chula Vista-Carlsbad, CA",San Diego County,2023-03-31,2723.0693743973807,92054,0,2023,42376,2023,76974,0.6072092405735529,37546,7.90951496954253,10.654337443224362,11.251222981477396
96610,2205,92054,zip,CA,CA,Oceanside,"San Diego-Chula Vista-Carlsbad, CA",San Diego County,2023-04-30,2783.417750508276,92054,0,2023,42376,2023,76974,0.6072092405735529,37546,7.9314348582407925,10.654337443224362,11.251222981477396
96610,2205,92054,zip,CA,CA,Oceanside,"San Diego-Chula Vista-Carlsbad, CA",San Diego County,2023-05-31,2808.8318840888687,92054,0,2023,42376,2023,76974,0.6072092405735529,37546,7.940523976288253,10.654337443224362,11.251222981477396
96610,2205,92054,zip,CA,CA,Oceanside,"San Diego-Chula Vista-Carlsbad, CA",San Diego County,2023-06-30,2807.8641826388925,92054,0,2023,42376,2023,76974,0.6072092405735529,37546,7.94017939596984,10.654337443224362,11.251222981477396
96610,2205,92054,zip,CA,CA,Oceanside,"San Diego-Chula Vista-Carlsbad, CA",San Diego County,2023-07-31,2799.000084676769,92054,0,2023,42376,2023,76974,0.6072092405735529,37546,7.937017519767961,10.654337443224362,11.251222981477396
96610,2205,92054,zip,CA,CA,Oceanside,"San Diego-Chula Vista-Carlsbad, CA",San Diego County,2023-08-31,2805.940380434384,92054,0,2023,42376,2023,76974,0.6072092405735529,37546,7.939494013264332,10.654337443224362,11.251222981477396
96610,2205,92054,zip,CA,CA,Oceanside,"San Diego-Chula Vista-Carlsbad, CA",San Diego County,2023-09-30,2821.920864684193,92054,0,2023,42376,2023,76974,0.6072092405735529,37546,7.945173089738984,10.654337443224362,11.251222981477396
96610,2205,92054,zip,CA,CA,Oceanside,"San Diego-Chula Vista-Carlsbad, CA",San Diego County,2023-10-31,2835.3237740150985,92054,0,2023,42376,2023,76974,0.6072092405735529,37546,7.949911415642642,10.654337443224362,11.251222981477396
96610,2205,92054,zip,CA,CA,Oceanside,"San Diego-Chula Vista-Carlsbad, CA",San Diego County,2023-11-30,2815.33791923994,92054,0,2023,42376,2023,76974,0.6072092405735529,37546,7.9428375757280545,10.654337443224362,11.251222981477396
96610,2205,92054,zip,CA,CA,Oceanside,"San Diego-Chula Vista-Carlsbad, CA",San Diego County,2023-12-31,2799.059779554293,92054,0,2023,42376,2023,76974,0.6072092405735529,37546,7.937038846755872,10.654337443224362,11.251222981477396
96610,2205,92054,zip,CA,CA,Oceanside,"San Diego-Chula Vista-Carlsbad, CA",San Diego County,2024-01-31,2805.036074596824,92054,0,2024,44256,2023,76974,0.6072092405735529,37546,7.939171678692929,10.697746234464486,11.251222981477396
96610,2205,92054,zip,CA,CA,Oceanside,"San Diego-Chula Vista-Carlsbad, CA",San Diego County,2024-02-29,2832.1617647212843,92054,0,2024,44256,2023,76974,0.6072092405735529,37546,7.948795573493496,10.697746234464486,11.251222981477396
96610,2205,92054,zip,CA,CA,Oceanside,"San Diego-Chula Vista-Carlsbad, CA",San Diego County,2024-03-31,2866.0461941653484,92054,0,2024,44256,2023,76974,0.6072092405735529,37546,7.9606887262503205,10.697746234464486,11.251222981477396
96610,2205,92054,zip,CA,CA,Oceanside,"San Diego-Chula Vista-Carlsbad, CA",San Diego County,2024-04-30,2858.221994175852,92054,0,2024,44256,2023,76974,0.6072092405735529,37546,7.957955030132443,10.697746234464486,11.251222981477396
96610,2205,92054,zip,CA,CA,Oceanside,"San Diego-Chula Vista-Carlsbad, CA",San Diego County,2024-05-31,2863.1316504436336,92054,0,2024,44256,2023,76974,0.6072092405735529,37546,7.959671287430235,10.697746234464486,11.251222981477396
96610,2205,92054,zip,CA,CA,Oceanside,"San Diego-Chula Vista-Carlsbad, CA",San Diego County,2024-06-30,2877.975526922432,92054,0,2024,44256,2023,76974,0.6072092405735529,37546,7.964842383909571,10.697746234464486,11.251222981477396
96610,2205,92054,zip,CA,CA,Oceanside,"San Diego-Chula Vista-Carlsbad, CA",San Diego County,2024-07-31,2886.69274334171,92054,0,2024,44256,2023,76974,0.6072092405735529,37546,7.967866746337769,10.697746234464486,11.251222981477396
96610,2205,92054,zip,CA,CA,Oceanside,"San Diego-Chula Vista-Carlsbad, CA",San Diego County,2024-08-31,2922.572956252009,92054,0,2024,44256,2023,76974,0.6072092405735529,37546,7.9802196566794645,10.697746234464486,11.251222981477396
96610,2205,92054,zip,CA,CA,Oceanside,"San Diego-Chula Vista-Carlsbad, CA",San Diego County,2024-09-30,2921.575077508569,92054,0,2024,44256,2023,76974,0.6072092405735529,37546,7.979878159938666,10.697746234464486,11.251222981477396
96610,2205,92054,zip,CA,CA,Oceanside,"San Diego-Chula Vista-Carlsbad, CA",San Diego County,2024-10-31,2934.604648626058,92054,0,2024,44256,2023,76974,0.6072092405735529,37546,7.984328020846963,10.697746234464486,11.251222981477396
96610,2205,92054,zip,CA,CA,Oceanside,"San Diego-Chula Vista-Carlsbad, CA",San Diego County,2024-11-30,2921.1339095131507,92054,0,2024,44256,2023,76974,0.6072092405735529,37546,7.979727145059357,10.697746234464486,11.251222981477396
96610,2205,92054,zip,CA,CA,Oceanside,"San Diego-Chula Vista-Carlsbad, CA",San Diego County,2024-12-31,2920.249471680739,92054,0,2024,44256,2023,76974,0.6072092405735529,37546,7.979424327120025,10.697746234464486,11.251222981477396
96612,655,92056,zip,CA,CA,Oceanside,"San Diego-Chula Vista-Carlsbad, CA",San Diego County,2016-04-30,1609.908082878258,92056,0,2016,34979,2017,70636,0.3712761674718196,54181,7.38393236496877,10.462503160399518,11.165295208533015
96612,655,92056,zip,CA,CA,Oceanside,"San Diego-Chula Vista-Carlsbad, CA",San Diego County,2016-05-31,1637.739463219301,92056,0,2016,34979,2017,70636,0.3712761674718196,54181,7.401072193898297,10.462503160399518,11.165295208533015
96612,655,92056,zip,CA,CA,Oceanside,"San Diego-Chula Vista-Carlsbad, CA",San Diego County,2016-06-30,1643.7706839881823,92056,0,2016,34979,2017,70636,0.3712761674718196,54181,7.404748079261768,10.462503160399518,11.165295208533015
96612,655,92056,zip,CA,CA,Oceanside,"San Diego-Chula Vista-Carlsbad, CA",San Diego County,2016-07-31,1638.6469278878385,92056,0,2016,34979,2017,70636,0.3712761674718196,54181,7.401626136311319,10.462503160399518,11.165295208533015
96612,655,92056,zip,CA,CA,Oceanside,"San Diego-Chula Vista-Carlsbad, CA",San Diego County,2016-08-31,1637.0914504083587,92056,0,2016,34979,2017,70636,0.3712761674718196,54181,7.400676440446292,10.462503160399518,11.165295208533015
96612,655,92056,zip,CA,CA,Oceanside,"San Diego-Chula Vista-Carlsbad, CA",San Diego County,2016-09-30,1646.1346900371632,92056,0,2016,34979,2017,70636,0.3712761674718196,54181,7.406185206587385,10.462503160399518,11.165295208533015
96612,655,92056,zip,CA,CA,Oceanside,"San Diego-Chula Vista-Carlsbad, CA",San Diego County,2016-10-31,1672.9536783712258,92056,0,2016,34979,2017,70636,0.3712761674718196,54181,7.422346012839749,10.462503160399518,11.165295208533015
96612,655,92056,zip,CA,CA,Oceanside,"San Diego-Chula Vista-Carlsbad, CA",San Diego County,2016-11-30,1674.4447564725274,92056,0,2016,34979,2017,70636,0.3712761674718196,54181,7.423236900631534,10.462503160399518,11.165295208533015
96612,655,92056,zip,CA,CA,Oceanside,"San Diego-Chula Vista-Carlsbad, CA",San Diego County,2016-12-31,1662.4221138612274,92056,0,2016,34979,2017,70636,0.3712761674718196,54181,7.416030922627293,10.462503160399518,11.165295208533015
96612,655,92056,zip,CA,CA,Oceanside,"San Diego-Chula Vista-Carlsbad, CA",San Diego County,2017-01-31,1662.0113765288352,92056,0,2017,35772,2017,70636,0.3712761674718196,54181,7.415783820475501,10.484920743466072,11.165295208533015
96612,655,92056,zip,CA,CA,Oceanside,"San Diego-Chula Vista-Carlsbad, CA",San Diego County,2017-02-28,1682.5733975263604,92056,0,2017,35772,2017,70636,0.3712761674718196,54181,7.42807968465437,10.484920743466072,11.165295208533015
96612,655,92056,zip,CA,CA,Oceanside,"San Diego-Chula Vista-Carlsbad, CA",San Diego County,2017-03-31,1702.7254067619112,92056,0,2017,35772,2017,70636,0.3712761674718196,54181,7.439985426770558,10.484920743466072,11.165295208533015
96612,655,92056,zip,CA,CA,Oceanside,"San Diego-Chula Vista-Carlsbad, CA",San Diego County,2017-04-30,1717.6965557740434,92056,0,2017,35772,2017,70636,0.3712761674718196,54181,7.448739460502728,10.484920743466072,11.165295208533015
96612,655,92056,zip,CA,CA,Oceanside,"San Diego-Chula Vista-Carlsbad, CA",San Diego County,2017-05-31,1719.0060727555951,92056,0,2017,35772,2017,70636,0.3712761674718196,54181,7.4495015381023775,10.484920743466072,11.165295208533015
96612,655,92056,zip,CA,CA,Oceanside,"San Diego-Chula Vista-Carlsbad, CA",San Diego County,2017-06-30,1719.5649660372349,92056,0,2017,35772,2017,70636,0.3712761674718196,54181,7.449826611093603,10.484920743466072,11.165295208533015
96612,655,92056,zip,CA,CA,Oceanside,"San Diego-Chula Vista-Carlsbad, CA",San Diego County,2017-07-31,1713.926878651784,92056,0,2017,35772,2017,70636,0.3712761674718196,54181,7.446542437017711,10.484920743466072,11.165295208533015
96612,655,92056,zip,CA,CA,Oceanside,"San Diego-Chula Vista-Carlsbad, CA",San Diego County,2017-08-31,1731.9371667010755,92056,0,2017,35772,2017,70636,0.3712761674718196,54181,7.456995810578107,10.484920743466072,11.165295208533015
96612,655,92056,zip,CA,CA,Oceanside,"San Diego-Chula Vista-Carlsbad, CA",San Diego County,2017-09-30,1759.2273949674427,92056,0,2017,35772,2017,70636,0.3712761674718196,54181,7.472630011520078,10.484920743466072,11.165295208533015
96612,655,92056,zip,CA,CA,Oceanside,"San Diego-Chula Vista-Carlsbad, CA",San Diego County,2017-10-31,1780.733846515581,92056,0,2017,35772,2017,70636,0.3712761674718196,54181,7.484780831648195,10.484920743466072,11.165295208533015
96612,655,92056,zip,CA,CA,Oceanside,"San Diego-Chula Vista-Carlsbad, CA",San Diego County,2017-11-30,1764.0180604343157,92056,0,2017,35772,2017,70636,0.3712761674718196,54181,7.475349474855774,10.484920743466072,11.165295208533015
96612,655,92056,zip,CA,CA,Oceanside,"San Diego-Chula Vista-Carlsbad, CA",San Diego County,2017-12-31,1762.4227346420105,92056,0,2017,35772,2017,70636,0.3712761674718196,54181,7.474444695224501,10.484920743466072,11.165295208533015
96612,655,92056,zip,CA,CA,Oceanside,"San Diego-Chula Vista-Carlsbad, CA",San Diego County,2018-01-31,1754.5008300634538,92056,0,2018,37887,2017,70636,0.3712761674718196,54181,7.469939668128575,10.54236332431428,11.165295208533015
96612,655,92056,zip,CA,CA,Oceanside,"San Diego-Chula Vista-Carlsbad, CA",San Diego County,2018-02-28,1767.4775725849724,92056,0,2018,37887,2017,70636,0.3712761674718196,54181,7.4773087089122745,10.54236332431428,11.165295208533015
96612,655,92056,zip,CA,CA,Oceanside,"San Diego-Chula Vista-Carlsbad, CA",San Diego County,2018-03-31,1764.8135955301957,92056,0,2018,37887,2017,70636,0.3712761674718196,54181,7.4758003521924765,10.54236332431428,11.165295208533015
96612,655,92056,zip,CA,CA,Oceanside,"San Diego-Chula Vista-Carlsbad, CA",San Diego County,2018-04-30,1768.706718138283,92056,0,2018,37887,2017,70636,0.3712761674718196,54181,7.4780038907816335,10.54236332431428,11.165295208533015
96612,655,92056,zip,CA,CA,Oceanside,"San Diego-Chula Vista-Carlsbad, CA",San Diego County,2018-05-31,1768.3369105729798,92056,0,2018,37887,2017,70636,0.3712761674718196,54181,7.47779478532212,10.54236332431428,11.165295208533015
96612,655,92056,zip,CA,CA,Oceanside,"San Diego-Chula Vista-Carlsbad, CA",San Diego County,2018-06-30,1777.719996658701,92056,0,2018,37887,2017,70636,0.3712761674718196,54181,7.48308692147802,10.54236332431428,11.165295208533015
96612,655,92056,zip,CA,CA,Oceanside,"San Diego-Chula Vista-Carlsbad, CA",San Diego County,2018-07-31,1797.346671441118,92056,0,2018,37887,2017,70636,0.3712761674718196,54181,7.494066784950532,10.54236332431428,11.165295208533015
96612,655,92056,zip,CA,CA,Oceanside,"San Diego-Chula Vista-Carlsbad, CA",San Diego County,2018-08-31,1817.825620888261,92056,0,2018,37887,2017,70636,0.3712761674718196,54181,7.505396352033722,10.54236332431428,11.165295208533015
96612,655,92056,zip,CA,CA,Oceanside,"San Diego-Chula Vista-Carlsbad, CA",San Diego County,2018-09-30,1812.8725339725145,92056,0,2018,37887,2017,70636,0.3712761674718196,54181,7.502667901594038,10.54236332431428,11.165295208533015
96612,655,92056,zip,CA,CA,Oceanside,"San Diego-Chula Vista-Carlsbad, CA",San Diego County,2018-10-31,1822.4494548889213,92056,0,2018,37887,2017,70636,0.3712761674718196,54181,7.507936729555242,10.54236332431428,11.165295208533015
96612,655,92056,zip,CA,CA,Oceanside,"San Diego-Chula Vista-Carlsbad, CA",San Diego County,2018-11-30,1838.615430207206,92056,0,2018,37887,2017,70636,0.3712761674718196,54181,7.516768083762113,10.54236332431428,11.165295208533015
96612,655,92056,zip,CA,CA,Oceanside,"San Diego-Chula Vista-Carlsbad, CA",San Diego County,2018-12-31,1848.675962039439,92056,0,2018,37887,2017,70636,0.3712761674718196,54181,7.522224965644687,10.54236332431428,11.165295208533015
96612,655,92056,zip,CA,CA,Oceanside,"San Diego-Chula Vista-Carlsbad, CA",San Diego County,2019-01-31,1852.182696779196,92056,0,2019,38736,2019,81583,0.368254803895762,52337,7.524120058709591,10.56452467917784,11.309376185914461
96612,655,92056,zip,CA,CA,Oceanside,"San Diego-Chula Vista-Carlsbad, CA",San Diego County,2019-02-28,1846.52957951456,92056,0,2019,38736,2019,81583,0.368254803895762,52337,7.521063253397759,10.56452467917784,11.309376185914461
96612,655,92056,zip,CA,CA,Oceanside,"San Diego-Chula Vista-Carlsbad, CA",San Diego County,2019-03-31,1850.4462426856187,92056,0,2019,38736,2019,81583,0.368254803895762,52337,7.523182101247866,10.56452467917784,11.309376185914461
96612,655,92056,zip,CA,CA,Oceanside,"San Diego-Chula Vista-Carlsbad, CA",San Diego County,2019-04-30,1858.9877371430148,92056,0,2019,38736,2019,81583,0.368254803895762,52337,7.527787391219329,10.56452467917784,11.309376185914461
96612,655,92056,zip,CA,CA,Oceanside,"San Diego-Chula Vista-Carlsbad, CA",San Diego County,2019-05-31,1872.473982843486,92056,0,2019,38736,2019,81583,0.368254803895762,52337,7.53501582095225,10.56452467917784,11.309376185914461
96612,655,92056,zip,CA,CA,Oceanside,"San Diego-Chula Vista-Carlsbad, CA",San Diego County,2019-06-30,1884.446507195544,92056,0,2019,38736,2019,81583,0.368254803895762,52337,7.541389426629353,10.56452467917784,11.309376185914461
96612,655,92056,zip,CA,CA,Oceanside,"San Diego-Chula Vista-Carlsbad, CA",San Diego County,2019-07-31,1889.6362135222084,92056,0,2019,38736,2019,81583,0.368254803895762,52337,7.54413960990923,10.56452467917784,11.309376185914461
96612,655,92056,zip,CA,CA,Oceanside,"San Diego-Chula Vista-Carlsbad, CA",San Diego County,2019-08-31,1881.4080828228743,92056,0,2019,38736,2019,81583,0.368254803895762,52337,7.539775755703213,10.56452467917784,11.309376185914461
96612,655,92056,zip,CA,CA,Oceanside,"San Diego-Chula Vista-Carlsbad, CA",San Diego County,2019-09-30,1910.6661323317728,92056,0,2019,38736,2019,81583,0.368254803895762,52337,7.555207220621037,10.56452467917784,11.309376185914461
96612,655,92056,zip,CA,CA,Oceanside,"San Diego-Chula Vista-Carlsbad, CA",San Diego County,2019-10-31,1904.495915348301,92056,0,2019,38736,2019,81583,0.368254803895762,52337,7.551972641179315,10.56452467917784,11.309376185914461
96612,655,92056,zip,CA,CA,Oceanside,"San Diego-Chula Vista-Carlsbad, CA",San Diego County,2019-11-30,1916.0624197949628,92056,0,2019,38736,2019,81583,0.368254803895762,52337,7.5580275361812355,10.56452467917784,11.309376185914461
96612,655,92056,zip,CA,CA,Oceanside,"San Diego-Chula Vista-Carlsbad, CA",San Diego County,2019-12-31,1900.586166147625,92056,0,2019,38736,2019,81583,0.368254803895762,52337,7.54991762607432,10.56452467917784,11.309376185914461
96612,655,92056,zip,CA,CA,Oceanside,"San Diego-Chula Vista-Carlsbad, CA",San Diego County,2020-01-31,1947.8762200081303,92056,0,2020,39576,2019,81583,0.368254803895762,52337,7.574494940093314,10.585978152907545,11.309376185914461
96612,655,92056,zip,CA,CA,Oceanside,"San Diego-Chula Vista-Carlsbad, CA",San Diego County,2020-02-29,1942.6424454177225,92056,0,2020,39576,2019,81583,0.368254803895762,52337,7.571804410527593,10.585978152907545,11.309376185914461
96612,655,92056,zip,CA,CA,Oceanside,"San Diego-Chula Vista-Carlsbad, CA",San Diego County,2020-03-31,1924.866691229452,92056,0,2020,39576,2019,81583,0.368254803895762,52337,7.562611993014526,10.585978152907545,11.309376185914461
96612,655,92056,zip,CA,CA,Oceanside,"San Diego-Chula Vista-Carlsbad, CA",San Diego County,2020-04-30,1866.573792895991,92056,0,2020,39576,2019,81583,0.368254803895762,52337,7.53185983301165,10.585978152907545,11.309376185914461
96612,655,92056,zip,CA,CA,Oceanside,"San Diego-Chula Vista-Carlsbad, CA",San Diego County,2020-05-31,1850.3206207076205,92056,0,2020,39576,2019,81583,0.368254803895762,52337,7.523114211546795,10.585978152907545,11.309376185914461
96612,655,92056,zip,CA,CA,Oceanside,"San Diego-Chula Vista-Carlsbad, CA",San Diego County,2020-06-30,1859.788331283727,92056,0,2020,39576,2019,81583,0.368254803895762,52337,7.5282179598463985,10.585978152907545,11.309376185914461
96612,655,92056,zip,CA,CA,Oceanside,"San Diego-Chula Vista-Carlsbad, CA",San Diego County,2020-07-31,1881.5763236812115,92056,0,2020,39576,2019,81583,0.368254803895762,52337,7.539865174547553,10.585978152907545,11.309376185914461
96612,655,92056,zip,CA,CA,Oceanside,"San Diego-Chula Vista-Carlsbad, CA",San Diego County,2020-08-31,1909.866238007712,92056,0,2020,39576,2019,81583,0.368254803895762,52337,7.554788486131593,10.585978152907545,11.309376185914461
96612,655,92056,zip,CA,CA,Oceanside,"San Diego-Chula Vista-Carlsbad, CA",San Diego County,2020-09-30,1925.9796141588,92056,0,2020,39576,2019,81583,0.368254803895762,52337,7.563190007753144,10.585978152907545,11.309376185914461
96612,655,92056,zip,CA,CA,Oceanside,"San Diego-Chula Vista-Carlsbad, CA",San Diego County,2020-10-31,1957.520112587829,92056,0,2020,39576,2019,81583,0.368254803895762,52337,7.579433702441972,10.585978152907545,11.309376185914461
96612,655,92056,zip,CA,CA,Oceanside,"San Diego-Chula Vista-Carlsbad, CA",San Diego County,2020-11-30,1963.8442343281424,92056,0,2020,39576,2019,81583,0.368254803895762,52337,7.58265917534562,10.585978152907545,11.309376185914461
96612,655,92056,zip,CA,CA,Oceanside,"San Diego-Chula Vista-Carlsbad, CA",San Diego County,2020-12-31,2006.053834842481,92056,0,2020,39576,2019,81583,0.368254803895762,52337,7.603924805072286,10.585978152907545,11.309376185914461
96612,655,92056,zip,CA,CA,Oceanside,"San Diego-Chula Vista-Carlsbad, CA",San Diego County,2021-01-31,2004.628043794694,92056,0,2021,41885,2021,90777,0.3572167080231596,54045,7.6032138082139,10.64268304658791,11.416161228537758
96612,655,92056,zip,CA,CA,Oceanside,"San Diego-Chula Vista-Carlsbad, CA",San Diego County,2021-02-28,2023.9836886425403,92056,0,2021,41885,2021,90777,0.3572167080231596,54045,7.612822971403806,10.64268304658791,11.416161228537758
96612,655,92056,zip,CA,CA,Oceanside,"San Diego-Chula Vista-Carlsbad, CA",San Diego County,2021-03-31,2016.670442561896,92056,0,2021,41885,2021,90777,0.3572167080231596,54045,7.609203134699767,10.64268304658791,11.416161228537758
96612,655,92056,zip,CA,CA,Oceanside,"San Diego-Chula Vista-Carlsbad, CA",San Diego County,2021-04-30,2057.6335107060536,92056,0,2021,41885,2021,90777,0.3572167080231596,54045,7.629311820218054,10.64268304658791,11.416161228537758
96612,655,92056,zip,CA,CA,Oceanside,"San Diego-Chula Vista-Carlsbad, CA",San Diego County,2021-05-31,2119.458824031431,92056,0,2021,41885,2021,90777,0.3572167080231596,54045,7.6589160633954085,10.64268304658791,11.416161228537758
96612,655,92056,zip,CA,CA,Oceanside,"San Diego-Chula Vista-Carlsbad, CA",San Diego County,2021-06-30,2167.0098219817683,92056,0,2021,41885,2021,90777,0.3572167080231596,54045,7.681103534051131,10.64268304658791,11.416161228537758
96612,655,92056,zip,CA,CA,Oceanside,"San Diego-Chula Vista-Carlsbad, CA",San Diego County,2021-07-31,2204.113358006915,92056,0,2021,41885,2021,90777,0.3572167080231596,54045,7.698080601802683,10.64268304658791,11.416161228537758
96612,655,92056,zip,CA,CA,Oceanside,"San Diego-Chula Vista-Carlsbad, CA",San Diego County,2021-08-31,2241.655057848919,92056,0,2021,41885,2021,90777,0.3572167080231596,54045,7.714969737133764,10.64268304658791,11.416161228537758
96612,655,92056,zip,CA,CA,Oceanside,"San Diego-Chula Vista-Carlsbad, CA",San Diego County,2021-09-30,2303.5161889780625,92056,0,2021,41885,2021,90777,0.3572167080231596,54045,7.74219201234262,10.64268304658791,11.416161228537758
96612,655,92056,zip,CA,CA,Oceanside,"San Diego-Chula Vista-Carlsbad, CA",San Diego County,2021-10-31,2302.198296692277,92056,0,2021,41885,2021,90777,0.3572167080231596,54045,7.741619726619806,10.64268304658791,11.416161228537758
96612,655,92056,zip,CA,CA,Oceanside,"San Diego-Chula Vista-Carlsbad, CA",San Diego County,2021-11-30,2297.090641027189,92056,0,2021,41885,2021,90777,0.3572167080231596,54045,7.739398662523169,10.64268304658791,11.416161228537758
96612,655,92056,zip,CA,CA,Oceanside,"San Diego-Chula Vista-Carlsbad, CA",San Diego County,2021-12-31,2320.376888857244,92056,0,2021,41885,2021,90777,0.3572167080231596,54045,7.749484903560083,10.64268304658791,11.416161228537758
96612,655,92056,zip,CA,CA,Oceanside,"San Diego-Chula Vista-Carlsbad, CA",San Diego County,2022-01-31,2366.802943209363,92056,0,2022,42006,2021,90777,0.3572167080231596,54045,7.769295354341297,10.645567744205252,11.416161228537758
96612,655,92056,zip,CA,CA,Oceanside,"San Diego-Chula Vista-Carlsbad, CA",San Diego County,2022-02-28,2426.2788367040853,92056,0,2022,42006,2021,90777,0.3572167080231596,54045,7.794114019710514,10.645567744205252,11.416161228537758
96612,655,92056,zip,CA,CA,Oceanside,"San Diego-Chula Vista-Carlsbad, CA",San Diego County,2022-03-31,2441.679123696514,92056,0,2022,42006,2021,90777,0.3572167080231596,54045,7.800441247059371,10.645567744205252,11.416161228537758
96612,655,92056,zip,CA,CA,Oceanside,"San Diego-Chula Vista-Carlsbad, CA",San Diego County,2022-04-30,2502.0727635260246,92056,0,2022,42006,2021,90777,0.3572167080231596,54045,7.824874772748673,10.645567744205252,11.416161228537758
96612,655,92056,zip,CA,CA,Oceanside,"San Diego-Chula Vista-Carlsbad, CA",San Diego County,2022-05-31,2540.163430007185,92056,0,2022,42006,2021,90777,0.3572167080231596,54045,7.839983700465205,10.645567744205252,11.416161228537758
96612,655,92056,zip,CA,CA,Oceanside,"San Diego-Chula Vista-Carlsbad, CA",San Diego County,2022-06-30,2571.03509265766,92056,0,2022,42006,2021,90777,0.3572167080231596,54045,7.852063856592285,10.645567744205252,11.416161228537758
96612,655,92056,zip,CA,CA,Oceanside,"San Diego-Chula Vista-Carlsbad, CA",San Diego County,2022-07-31,2586.315921184684,92056,0,2022,42006,2021,90777,0.3572167080231596,54045,7.857989717834838,10.645567744205252,11.416161228537758
96612,655,92056,zip,CA,CA,Oceanside,"San Diego-Chula Vista-Carlsbad, CA",San Diego County,2022-08-31,2591.4409787720747,92056,0,2022,42006,2021,90777,0.3572167080231596,54045,7.859969362441632,10.645567744205252,11.416161228537758
96612,655,92056,zip,CA,CA,Oceanside,"San Diego-Chula Vista-Carlsbad, CA",San Diego County,2022-09-30,2611.383287670548,92056,0,2022,42006,2021,90777,0.3572167080231596,54045,7.86763535519492,10.645567744205252,11.416161228537758
96612,655,92056,zip,CA,CA,Oceanside,"San Diego-Chula Vista-Carlsbad, CA",San Diego County,2022-10-31,2605.9013580094743,92056,0,2022,42006,2021,90777,0.3572167080231596,54045,7.865533905091749,10.645567744205252,11.416161228537758
96612,655,92056,zip,CA,CA,Oceanside,"San Diego-Chula Vista-Carlsbad, CA",San Diego County,2022-11-30,2583.601639473685,92056,0,2022,42006,2021,90777,0.3572167080231596,54045,7.8569396887275875,10.645567744205252,11.416161228537758
96612,655,92056,zip,CA,CA,Oceanside,"San Diego-Chula Vista-Carlsbad, CA",San Diego County,2022-12-31,2565.3357541602386,92056,0,2022,42006,2021,90777,0.3572167080231596,54045,7.8498446473465195,10.645567744205252,11.416161228537758
96612,655,92056,zip,CA,CA,Oceanside,"San Diego-Chula Vista-Carlsbad, CA",San Diego County,2023-01-31,2565.417862736061,92056,0,2023,42376,2023,102570,0.328259532595326,53265,7.849876653785324,10.654337443224362,11.538300771301456
96612,655,92056,zip,CA,CA,Oceanside,"San Diego-Chula Vista-Carlsbad, CA",San Diego County,2023-02-28,2589.580724832373,92056,0,2023,42376,2023,102570,0.328259532595326,53265,7.859251259285126,10.654337443224362,11.538300771301456
96612,655,92056,zip,CA,CA,Oceanside,"San Diego-Chula Vista-Carlsbad, CA",San Diego County,2023-03-31,2606.873673500148,92056,0,2023,42376,2023,102570,0.328259532595326,53265,7.865906956104338,10.654337443224362,11.538300771301456
96612,655,92056,zip,CA,CA,Oceanside,"San Diego-Chula Vista-Carlsbad, CA",San Diego County,2023-04-30,2618.226893314168,92056,0,2023,42376,2023,102570,0.328259532595326,53265,7.870252609373853,10.654337443224362,11.538300771301456
96612,655,92056,zip,CA,CA,Oceanside,"San Diego-Chula Vista-Carlsbad, CA",San Diego County,2023-05-31,2642.984434249473,92056,0,2023,42376,2023,102570,0.328259532595326,53265,7.879664025161851,10.654337443224362,11.538300771301456
96612,655,92056,zip,CA,CA,Oceanside,"San Diego-Chula Vista-Carlsbad, CA",San Diego County,2023-06-30,2678.6140351025715,92056,0,2023,42376,2023,102570,0.328259532595326,53265,7.893054788655031,10.654337443224362,11.538300771301456
96612,655,92056,zip,CA,CA,Oceanside,"San Diego-Chula Vista-Carlsbad, CA",San Diego County,2023-07-31,2700.714293957786,92056,0,2023,42376,2023,102570,0.328259532595326,53265,7.901271570322061,10.654337443224362,11.538300771301456
96612,655,92056,zip,CA,CA,Oceanside,"San Diego-Chula Vista-Carlsbad, CA",San Diego County,2023-08-31,2706.1425920575944,92056,0,2023,42376,2023,102570,0.328259532595326,53265,7.903279502116098,10.654337443224362,11.538300771301456
96612,655,92056,zip,CA,CA,Oceanside,"San Diego-Chula Vista-Carlsbad, CA",San Diego County,2023-09-30,2693.562209285886,92056,0,2023,42376,2023,102570,0.328259532595326,53265,7.898619837931801,10.654337443224362,11.538300771301456
96612,655,92056,zip,CA,CA,Oceanside,"San Diego-Chula Vista-Carlsbad, CA",San Diego County,2023-10-31,2698.508060315583,92056,0,2023,42376,2023,102570,0.328259532595326,53265,7.900454329015727,10.654337443224362,11.538300771301456
96612,655,92056,zip,CA,CA,Oceanside,"San Diego-Chula Vista-Carlsbad, CA",San Diego County,2023-11-30,2700.325875858174,92056,0,2023,42376,2023,102570,0.328259532595326,53265,7.90112773947168,10.654337443224362,11.538300771301456
96612,655,92056,zip,CA,CA,Oceanside,"San Diego-Chula Vista-Carlsbad, CA",San Diego County,2023-12-31,2667.353454127217,92056,0,2023,42376,2023,102570,0.328259532595326,53265,7.888842044132472,10.654337443224362,11.538300771301456
96612,655,92056,zip,CA,CA,Oceanside,"San Diego-Chula Vista-Carlsbad, CA",San Diego County,2024-01-31,2652.376297289632,92056,0,2024,44256,2023,102570,0.328259532595326,53265,7.883211233129053,10.697746234464486,11.538300771301456
96612,655,92056,zip,CA,CA,Oceanside,"San Diego-Chula Vista-Carlsbad, CA",San Diego County,2024-02-29,2646.601022039226,92056,0,2024,44256,2023,102570,0.328259532595326,53265,7.881031462509518,10.697746234464486,11.538300771301456
96612,655,92056,zip,CA,CA,Oceanside,"San Diego-Chula Vista-Carlsbad, CA",San Diego County,2024-03-31,2649.3235672953588,92056,0,2024,44256,2023,102570,0.328259532595326,53265,7.882059628772103,10.697746234464486,11.538300771301456
96612,655,92056,zip,CA,CA,Oceanside,"San Diego-Chula Vista-Carlsbad, CA",San Diego County,2024-04-30,2675.421325581048,92056,0,2024,44256,2023,102570,0.328259532595326,53265,7.891862151817626,10.697746234464486,11.538300771301456
96612,655,92056,zip,CA,CA,Oceanside,"San Diego-Chula Vista-Carlsbad, CA",San Diego County,2024-05-31,2713.1483098495014,92056,0,2024,44256,2023,102570,0.328259532595326,53265,7.905864977530244,10.697746234464486,11.538300771301456
96612,655,92056,zip,CA,CA,Oceanside,"San Diego-Chula Vista-Carlsbad, CA",San Diego County,2024-06-30,2766.1304705835446,92056,0,2024,44256,2023,102570,0.328259532595326,53265,7.925204680520629,10.697746234464486,11.538300771301456
96612,655,92056,zip,CA,CA,Oceanside,"San Diego-Chula Vista-Carlsbad, CA",San Diego County,2024-07-31,2773.392725766627,92056,0,2024,44256,2023,102570,0.328259532595326,53265,7.9278266604586864,10.697746234464486,11.538300771301456
96612,655,92056,zip,CA,CA,Oceanside,"San Diego-Chula Vista-Carlsbad, CA",San Diego County,2024-08-31,2765.5843864570043,92056,0,2024,44256,2023,102570,0.328259532595326,53265,7.925007242965576,10.697746234464486,11.538300771301456
96612,655,92056,zip,CA,CA,Oceanside,"San Diego-Chula Vista-Carlsbad, CA",San Diego County,2024-09-30,2739.416554828188,92056,0,2024,44256,2023,102570,0.328259532595326,53265,7.915500240513894,10.697746234464486,11.538300771301456
96612,655,92056,zip,CA,CA,Oceanside,"San Diego-Chula Vista-Carlsbad, CA",San Diego County,2024-10-31,2733.1858973212643,92056,0,2024,44256,2023,102570,0.328259532595326,53265,7.913223203125005,10.697746234464486,11.538300771301456
96612,655,92056,zip,CA,CA,Oceanside,"San Diego-Chula Vista-Carlsbad, CA",San Diego County,2024-11-30,2716.571533367276,92056,0,2024,44256,2023,102570,0.328259532595326,53265,7.907125898561227,10.697746234464486,11.538300771301456
96612,655,92056,zip,CA,CA,Oceanside,"San Diego-Chula Vista-Carlsbad, CA",San Diego County,2024-12-31,2754.74803518043,92056,0,2024,44256,2023,102570,0.328259532595326,53265,7.921081260119762,10.697746234464486,11.538300771301456
96613,662,92057,zip,CA,CA,Oceanside,"San Diego-Chula Vista-Carlsbad, CA",San Diego County,2015-01-31,1698.3123956656634,92057,0,2015,32906,2017,66844,0.3605622115035527,57276,7.4373903285509915,10.401410290946595,11.110116825323272
96613,662,92057,zip,CA,CA,Oceanside,"San Diego-Chula Vista-Carlsbad, CA",San Diego County,2015-02-28,1710.9782983292512,92057,0,2015,32906,2017,66844,0.3605622115035527,57276,7.444820590193551,10.401410290946595,11.110116825323272
96613,662,92057,zip,CA,CA,Oceanside,"San Diego-Chula Vista-Carlsbad, CA",San Diego County,2015-03-31,1688.6474295486971,92057,0,2015,32906,2017,66844,0.3605622115035527,57276,7.431683149930891,10.401410290946595,11.110116825323272
96613,662,92057,zip,CA,CA,Oceanside,"San Diego-Chula Vista-Carlsbad, CA",San Diego County,2015-04-30,1692.9476682765312,92057,0,2015,32906,2017,66844,0.3605622115035527,57276,7.434226471009515,10.401410290946595,11.110116825323272
96613,662,92057,zip,CA,CA,Oceanside,"San Diego-Chula Vista-Carlsbad, CA",San Diego County,2015-05-31,1698.5984175680333,92057,0,2015,32906,2017,66844,0.3605622115035527,57276,7.437558729735934,10.401410290946595,11.110116825323272
96613,662,92057,zip,CA,CA,Oceanside,"San Diego-Chula Vista-Carlsbad, CA",San Diego County,2015-06-30,1723.675882756089,92057,0,2015,32906,2017,66844,0.3605622115035527,57276,7.45221443050714,10.401410290946595,11.110116825323272
96613,662,92057,zip,CA,CA,Oceanside,"San Diego-Chula Vista-Carlsbad, CA",San Diego County,2015-07-31,1727.178787118053,92057,0,2015,32906,2017,66844,0.3605622115035527,57276,7.454244597465875,10.401410290946595,11.110116825323272
96613,662,92057,zip,CA,CA,Oceanside,"San Diego-Chula Vista-Carlsbad, CA",San Diego County,2015-08-31,1739.2280924807385,92057,0,2015,32906,2017,66844,0.3605622115035527,57276,7.461196668766818,10.401410290946595,11.110116825323272
96613,662,92057,zip,CA,CA,Oceanside,"San Diego-Chula Vista-Carlsbad, CA",San Diego County,2015-09-30,1741.485515147892,92057,0,2015,32906,2017,66844,0.3605622115035527,57276,7.46249377231404,10.401410290946595,11.110116825323272
96613,662,92057,zip,CA,CA,Oceanside,"San Diego-Chula Vista-Carlsbad, CA",San Diego County,2015-10-31,1734.3699558132832,92057,0,2015,32906,2017,66844,0.3605622115035527,57276,7.458399488570661,10.401410290946595,11.110116825323272
96613,662,92057,zip,CA,CA,Oceanside,"San Diego-Chula Vista-Carlsbad, CA",San Diego County,2015-11-30,1725.4422511674134,92057,0,2015,32906,2017,66844,0.3605622115035527,57276,7.453238674094724,10.401410290946595,11.110116825323272
96613,662,92057,zip,CA,CA,Oceanside,"San Diego-Chula Vista-Carlsbad, CA",San Diego County,2015-12-31,1736.5813325699578,92057,0,2015,32906,2017,66844,0.3605622115035527,57276,7.4596737081560995,10.401410290946595,11.110116825323272
96613,662,92057,zip,CA,CA,Oceanside,"San Diego-Chula Vista-Carlsbad, CA",San Diego County,2016-01-31,1753.5852817166185,92057,0,2016,34979,2017,66844,0.3605622115035527,57276,7.4694177035368,10.462503160399518,11.110116825323272
96613,662,92057,zip,CA,CA,Oceanside,"San Diego-Chula Vista-Carlsbad, CA",San Diego County,2016-02-29,1760.5299049589096,92057,0,2016,34979,2017,66844,0.3605622115035527,57276,7.473370125079016,10.462503160399518,11.110116825323272
96613,662,92057,zip,CA,CA,Oceanside,"San Diego-Chula Vista-Carlsbad, CA",San Diego County,2016-03-31,1773.090635207583,92057,0,2016,34979,2017,66844,0.3605622115035527,57276,7.480479424456069,10.462503160399518,11.110116825323272
96613,662,92057,zip,CA,CA,Oceanside,"San Diego-Chula Vista-Carlsbad, CA",San Diego County,2016-04-30,1794.0223061011395,92057,0,2016,34979,2017,66844,0.3605622115035527,57276,7.492215476265601,10.462503160399518,11.110116825323272
96613,662,92057,zip,CA,CA,Oceanside,"San Diego-Chula Vista-Carlsbad, CA",San Diego County,2016-05-31,1825.597736732023,92057,0,2016,34979,2017,66844,0.3605622115035527,57276,7.5096627393677915,10.462503160399518,11.110116825323272
96613,662,92057,zip,CA,CA,Oceanside,"San Diego-Chula Vista-Carlsbad, CA",San Diego County,2016-06-30,1837.088050734157,92057,0,2016,34979,2017,66844,0.3605622115035527,57276,7.51593701587599,10.462503160399518,11.110116825323272
96613,662,92057,zip,CA,CA,Oceanside,"San Diego-Chula Vista-Carlsbad, CA",San Diego County,2016-07-31,1828.9944361252628,92057,0,2016,34979,2017,66844,0.3605622115035527,57276,7.511521606355218,10.462503160399518,11.110116825323272
96613,662,92057,zip,CA,CA,Oceanside,"San Diego-Chula Vista-Carlsbad, CA",San Diego County,2016-08-31,1830.49084919653,92057,0,2016,34979,2017,66844,0.3605622115035527,57276,7.512339433474608,10.462503160399518,11.110116825323272
96613,662,92057,zip,CA,CA,Oceanside,"San Diego-Chula Vista-Carlsbad, CA",San Diego County,2016-09-30,1855.3050722021576,92057,0,2016,34979,2017,66844,0.3605622115035527,57276,7.525804420927741,10.462503160399518,11.110116825323272
96613,662,92057,zip,CA,CA,Oceanside,"San Diego-Chula Vista-Carlsbad, CA",San Diego County,2016-10-31,1867.012725258216,92057,0,2016,34979,2017,66844,0.3605622115035527,57276,7.532094959403988,10.462503160399518,11.110116825323272
96613,662,92057,zip,CA,CA,Oceanside,"San Diego-Chula Vista-Carlsbad, CA",San Diego County,2016-11-30,1884.5940143559208,92057,0,2016,34979,2017,66844,0.3605622115035527,57276,7.541467699685643,10.462503160399518,11.110116825323272
96613,662,92057,zip,CA,CA,Oceanside,"San Diego-Chula Vista-Carlsbad, CA",San Diego County,2016-12-31,1854.5345180275208,92057,0,2016,34979,2017,66844,0.3605622115035527,57276,7.525389009874526,10.462503160399518,11.110116825323272
96613,662,92057,zip,CA,CA,Oceanside,"San Diego-Chula Vista-Carlsbad, CA",San Diego County,2017-01-31,1859.822081660669,92057,0,2017,35772,2017,66844,0.3605622115035527,57276,7.528236107110868,10.484920743466072,11.110116825323272
96613,662,92057,zip,CA,CA,Oceanside,"San Diego-Chula Vista-Carlsbad, CA",San Diego County,2017-02-28,1842.86939778606,92057,0,2017,35772,2017,66844,0.3605622115035527,57276,7.519079091233767,10.484920743466072,11.110116825323272
96613,662,92057,zip,CA,CA,Oceanside,"San Diego-Chula Vista-Carlsbad, CA",San Diego County,2017-03-31,1876.9159395693705,92057,0,2017,35772,2017,66844,0.3605622115035527,57276,7.537385251124076,10.484920743466072,11.110116825323272
96613,662,92057,zip,CA,CA,Oceanside,"San Diego-Chula Vista-Carlsbad, CA",San Diego County,2017-04-30,1884.405680747888,92057,0,2017,35772,2017,66844,0.3605622115035527,57276,7.541367761440259,10.484920743466072,11.110116825323272
96613,662,92057,zip,CA,CA,Oceanside,"San Diego-Chula Vista-Carlsbad, CA",San Diego County,2017-05-31,1898.092819892545,92057,0,2017,35772,2017,66844,0.3605622115035527,57276,7.5486048820270835,10.484920743466072,11.110116825323272
96613,662,92057,zip,CA,CA,Oceanside,"San Diego-Chula Vista-Carlsbad, CA",San Diego County,2017-06-30,1892.3841135930952,92057,0,2017,35772,2017,66844,0.3605622115035527,57276,7.545592748875579,10.484920743466072,11.110116825323272
96613,662,92057,zip,CA,CA,Oceanside,"San Diego-Chula Vista-Carlsbad, CA",San Diego County,2017-07-31,1910.9682069097723,92057,0,2017,35772,2017,66844,0.3605622115035527,57276,7.555365307215313,10.484920743466072,11.110116825323272
96613,662,92057,zip,CA,CA,Oceanside,"San Diego-Chula Vista-Carlsbad, CA",San Diego County,2017-08-31,1930.0889014299469,92057,0,2017,35772,2017,66844,0.3605622115035527,57276,7.565321343755139,10.484920743466072,11.110116825323272
96613,662,92057,zip,CA,CA,Oceanside,"San Diego-Chula Vista-Carlsbad, CA",San Diego County,2017-09-30,1952.979633984893,92057,0,2017,35772,2017,66844,0.3605622115035527,57276,7.577111502755176,10.484920743466072,11.110116825323272
96613,662,92057,zip,CA,CA,Oceanside,"San Diego-Chula Vista-Carlsbad, CA",San Diego County,2017-10-31,1953.2068270404736,92057,0,2017,35772,2017,66844,0.3605622115035527,57276,7.5772278274919,10.484920743466072,11.110116825323272
96613,662,92057,zip,CA,CA,Oceanside,"San Diego-Chula Vista-Carlsbad, CA",San Diego County,2017-11-30,1960.84802625416,92057,0,2017,35772,2017,66844,0.3605622115035527,57276,7.5811323251076255,10.484920743466072,11.110116825323272
96613,662,92057,zip,CA,CA,Oceanside,"San Diego-Chula Vista-Carlsbad, CA",San Diego County,2017-12-31,1947.8376785602493,92057,0,2017,35772,2017,66844,0.3605622115035527,57276,7.574475153502776,10.484920743466072,11.110116825323272
96613,662,92057,zip,CA,CA,Oceanside,"San Diego-Chula Vista-Carlsbad, CA",San Diego County,2018-01-31,1969.9338370669943,92057,0,2018,37887,2017,66844,0.3605622115035527,57276,7.585755235922857,10.54236332431428,11.110116825323272
96613,662,92057,zip,CA,CA,Oceanside,"San Diego-Chula Vista-Carlsbad, CA",San Diego County,2018-02-28,1974.0701202727337,92057,0,2018,37887,2017,66844,0.3605622115035527,57276,7.587852741283883,10.54236332431428,11.110116825323272
96613,662,92057,zip,CA,CA,Oceanside,"San Diego-Chula Vista-Carlsbad, CA",San Diego County,2018-03-31,1986.1661025832,92057,0,2018,37887,2017,66844,0.3605622115035527,57276,7.593961477856602,10.54236332431428,11.110116825323272
96613,662,92057,zip,CA,CA,Oceanside,"San Diego-Chula Vista-Carlsbad, CA",San Diego County,2018-04-30,1985.9240571877408,92057,0,2018,37887,2017,66844,0.3605622115035527,57276,7.593839604794298,10.54236332431428,11.110116825323272
96613,662,92057,zip,CA,CA,Oceanside,"San Diego-Chula Vista-Carlsbad, CA",San Diego County,2018-05-31,1988.8644626523376,92057,0,2018,37887,2017,66844,0.3605622115035527,57276,7.595319133069224,10.54236332431428,11.110116825323272
96613,662,92057,zip,CA,CA,Oceanside,"San Diego-Chula Vista-Carlsbad, CA",San Diego County,2018-06-30,2010.4127694181,92057,0,2018,37887,2017,66844,0.3605622115035527,57276,7.606095337889523,10.54236332431428,11.110116825323272
96613,662,92057,zip,CA,CA,Oceanside,"San Diego-Chula Vista-Carlsbad, CA",San Diego County,2018-07-31,2015.7108917339497,92057,0,2018,37887,2017,66844,0.3605622115035527,57276,7.608727212029509,10.54236332431428,11.110116825323272
96613,662,92057,zip,CA,CA,Oceanside,"San Diego-Chula Vista-Carlsbad, CA",San Diego County,2018-08-31,2032.3263157355536,92057,0,2018,37887,2017,66844,0.3605622115035527,57276,7.616936384257963,10.54236332431428,11.110116825323272
96613,662,92057,zip,CA,CA,Oceanside,"San Diego-Chula Vista-Carlsbad, CA",San Diego County,2018-09-30,2030.247933844424,92057,0,2018,37887,2017,66844,0.3605622115035527,57276,7.615913199476704,10.54236332431428,11.110116825323272
96613,662,92057,zip,CA,CA,Oceanside,"San Diego-Chula Vista-Carlsbad, CA",San Diego County,2018-10-31,2022.0337225002245,92057,0,2018,37887,2017,66844,0.3605622115035527,57276,7.611859077235718,10.54236332431428,11.110116825323272
96613,662,92057,zip,CA,CA,Oceanside,"San Diego-Chula Vista-Carlsbad, CA",San Diego County,2018-11-30,2011.463148911644,92057,0,2018,37887,2017,66844,0.3605622115035527,57276,7.606617671019015,10.54236332431428,11.110116825323272
96613,662,92057,zip,CA,CA,Oceanside,"San Diego-Chula Vista-Carlsbad, CA",San Diego County,2018-12-31,2014.4243962994349,92057,0,2018,37887,2017,66844,0.3605622115035527,57276,7.608088774167617,10.54236332431428,11.110116825323272
96613,662,92057,zip,CA,CA,Oceanside,"San Diego-Chula Vista-Carlsbad, CA",San Diego County,2019-01-31,2026.4298629243704,92057,0,2019,38736,2019,75687,0.3280163599182004,60414,7.6140308355135256,10.56452467917784,11.234361694162976
96613,662,92057,zip,CA,CA,Oceanside,"San Diego-Chula Vista-Carlsbad, CA",San Diego County,2019-02-28,2043.7699443833133,92057,0,2019,38736,2019,75687,0.3280163599182004,60414,7.622551393317612,10.56452467917784,11.234361694162976
96613,662,92057,zip,CA,CA,Oceanside,"San Diego-Chula Vista-Carlsbad, CA",San Diego County,2019-03-31,2048.476218293438,92057,0,2019,38736,2019,75687,0.3280163599182004,60414,7.624851487592438,10.56452467917784,11.234361694162976
96613,662,92057,zip,CA,CA,Oceanside,"San Diego-Chula Vista-Carlsbad, CA",San Diego County,2019-04-30,2069.5845978666803,92057,0,2019,38736,2019,75687,0.3280163599182004,60414,7.635103188761928,10.56452467917784,11.234361694162976
96613,662,92057,zip,CA,CA,Oceanside,"San Diego-Chula Vista-Carlsbad, CA",San Diego County,2019-05-31,2080.1424905082804,92057,0,2019,38736,2019,75687,0.3280163599182004,60414,7.6401916754010575,10.56452467917784,11.234361694162976
96613,662,92057,zip,CA,CA,Oceanside,"San Diego-Chula Vista-Carlsbad, CA",San Diego County,2019-06-30,2075.21097154686,92057,0,2019,38736,2019,75687,0.3280163599182004,60414,7.637818100531077,10.56452467917784,11.234361694162976
96613,662,92057,zip,CA,CA,Oceanside,"San Diego-Chula Vista-Carlsbad, CA",San Diego County,2019-07-31,2080.776531982276,92057,0,2019,38736,2019,75687,0.3280163599182004,60414,7.640496435707844,10.56452467917784,11.234361694162976
96613,662,92057,zip,CA,CA,Oceanside,"San Diego-Chula Vista-Carlsbad, CA",San Diego County,2019-08-31,2092.321370828674,92057,0,2019,38736,2019,75687,0.3280163599182004,60414,7.646029432329593,10.56452467917784,11.234361694162976
96613,662,92057,zip,CA,CA,Oceanside,"San Diego-Chula Vista-Carlsbad, CA",San Diego County,2019-09-30,2117.039889940658,92057,0,2019,38736,2019,75687,0.3280163599182004,60414,7.65777411363125,10.56452467917784,11.234361694162976
96613,662,92057,zip,CA,CA,Oceanside,"San Diego-Chula Vista-Carlsbad, CA",San Diego County,2019-10-31,2108.554472844779,92057,0,2019,38736,2019,75687,0.3280163599182004,60414,7.653757907733041,10.56452467917784,11.234361694162976
96613,662,92057,zip,CA,CA,Oceanside,"San Diego-Chula Vista-Carlsbad, CA",San Diego County,2019-11-30,2104.8668116829667,92057,0,2019,38736,2019,75687,0.3280163599182004,60414,7.6520074717550655,10.56452467917784,11.234361694162976
96613,662,92057,zip,CA,CA,Oceanside,"San Diego-Chula Vista-Carlsbad, CA",San Diego County,2019-12-31,2101.293729436701,92057,0,2019,38736,2019,75687,0.3280163599182004,60414,7.650308495659971,10.56452467917784,11.234361694162976
96613,662,92057,zip,CA,CA,Oceanside,"San Diego-Chula Vista-Carlsbad, CA",San Diego County,2020-01-31,2099.8476260736866,92057,0,2020,39576,2019,75687,0.3280163599182004,60414,7.649620062066452,10.585978152907545,11.234361694162976
96613,662,92057,zip,CA,CA,Oceanside,"San Diego-Chula Vista-Carlsbad, CA",San Diego County,2020-02-29,2097.248623347062,92057,0,2020,39576,2019,75687,0.3280163599182004,60414,7.648381585317588,10.585978152907545,11.234361694162976
96613,662,92057,zip,CA,CA,Oceanside,"San Diego-Chula Vista-Carlsbad, CA",San Diego County,2020-03-31,2098.6757190059384,92057,0,2020,39576,2019,75687,0.3280163599182004,60414,7.649061814796227,10.585978152907545,11.234361694162976
96613,662,92057,zip,CA,CA,Oceanside,"San Diego-Chula Vista-Carlsbad, CA",San Diego County,2020-04-30,2105.9828057224054,92057,0,2020,39576,2019,75687,0.3280163599182004,60414,7.652537528236283,10.585978152907545,11.234361694162976
96613,662,92057,zip,CA,CA,Oceanside,"San Diego-Chula Vista-Carlsbad, CA",San Diego County,2020-05-31,2102.834027591929,92057,0,2020,39576,2019,75687,0.3280163599182004,60414,7.651041250853518,10.585978152907545,11.234361694162976
96613,662,92057,zip,CA,CA,Oceanside,"San Diego-Chula Vista-Carlsbad, CA",San Diego County,2020-06-30,2107.9185454212093,92057,0,2020,39576,2019,75687,0.3280163599182004,60414,7.653456268222656,10.585978152907545,11.234361694162976
96613,662,92057,zip,CA,CA,Oceanside,"San Diego-Chula Vista-Carlsbad, CA",San Diego County,2020-07-31,2111.489614099716,92057,0,2020,39576,2019,75687,0.3280163599182004,60414,7.655148955631007,10.585978152907545,11.234361694162976
96613,662,92057,zip,CA,CA,Oceanside,"San Diego-Chula Vista-Carlsbad, CA",San Diego County,2020-08-31,2126.721456757436,92057,0,2020,39576,2019,75687,0.3280163599182004,60414,7.662336850704421,10.585978152907545,11.234361694162976
96613,662,92057,zip,CA,CA,Oceanside,"San Diego-Chula Vista-Carlsbad, CA",San Diego County,2020-09-30,2138.719230837777,92057,0,2020,39576,2019,75687,0.3280163599182004,60414,7.667962438586389,10.585978152907545,11.234361694162976
96613,662,92057,zip,CA,CA,Oceanside,"San Diego-Chula Vista-Carlsbad, CA",San Diego County,2020-10-31,2173.956738054346,92057,0,2020,39576,2019,75687,0.3280163599182004,60414,7.68430416778414,10.585978152907545,11.234361694162976
96613,662,92057,zip,CA,CA,Oceanside,"San Diego-Chula Vista-Carlsbad, CA",San Diego County,2020-11-30,2210.922708026448,92057,0,2020,39576,2019,75687,0.3280163599182004,60414,7.701165222320781,10.585978152907545,11.234361694162976
96613,662,92057,zip,CA,CA,Oceanside,"San Diego-Chula Vista-Carlsbad, CA",San Diego County,2020-12-31,2238.170916885902,92057,0,2020,39576,2019,75687,0.3280163599182004,60414,7.713414256324838,10.585978152907545,11.234361694162976
96613,662,92057,zip,CA,CA,Oceanside,"San Diego-Chula Vista-Carlsbad, CA",San Diego County,2021-01-31,2217.67496166742,92057,0,2021,41885,2021,91298,0.313882863340564,58444,7.7042146114849785,10.64268304658791,11.421884160538086
96613,662,92057,zip,CA,CA,Oceanside,"San Diego-Chula Vista-Carlsbad, CA",San Diego County,2021-02-28,2227.9970598699665,92057,0,2021,41885,2021,91298,0.313882863340564,58444,7.70885828141882,10.64268304658791,11.421884160538086
96613,662,92057,zip,CA,CA,Oceanside,"San Diego-Chula Vista-Carlsbad, CA",San Diego County,2021-03-31,2255.215323879401,92057,0,2021,41885,2021,91298,0.313882863340564,58444,7.721000734686094,10.64268304658791,11.421884160538086
96613,662,92057,zip,CA,CA,Oceanside,"San Diego-Chula Vista-Carlsbad, CA",San Diego County,2021-04-30,2325.6449784180245,92057,0,2021,41885,2021,91298,0.313882863340564,58444,7.751752689622666,10.64268304658791,11.421884160538086
96613,662,92057,zip,CA,CA,Oceanside,"San Diego-Chula Vista-Carlsbad, CA",San Diego County,2021-05-31,2356.628294809077,92057,0,2021,41885,2021,91298,0.313882863340564,58444,7.7649871878307195,10.64268304658791,11.421884160538086
96613,662,92057,zip,CA,CA,Oceanside,"San Diego-Chula Vista-Carlsbad, CA",San Diego County,2021-06-30,2397.103925648117,92057,0,2021,41885,2021,91298,0.313882863340564,58444,7.782016590043585,10.64268304658791,11.421884160538086
96613,662,92057,zip,CA,CA,Oceanside,"San Diego-Chula Vista-Carlsbad, CA",San Diego County,2021-07-31,2433.217677425842,92057,0,2021,41885,2021,91298,0.313882863340564,58444,7.796969807513799,10.64268304658791,11.421884160538086
96613,662,92057,zip,CA,CA,Oceanside,"San Diego-Chula Vista-Carlsbad, CA",San Diego County,2021-08-31,2476.701589209172,92057,0,2021,41885,2021,91298,0.313882863340564,58444,7.814682949567097,10.64268304658791,11.421884160538086
96613,662,92057,zip,CA,CA,Oceanside,"San Diego-Chula Vista-Carlsbad, CA",San Diego County,2021-09-30,2514.077126054522,92057,0,2021,41885,2021,91298,0.313882863340564,58444,7.829661067301141,10.64268304658791,11.421884160538086
96613,662,92057,zip,CA,CA,Oceanside,"San Diego-Chula Vista-Carlsbad, CA",San Diego County,2021-10-31,2515.4204830060926,92057,0,2021,41885,2021,91298,0.313882863340564,58444,7.830195258621203,10.64268304658791,11.421884160538086
96613,662,92057,zip,CA,CA,Oceanside,"San Diego-Chula Vista-Carlsbad, CA",San Diego County,2021-11-30,2546.881374118291,92057,0,2021,41885,2021,91298,0.313882863340564,58444,7.842624899147388,10.64268304658791,11.421884160538086
96613,662,92057,zip,CA,CA,Oceanside,"San Diego-Chula Vista-Carlsbad, CA",San Diego County,2021-12-31,2575.1745339164904,92057,0,2021,41885,2021,91298,0.313882863340564,58444,7.853672590962609,10.64268304658791,11.421884160538086
96613,662,92057,zip,CA,CA,Oceanside,"San Diego-Chula Vista-Carlsbad, CA",San Diego County,2022-01-31,2621.7763479336445,92057,0,2022,42006,2021,91298,0.313882863340564,58444,7.871607362414619,10.645567744205252,11.421884160538086
96613,662,92057,zip,CA,CA,Oceanside,"San Diego-Chula Vista-Carlsbad, CA",San Diego County,2022-02-28,2620.1748189466,92057,0,2022,42006,2021,91298,0.313882863340564,58444,7.870996319317921,10.645567744205252,11.421884160538086
96613,662,92057,zip,CA,CA,Oceanside,"San Diego-Chula Vista-Carlsbad, CA",San Diego County,2022-03-31,2645.299604859358,92057,0,2022,42006,2021,91298,0.313882863340564,58444,7.8805396100361405,10.645567744205252,11.421884160538086
96613,662,92057,zip,CA,CA,Oceanside,"San Diego-Chula Vista-Carlsbad, CA",San Diego County,2022-04-30,2672.8500340224127,92057,0,2022,42006,2021,91298,0.313882863340564,58444,7.890900610570423,10.645567744205252,11.421884160538086
96613,662,92057,zip,CA,CA,Oceanside,"San Diego-Chula Vista-Carlsbad, CA",San Diego County,2022-05-31,2737.2095458534222,92057,0,2022,42006,2021,91298,0.313882863340564,58444,7.914694266524191,10.645567744205252,11.421884160538086
96613,662,92057,zip,CA,CA,Oceanside,"San Diego-Chula Vista-Carlsbad, CA",San Diego County,2022-06-30,2753.686511092068,92057,0,2022,42006,2021,91298,0.313882863340564,58444,7.920695842414392,10.645567744205252,11.421884160538086
96613,662,92057,zip,CA,CA,Oceanside,"San Diego-Chula Vista-Carlsbad, CA",San Diego County,2022-07-31,2778.272884373952,92057,0,2022,42006,2021,91298,0.313882863340564,58444,7.929584749006169,10.645567744205252,11.421884160538086
96613,662,92057,zip,CA,CA,Oceanside,"San Diego-Chula Vista-Carlsbad, CA",San Diego County,2022-08-31,2760.26561715665,92057,0,2022,42006,2021,91298,0.313882863340564,58444,7.923082192180843,10.645567744205252,11.421884160538086
96613,662,92057,zip,CA,CA,Oceanside,"San Diego-Chula Vista-Carlsbad, CA",San Diego County,2022-09-30,2750.912753575464,92057,0,2022,42006,2021,91298,0.313882863340564,58444,7.919688045981626,10.645567744205252,11.421884160538086
96613,662,92057,zip,CA,CA,Oceanside,"San Diego-Chula Vista-Carlsbad, CA",San Diego County,2022-10-31,2752.401559206281,92057,0,2022,42006,2021,91298,0.313882863340564,58444,7.920229103817875,10.645567744205252,11.421884160538086
96613,662,92057,zip,CA,CA,Oceanside,"San Diego-Chula Vista-Carlsbad, CA",San Diego County,2022-11-30,2767.5006685041767,92057,0,2022,42006,2021,91298,0.313882863340564,58444,7.9256999061380204,10.645567744205252,11.421884160538086
96613,662,92057,zip,CA,CA,Oceanside,"San Diego-Chula Vista-Carlsbad, CA",San Diego County,2022-12-31,2762.827550589912,92057,0,2022,42006,2021,91298,0.313882863340564,58444,7.924009909146389,10.645567744205252,11.421884160538086
96613,662,92057,zip,CA,CA,Oceanside,"San Diego-Chula Vista-Carlsbad, CA",San Diego County,2023-01-31,2778.0213819221262,92057,0,2023,42376,2023,106421,0.3129730305937533,57994,7.929494220160883,10.654337443224362,11.57515820483615
96613,662,92057,zip,CA,CA,Oceanside,"San Diego-Chula Vista-Carlsbad, CA",San Diego County,2023-02-28,2801.448524958893,92057,0,2023,42376,2023,106421,0.3129730305937533,57994,7.937891892736548,10.654337443224362,11.57515820483615
96613,662,92057,zip,CA,CA,Oceanside,"San Diego-Chula Vista-Carlsbad, CA",San Diego County,2023-03-31,2856.867091462686,92057,0,2023,42376,2023,106421,0.3129730305937533,57994,7.957480880834594,10.654337443224362,11.57515820483615
96613,662,92057,zip,CA,CA,Oceanside,"San Diego-Chula Vista-Carlsbad, CA",San Diego County,2023-04-30,2862.6197872388607,92057,0,2023,42376,2023,106421,0.3129730305937533,57994,7.959492494057275,10.654337443224362,11.57515820483615
96613,662,92057,zip,CA,CA,Oceanside,"San Diego-Chula Vista-Carlsbad, CA",San Diego County,2023-05-31,2859.0467621658563,92057,0,2023,42376,2023,106421,0.3129730305937533,57994,7.958243548315119,10.654337443224362,11.57515820483615
96613,662,92057,zip,CA,CA,Oceanside,"San Diego-Chula Vista-Carlsbad, CA",San Diego County,2023-06-30,2849.855543998914,92057,0,2023,42376,2023,106421,0.3129730305937533,57994,7.955023585661931,10.654337443224362,11.57515820483615
96613,662,92057,zip,CA,CA,Oceanside,"San Diego-Chula Vista-Carlsbad, CA",San Diego County,2023-07-31,2868.7164652370893,92057,0,2023,42376,2023,106421,0.3129730305937533,57994,7.9616199840628274,10.654337443224362,11.57515820483615
96613,662,92057,zip,CA,CA,Oceanside,"San Diego-Chula Vista-Carlsbad, CA",San Diego County,2023-08-31,2885.358681566457,92057,0,2023,42376,2023,106421,0.3129730305937533,57994,7.967404497580508,10.654337443224362,11.57515820483615
96613,662,92057,zip,CA,CA,Oceanside,"San Diego-Chula Vista-Carlsbad, CA",San Diego County,2023-09-30,2879.714201694651,92057,0,2023,42376,2023,106421,0.3129730305937533,57994,7.965446332683131,10.654337443224362,11.57515820483615
96613,662,92057,zip,CA,CA,Oceanside,"San Diego-Chula Vista-Carlsbad, CA",San Diego County,2023-10-31,2862.0335602364107,92057,0,2023,42376,2023,106421,0.3129730305937533,57994,7.959287686195937,10.654337443224362,11.57515820483615
96613,662,92057,zip,CA,CA,Oceanside,"San Diego-Chula Vista-Carlsbad, CA",San Diego County,2023-11-30,2844.703769667316,92057,0,2023,42376,2023,106421,0.3129730305937533,57994,7.953214217999458,10.654337443224362,11.57515820483615
96613,662,92057,zip,CA,CA,Oceanside,"San Diego-Chula Vista-Carlsbad, CA",San Diego County,2023-12-31,2838.19071979768,92057,0,2023,42376,2023,106421,0.3129730305937533,57994,7.950922057645842,10.654337443224362,11.57515820483615
96613,662,92057,zip,CA,CA,Oceanside,"San Diego-Chula Vista-Carlsbad, CA",San Diego County,2024-01-31,2846.3675392214946,92057,0,2024,44256,2023,106421,0.3129730305937533,57994,7.953798912694454,10.697746234464486,11.57515820483615
96613,662,92057,zip,CA,CA,Oceanside,"San Diego-Chula Vista-Carlsbad, CA",San Diego County,2024-02-29,2894.734721638892,92057,0,2024,44256,2023,106421,0.3129730305937533,57994,7.970648752523153,10.697746234464486,11.57515820483615
96613,662,92057,zip,CA,CA,Oceanside,"San Diego-Chula Vista-Carlsbad, CA",San Diego County,2024-03-31,2928.0116835705367,92057,0,2024,44256,2023,106421,0.3129730305937533,57994,7.982078865363725,10.697746234464486,11.57515820483615
96613,662,92057,zip,CA,CA,Oceanside,"San Diego-Chula Vista-Carlsbad, CA",San Diego County,2024-04-30,2925.932127952324,92057,0,2024,44256,2023,106421,0.3129730305937533,57994,7.981368385122491,10.697746234464486,11.57515820483615
96613,662,92057,zip,CA,CA,Oceanside,"San Diego-Chula Vista-Carlsbad, CA",San Diego County,2024-05-31,2924.852614870307,92057,0,2024,44256,2023,106421,0.3129730305937533,57994,7.980999370317908,10.697746234464486,11.57515820483615
96613,662,92057,zip,CA,CA,Oceanside,"San Diego-Chula Vista-Carlsbad, CA",San Diego County,2024-06-30,2948.618746187484,92057,0,2024,44256,2023,106421,0.3129730305937533,57994,7.989092118052528,10.697746234464486,11.57515820483615
96613,662,92057,zip,CA,CA,Oceanside,"San Diego-Chula Vista-Carlsbad, CA",San Diego County,2024-07-31,2982.295830694137,92057,0,2024,44256,2023,106421,0.3129730305937533,57994,8.000448695868311,10.697746234464486,11.57515820483615
96613,662,92057,zip,CA,CA,Oceanside,"San Diego-Chula Vista-Carlsbad, CA",San Diego County,2024-08-31,2973.6263103666347,92057,0,2024,44256,2023,106421,0.3129730305937533,57994,7.9975374669283745,10.697746234464486,11.57515820483615
96613,662,92057,zip,CA,CA,Oceanside,"San Diego-Chula Vista-Carlsbad, CA",San Diego County,2024-09-30,2963.7470437505267,92057,0,2024,44256,2023,106421,0.3129730305937533,57994,7.994209639909873,10.697746234464486,11.57515820483615
96613,662,92057,zip,CA,CA,Oceanside,"San Diego-Chula Vista-Carlsbad, CA",San Diego County,2024-10-31,2967.826327908771,92057,0,2024,44256,2023,106421,0.3129730305937533,57994,7.995585087719674,10.697746234464486,11.57515820483615
96613,662,92057,zip,CA,CA,Oceanside,"San Diego-Chula Vista-Carlsbad, CA",San Diego County,2024-11-30,2976.317586338585,92057,0,2024,44256,2023,106421,0.3129730305937533,57994,7.998442106098831,10.697746234464486,11.57515820483615
96613,662,92057,zip,CA,CA,Oceanside,"San Diego-Chula Vista-Carlsbad, CA",San Diego County,2024-12-31,2968.292045044343,92057,0,2024,44256,2023,106421,0.3129730305937533,57994,7.995741997372504,10.697746234464486,11.57515820483615
96623,1220,92069,zip,CA,CA,San Marcos,"San Diego-Chula Vista-Carlsbad, CA",San Diego County,2018-01-31,1857.0056732232968,92069,0,2018,37887,2017,65485,0.4306382389588813,49638,7.526720616395587,10.54236332431428,11.089576387763504
96623,1220,92069,zip,CA,CA,San Marcos,"San Diego-Chula Vista-Carlsbad, CA",San Diego County,2018-02-28,1898.024050950869,92069,0,2018,37887,2017,65485,0.4306382389588813,49638,7.548568650823449,10.54236332431428,11.089576387763504
96623,1220,92069,zip,CA,CA,San Marcos,"San Diego-Chula Vista-Carlsbad, CA",San Diego County,2018-03-31,1895.2426557118888,92069,0,2018,37887,2017,65485,0.4306382389588813,49638,7.547102159826354,10.54236332431428,11.089576387763504
96623,1220,92069,zip,CA,CA,San Marcos,"San Diego-Chula Vista-Carlsbad, CA",San Diego County,2018-04-30,1902.69307468476,92069,0,2018,37887,2017,65485,0.4306382389588813,49638,7.551025569309222,10.54236332431428,11.089576387763504
96623,1220,92069,zip,CA,CA,San Marcos,"San Diego-Chula Vista-Carlsbad, CA",San Diego County,2018-05-31,1901.684945671452,92069,0,2018,37887,2017,65485,0.4306382389588813,49638,7.550495585679041,10.54236332431428,11.089576387763504
96623,1220,92069,zip,CA,CA,San Marcos,"San Diego-Chula Vista-Carlsbad, CA",San Diego County,2018-06-30,1906.4780127175927,92069,0,2018,37887,2017,65485,0.4306382389588813,49638,7.553012846431531,10.54236332431428,11.089576387763504
96623,1220,92069,zip,CA,CA,San Marcos,"San Diego-Chula Vista-Carlsbad, CA",San Diego County,2018-07-31,1889.8342763417445,92069,0,2018,37887,2017,65485,0.4306382389588813,49638,7.5442444197339125,10.54236332431428,11.089576387763504
96623,1220,92069,zip,CA,CA,San Marcos,"San Diego-Chula Vista-Carlsbad, CA",San Diego County,2018-08-31,1902.676186803884,92069,0,2018,37887,2017,65485,0.4306382389588813,49638,7.551016693492072,10.54236332431428,11.089576387763504
96623,1220,92069,zip,CA,CA,San Marcos,"San Diego-Chula Vista-Carlsbad, CA",San Diego County,2018-09-30,1895.041327551459,92069,0,2018,37887,2017,65485,0.4306382389588813,49638,7.546995926012999,10.54236332431428,11.089576387763504
96623,1220,92069,zip,CA,CA,San Marcos,"San Diego-Chula Vista-Carlsbad, CA",San Diego County,2018-10-31,1908.4790790972747,92069,0,2018,37887,2017,65485,0.4306382389588813,49638,7.55406191016412,10.54236332431428,11.089576387763504
96623,1220,92069,zip,CA,CA,San Marcos,"San Diego-Chula Vista-Carlsbad, CA",San Diego County,2018-11-30,1922.5218300877284,92069,0,2018,37887,2017,65485,0.4306382389588813,49638,7.561393056367465,10.54236332431428,11.089576387763504
96623,1220,92069,zip,CA,CA,San Marcos,"San Diego-Chula Vista-Carlsbad, CA",San Diego County,2018-12-31,1970.345294836599,92069,0,2018,37887,2017,65485,0.4306382389588813,49638,7.585964082939693,10.54236332431428,11.089576387763504
96623,1220,92069,zip,CA,CA,San Marcos,"San Diego-Chula Vista-Carlsbad, CA",San Diego County,2019-01-31,1999.1224282473631,92069,0,2019,38736,2019,71488,0.4282562182401712,50376,7.600463577371071,10.56452467917784,11.177284882428873
96623,1220,92069,zip,CA,CA,San Marcos,"San Diego-Chula Vista-Carlsbad, CA",San Diego County,2019-02-28,2004.1585892348728,92069,0,2019,38736,2019,71488,0.4282562182401712,50376,7.602979595418387,10.56452467917784,11.177284882428873
96623,1220,92069,zip,CA,CA,San Marcos,"San Diego-Chula Vista-Carlsbad, CA",San Diego County,2019-03-31,2007.6792987761823,92069,0,2019,38736,2019,71488,0.4282562182401712,50376,7.604734756291489,10.56452467917784,11.177284882428873
96623,1220,92069,zip,CA,CA,San Marcos,"San Diego-Chula Vista-Carlsbad, CA",San Diego County,2019-04-30,2001.9467769461128,92069,0,2019,38736,2019,71488,0.4282562182401712,50376,7.6018753745797785,10.56452467917784,11.177284882428873
96623,1220,92069,zip,CA,CA,San Marcos,"San Diego-Chula Vista-Carlsbad, CA",San Diego County,2019-05-31,2012.5180980992309,92069,0,2019,38736,2019,71488,0.4282562182401712,50376,7.607142002096621,10.56452467917784,11.177284882428873
96623,1220,92069,zip,CA,CA,San Marcos,"San Diego-Chula Vista-Carlsbad, CA",San Diego County,2019-06-30,1993.538359702728,92069,0,2019,38736,2019,71488,0.4282562182401712,50376,7.597666409025406,10.56452467917784,11.177284882428873
96623,1220,92069,zip,CA,CA,San Marcos,"San Diego-Chula Vista-Carlsbad, CA",San Diego County,2019-07-31,2011.2427574814528,92069,0,2019,38736,2019,71488,0.4282562182401712,50376,7.606508097296481,10.56452467917784,11.177284882428873
96623,1220,92069,zip,CA,CA,San Marcos,"San Diego-Chula Vista-Carlsbad, CA",San Diego County,2019-08-31,1995.8631578575985,92069,0,2019,38736,2019,71488,0.4282562182401712,50376,7.598831896333613,10.56452467917784,11.177284882428873
96623,1220,92069,zip,CA,CA,San Marcos,"San Diego-Chula Vista-Carlsbad, CA",San Diego County,2019-09-30,2029.200408051711,92069,0,2019,38736,2019,71488,0.4282562182401712,50376,7.615397106782457,10.56452467917784,11.177284882428873
96623,1220,92069,zip,CA,CA,San Marcos,"San Diego-Chula Vista-Carlsbad, CA",San Diego County,2019-10-31,2032.9150231624192,92069,0,2019,38736,2019,71488,0.4282562182401712,50376,7.617226014015168,10.56452467917784,11.177284882428873
96623,1220,92069,zip,CA,CA,San Marcos,"San Diego-Chula Vista-Carlsbad, CA",San Diego County,2019-11-30,2018.028117394908,92069,0,2019,38736,2019,71488,0.4282562182401712,50376,7.609876134114261,10.56452467917784,11.177284882428873
96623,1220,92069,zip,CA,CA,San Marcos,"San Diego-Chula Vista-Carlsbad, CA",San Diego County,2019-12-31,1999.56389165242,92069,0,2019,38736,2019,71488,0.4282562182401712,50376,7.600684381591025,10.56452467917784,11.177284882428873
96623,1220,92069,zip,CA,CA,San Marcos,"San Diego-Chula Vista-Carlsbad, CA",San Diego County,2020-01-31,2005.2549572169607,92069,0,2020,39576,2019,71488,0.4282562182401712,50376,7.603526492363145,10.585978152907545,11.177284882428873
96623,1220,92069,zip,CA,CA,San Marcos,"San Diego-Chula Vista-Carlsbad, CA",San Diego County,2020-02-29,2036.1775663273213,92069,0,2020,39576,2019,71488,0.4282562182401712,50376,7.618829587191384,10.585978152907545,11.177284882428873
96623,1220,92069,zip,CA,CA,San Marcos,"San Diego-Chula Vista-Carlsbad, CA",San Diego County,2020-03-31,2049.5306700238148,92069,0,2020,39576,2019,71488,0.4282562182401712,50376,7.6253661044695615,10.585978152907545,11.177284882428873
96623,1220,92069,zip,CA,CA,San Marcos,"San Diego-Chula Vista-Carlsbad, CA",San Diego County,2020-04-30,2032.62000807996,92069,0,2020,39576,2019,71488,0.4282562182401712,50376,7.6170808842446895,10.585978152907545,11.177284882428873
96623,1220,92069,zip,CA,CA,San Marcos,"San Diego-Chula Vista-Carlsbad, CA",San Diego County,2020-05-31,2023.0098157717048,92069,0,2020,39576,2019,71488,0.4282562182401712,50376,7.612341689242828,10.585978152907545,11.177284882428873
96623,1220,92069,zip,CA,CA,San Marcos,"San Diego-Chula Vista-Carlsbad, CA",San Diego County,2020-06-30,2005.7874152178183,92069,0,2020,39576,2019,71488,0.4282562182401712,50376,7.603791988438503,10.585978152907545,11.177284882428873
96623,1220,92069,zip,CA,CA,San Marcos,"San Diego-Chula Vista-Carlsbad, CA",San Diego County,2020-07-31,2022.8202992282809,92069,0,2020,39576,2019,71488,0.4282562182401712,50376,7.612248004368191,10.585978152907545,11.177284882428873
96623,1220,92069,zip,CA,CA,San Marcos,"San Diego-Chula Vista-Carlsbad, CA",San Diego County,2020-08-31,2032.742166596696,92069,0,2020,39576,2019,71488,0.4282562182401712,50376,7.617140981481553,10.585978152907545,11.177284882428873
96623,1220,92069,zip,CA,CA,San Marcos,"San Diego-Chula Vista-Carlsbad, CA",San Diego County,2020-09-30,2075.7545899510083,92069,0,2020,39576,2019,71488,0.4282562182401712,50376,7.638080024365039,10.585978152907545,11.177284882428873
96623,1220,92069,zip,CA,CA,San Marcos,"San Diego-Chula Vista-Carlsbad, CA",San Diego County,2020-10-31,2092.345163553795,92069,0,2020,39576,2019,71488,0.4282562182401712,50376,7.646040803713633,10.585978152907545,11.177284882428873
96623,1220,92069,zip,CA,CA,San Marcos,"San Diego-Chula Vista-Carlsbad, CA",San Diego County,2020-11-30,2096.2064354547283,92069,0,2020,39576,2019,71488,0.4282562182401712,50376,7.647884530788958,10.585978152907545,11.177284882428873
96623,1220,92069,zip,CA,CA,San Marcos,"San Diego-Chula Vista-Carlsbad, CA",San Diego County,2020-12-31,2089.711793601265,92069,0,2020,39576,2019,71488,0.4282562182401712,50376,7.644781437651643,10.585978152907545,11.177284882428873
96623,1220,92069,zip,CA,CA,San Marcos,"San Diego-Chula Vista-Carlsbad, CA",San Diego County,2021-01-31,2116.645851200243,92069,0,2021,41885,2021,80429,0.4334862385321101,46375,7.657587969091647,10.64268304658791,11.29513008664912
96623,1220,92069,zip,CA,CA,San Marcos,"San Diego-Chula Vista-Carlsbad, CA",San Diego County,2021-02-28,2135.314013098604,92069,0,2021,41885,2021,80429,0.4334862385321101,46375,7.6663689935824175,10.64268304658791,11.29513008664912
96623,1220,92069,zip,CA,CA,San Marcos,"San Diego-Chula Vista-Carlsbad, CA",San Diego County,2021-03-31,2174.780984958455,92069,0,2021,41885,2021,80429,0.4334862385321101,46375,7.684683241881719,10.64268304658791,11.29513008664912
96623,1220,92069,zip,CA,CA,San Marcos,"San Diego-Chula Vista-Carlsbad, CA",San Diego County,2021-04-30,2194.232488669488,92069,0,2021,41885,2021,80429,0.4334862385321101,46375,7.693587600886429,10.64268304658791,11.29513008664912
96623,1220,92069,zip,CA,CA,San Marcos,"San Diego-Chula Vista-Carlsbad, CA",San Diego County,2021-05-31,2225.3267045085954,92069,0,2021,41885,2021,80429,0.4334862385321101,46375,7.7076590173083686,10.64268304658791,11.29513008664912
96623,1220,92069,zip,CA,CA,San Marcos,"San Diego-Chula Vista-Carlsbad, CA",San Diego County,2021-06-30,2246.5719857660565,92069,0,2021,41885,2021,80429,0.4334862385321101,46375,7.7171607715161095,10.64268304658791,11.29513008664912
96623,1220,92069,zip,CA,CA,San Marcos,"San Diego-Chula Vista-Carlsbad, CA",San Diego County,2021-07-31,2276.3485362020174,92069,0,2021,41885,2021,80429,0.4334862385321101,46375,7.730327918936083,10.64268304658791,11.29513008664912
96623,1220,92069,zip,CA,CA,San Marcos,"San Diego-Chula Vista-Carlsbad, CA",San Diego County,2021-08-31,2343.370467178273,92069,0,2021,41885,2021,80429,0.4334862385321101,46375,7.759345542602057,10.64268304658791,11.29513008664912
96623,1220,92069,zip,CA,CA,San Marcos,"San Diego-Chula Vista-Carlsbad, CA",San Diego County,2021-09-30,2417.8369746755016,92069,0,2021,41885,2021,80429,0.4334862385321101,46375,7.790628607344938,10.64268304658791,11.29513008664912
96623,1220,92069,zip,CA,CA,San Marcos,"San Diego-Chula Vista-Carlsbad, CA",San Diego County,2021-10-31,2446.07347641294,92069,0,2021,41885,2021,80429,0.4334862385321101,46375,7.802239355212517,10.64268304658791,11.29513008664912
96623,1220,92069,zip,CA,CA,San Marcos,"San Diego-Chula Vista-Carlsbad, CA",San Diego County,2021-11-30,2425.849142943477,92069,0,2021,41885,2021,80429,0.4334862385321101,46375,7.793936904117712,10.64268304658791,11.29513008664912
96623,1220,92069,zip,CA,CA,San Marcos,"San Diego-Chula Vista-Carlsbad, CA",San Diego County,2021-12-31,2369.780951397726,92069,0,2021,41885,2021,80429,0.4334862385321101,46375,7.770552804287091,10.64268304658791,11.29513008664912
96623,1220,92069,zip,CA,CA,San Marcos,"San Diego-Chula Vista-Carlsbad, CA",San Diego County,2022-01-31,2384.5850803403214,92069,0,2022,42006,2021,80429,0.4334862385321101,46375,7.776780417680615,10.645567744205252,11.29513008664912
96623,1220,92069,zip,CA,CA,San Marcos,"San Diego-Chula Vista-Carlsbad, CA",San Diego County,2022-02-28,2444.9904207624577,92069,0,2022,42006,2021,80429,0.4334862385321101,46375,7.8017964840127325,10.645567744205252,11.29513008664912
96623,1220,92069,zip,CA,CA,San Marcos,"San Diego-Chula Vista-Carlsbad, CA",San Diego County,2022-03-31,2505.7321447699064,92069,0,2022,42006,2021,80429,0.4334862385321101,46375,7.826336244176667,10.645567744205252,11.29513008664912
96623,1220,92069,zip,CA,CA,San Marcos,"San Diego-Chula Vista-Carlsbad, CA",San Diego County,2022-04-30,2574.8287102490767,92069,0,2022,42006,2021,80429,0.4334862385321101,46375,7.853538290593643,10.645567744205252,11.29513008664912
96623,1220,92069,zip,CA,CA,San Marcos,"San Diego-Chula Vista-Carlsbad, CA",San Diego County,2022-05-31,2589.96552146098,92069,0,2022,42006,2021,80429,0.4334862385321101,46375,7.859399842427748,10.645567744205252,11.29513008664912
96623,1220,92069,zip,CA,CA,San Marcos,"San Diego-Chula Vista-Carlsbad, CA",San Diego County,2022-06-30,2669.2339954155614,92069,0,2022,42006,2021,80429,0.4334862385321101,46375,7.88954681712981,10.645567744205252,11.29513008664912
96623,1220,92069,zip,CA,CA,San Marcos,"San Diego-Chula Vista-Carlsbad, CA",San Diego County,2022-07-31,2657.483663972526,92069,0,2022,42006,2021,80429,0.4334862385321101,46375,7.8851349630561085,10.645567744205252,11.29513008664912
96623,1220,92069,zip,CA,CA,San Marcos,"San Diego-Chula Vista-Carlsbad, CA",San Diego County,2022-08-31,2726.2244121562894,92069,0,2022,42006,2021,80429,0.4334862385321101,46375,7.910672931742783,10.645567744205252,11.29513008664912
96623,1220,92069,zip,CA,CA,San Marcos,"San Diego-Chula Vista-Carlsbad, CA",San Diego County,2022-09-30,2683.993795915779,92069,0,2022,42006,2021,80429,0.4334862385321101,46375,7.8950611865821125,10.645567744205252,11.29513008664912
96623,1220,92069,zip,CA,CA,San Marcos,"San Diego-Chula Vista-Carlsbad, CA",San Diego County,2022-10-31,2682.231722695188,92069,0,2022,42006,2021,80429,0.4334862385321101,46375,7.894404459324635,10.645567744205252,11.29513008664912
96623,1220,92069,zip,CA,CA,San Marcos,"San Diego-Chula Vista-Carlsbad, CA",San Diego County,2022-11-30,2637.5956611637544,92069,0,2022,42006,2021,80429,0.4334862385321101,46375,7.8776230467621415,10.645567744205252,11.29513008664912
96623,1220,92069,zip,CA,CA,San Marcos,"San Diego-Chula Vista-Carlsbad, CA",San Diego County,2022-12-31,2620.694332198143,92069,0,2022,42006,2021,80429,0.4334862385321101,46375,7.8711945739349565,10.645567744205252,11.29513008664912
96623,1220,92069,zip,CA,CA,San Marcos,"San Diego-Chula Vista-Carlsbad, CA",San Diego County,2023-01-31,2639.3463272368035,92069,0,2023,42376,2023,93065,0.4420954660284537,46825,7.878286562162207,10.654337443224362,11.441053452732433
96623,1220,92069,zip,CA,CA,San Marcos,"San Diego-Chula Vista-Carlsbad, CA",San Diego County,2023-02-28,2649.8005899284344,92069,0,2023,42376,2023,93065,0.4420954660284537,46825,7.882239667065304,10.654337443224362,11.441053452732433
96623,1220,92069,zip,CA,CA,San Marcos,"San Diego-Chula Vista-Carlsbad, CA",San Diego County,2023-03-31,2689.588398179964,92069,0,2023,42376,2023,93065,0.4420954660284537,46825,7.897143449059371,10.654337443224362,11.441053452732433
96623,1220,92069,zip,CA,CA,San Marcos,"San Diego-Chula Vista-Carlsbad, CA",San Diego County,2023-04-30,2707.2735403407205,92069,0,2023,42376,2023,93065,0.4420954660284537,46825,7.903697333766916,10.654337443224362,11.441053452732433
96623,1220,92069,zip,CA,CA,San Marcos,"San Diego-Chula Vista-Carlsbad, CA",San Diego County,2023-05-31,2720.7809877512595,92069,0,2023,42376,2023,93065,0.4420954660284537,46825,7.908674245926458,10.654337443224362,11.441053452732433
96623,1220,92069,zip,CA,CA,San Marcos,"San Diego-Chula Vista-Carlsbad, CA",San Diego County,2023-06-30,2758.88541941478,92069,0,2023,42376,2023,93065,0.4420954660284537,46825,7.922582043603101,10.654337443224362,11.441053452732433
96623,1220,92069,zip,CA,CA,San Marcos,"San Diego-Chula Vista-Carlsbad, CA",San Diego County,2023-07-31,2814.025193780857,92069,0,2023,42376,2023,93065,0.4420954660284537,46825,7.942371190648065,10.654337443224362,11.441053452732433
96623,1220,92069,zip,CA,CA,San Marcos,"San Diego-Chula Vista-Carlsbad, CA",San Diego County,2023-08-31,2875.165720879133,92069,0,2023,42376,2023,93065,0.4420954660284537,46825,7.963865593615128,10.654337443224362,11.441053452732433
96623,1220,92069,zip,CA,CA,San Marcos,"San Diego-Chula Vista-Carlsbad, CA",San Diego County,2023-09-30,2854.319362814842,92069,0,2023,42376,2023,93065,0.4420954660284537,46825,7.956588691851713,10.654337443224362,11.441053452732433
96623,1220,92069,zip,CA,CA,San Marcos,"San Diego-Chula Vista-Carlsbad, CA",San Diego County,2023-10-31,2792.2574733596707,92069,0,2023,42376,2023,93065,0.4420954660284537,46825,7.934605677882453,10.654337443224362,11.441053452732433
96623,1220,92069,zip,CA,CA,San Marcos,"San Diego-Chula Vista-Carlsbad, CA",San Diego County,2023-11-30,2755.372046282094,92069,0,2023,42376,2023,93065,0.4420954660284537,46825,7.92130775649193,10.654337443224362,11.441053452732433
96623,1220,92069,zip,CA,CA,San Marcos,"San Diego-Chula Vista-Carlsbad, CA",San Diego County,2023-12-31,2767.5542335741084,92069,0,2023,42376,2023,93065,0.4420954660284537,46825,7.925719260984859,10.654337443224362,11.441053452732433
96623,1220,92069,zip,CA,CA,San Marcos,"San Diego-Chula Vista-Carlsbad, CA",San Diego County,2024-01-31,2779.563334198285,92069,0,2024,44256,2023,93065,0.4420954660284537,46825,7.930049120317872,10.697746234464486,11.441053452732433
96623,1220,92069,zip,CA,CA,San Marcos,"San Diego-Chula Vista-Carlsbad, CA",San Diego County,2024-02-29,2803.882265818509,92069,0,2024,44256,2023,93065,0.4420954660284537,46825,7.938760259333772,10.697746234464486,11.441053452732433
96623,1220,92069,zip,CA,CA,San Marcos,"San Diego-Chula Vista-Carlsbad, CA",San Diego County,2024-03-31,2814.8916817501176,92069,0,2024,44256,2023,93065,0.4420954660284537,46825,7.942679060881456,10.697746234464486,11.441053452732433
96623,1220,92069,zip,CA,CA,San Marcos,"San Diego-Chula Vista-Carlsbad, CA",San Diego County,2024-04-30,2841.7846612046983,92069,0,2024,44256,2023,93065,0.4420954660284537,46825,7.952187535626138,10.697746234464486,11.441053452732433
96623,1220,92069,zip,CA,CA,San Marcos,"San Diego-Chula Vista-Carlsbad, CA",San Diego County,2024-05-31,2843.301710520359,92069,0,2024,44256,2023,93065,0.4420954660284537,46825,7.952721230016152,10.697746234464486,11.441053452732433
96623,1220,92069,zip,CA,CA,San Marcos,"San Diego-Chula Vista-Carlsbad, CA",San Diego County,2024-06-30,2862.7954954408783,92069,0,2024,44256,2023,93065,0.4420954660284537,46825,7.959553872383003,10.697746234464486,11.441053452732433
96623,1220,92069,zip,CA,CA,San Marcos,"San Diego-Chula Vista-Carlsbad, CA",San Diego County,2024-07-31,2897.989280199336,92069,0,2024,44256,2023,93065,0.4420954660284537,46825,7.971772423839741,10.697746234464486,11.441053452732433
96623,1220,92069,zip,CA,CA,San Marcos,"San Diego-Chula Vista-Carlsbad, CA",San Diego County,2024-08-31,2929.1360812616936,92069,0,2024,44256,2023,93065,0.4420954660284537,46825,7.9824628057217675,10.697746234464486,11.441053452732433
96623,1220,92069,zip,CA,CA,San Marcos,"San Diego-Chula Vista-Carlsbad, CA",San Diego County,2024-09-30,2925.7100860963897,92069,0,2024,44256,2023,93065,0.4420954660284537,46825,7.981292494680828,10.697746234464486,11.441053452732433
96623,1220,92069,zip,CA,CA,San Marcos,"San Diego-Chula Vista-Carlsbad, CA",San Diego County,2024-10-31,2894.318524143949,92069,0,2024,44256,2023,93065,0.4420954660284537,46825,7.970504964764433,10.697746234464486,11.441053452732433
96623,1220,92069,zip,CA,CA,San Marcos,"San Diego-Chula Vista-Carlsbad, CA",San Diego County,2024-11-30,2850.456694702061,92069,0,2024,44256,2023,93065,0.4420954660284537,46825,7.955234504180146,10.697746234464486,11.441053452732433
96623,1220,92069,zip,CA,CA,San Marcos,"San Diego-Chula Vista-Carlsbad, CA",San Diego County,2024-12-31,2840.4971494722395,92069,0,2024,44256,2023,93065,0.4420954660284537,46825,7.951734368466398,10.697746234464486,11.441053452732433
96625,475,92071,zip,CA,CA,Santee,"San Diego-Chula Vista-Carlsbad, CA",San Diego County,2016-04-30,1681.5758517503689,92071,0,2016,34979,2017,81716,0.3078231292517007,57245,7.427486639737922,10.462503160399518,11.311005100107543
96625,475,92071,zip,CA,CA,Santee,"San Diego-Chula Vista-Carlsbad, CA",San Diego County,2016-05-31,1695.4817480589425,92071,0,2016,34979,2017,81716,0.3078231292517007,57245,7.435722196576428,10.462503160399518,11.311005100107543
96625,475,92071,zip,CA,CA,Santee,"San Diego-Chula Vista-Carlsbad, CA",San Diego County,2016-06-30,1714.407990341814,92071,0,2016,34979,2017,81716,0.3078231292517007,57245,7.446823104870516,10.462503160399518,11.311005100107543
96625,475,92071,zip,CA,CA,Santee,"San Diego-Chula Vista-Carlsbad, CA",San Diego County,2016-07-31,1741.3076370752951,92071,0,2016,34979,2017,81716,0.3078231292517007,57245,7.462391625522669,10.462503160399518,11.311005100107543
96625,475,92071,zip,CA,CA,Santee,"San Diego-Chula Vista-Carlsbad, CA",San Diego County,2016-08-31,1742.2162244298802,92071,0,2016,34979,2017,81716,0.3078231292517007,57245,7.4629132739518536,10.462503160399518,11.311005100107543
96625,475,92071,zip,CA,CA,Santee,"San Diego-Chula Vista-Carlsbad, CA",San Diego County,2016-09-30,1745.1734681933856,92071,0,2016,34979,2017,81716,0.3078231292517007,57245,7.464609238402621,10.462503160399518,11.311005100107543
96625,475,92071,zip,CA,CA,Santee,"San Diego-Chula Vista-Carlsbad, CA",San Diego County,2016-10-31,1731.4894953809087,92071,0,2016,34979,2017,81716,0.3078231292517007,57245,7.456737297050125,10.462503160399518,11.311005100107543
96625,475,92071,zip,CA,CA,Santee,"San Diego-Chula Vista-Carlsbad, CA",San Diego County,2016-11-30,1737.345864476586,92071,0,2016,34979,2017,81716,0.3078231292517007,57245,7.460113862411273,10.462503160399518,11.311005100107543
96625,475,92071,zip,CA,CA,Santee,"San Diego-Chula Vista-Carlsbad, CA",San Diego County,2016-12-31,1731.807263238696,92071,0,2016,34979,2017,81716,0.3078231292517007,57245,7.456920803045035,10.462503160399518,11.311005100107543
96625,475,92071,zip,CA,CA,Santee,"San Diego-Chula Vista-Carlsbad, CA",San Diego County,2017-01-31,1736.473976779926,92071,0,2017,35772,2017,81716,0.3078231292517007,57245,7.459611886053943,10.484920743466072,11.311005100107543
96625,475,92071,zip,CA,CA,Santee,"San Diego-Chula Vista-Carlsbad, CA",San Diego County,2017-02-28,1752.581971748475,92071,0,2017,35772,2017,81716,0.3078231292517007,57245,7.4688453919937405,10.484920743466072,11.311005100107543
96625,475,92071,zip,CA,CA,Santee,"San Diego-Chula Vista-Carlsbad, CA",San Diego County,2017-03-31,1765.6962050917775,92071,0,2017,35772,2017,81716,0.3078231292517007,57245,7.476300342069187,10.484920743466072,11.311005100107543
96625,475,92071,zip,CA,CA,Santee,"San Diego-Chula Vista-Carlsbad, CA",San Diego County,2017-04-30,1785.774247436921,92071,0,2017,35772,2017,81716,0.3078231292517007,57245,7.487607352236008,10.484920743466072,11.311005100107543
96625,475,92071,zip,CA,CA,Santee,"San Diego-Chula Vista-Carlsbad, CA",San Diego County,2017-05-31,1809.71127252062,92071,0,2017,35772,2017,81716,0.3078231292517007,57245,7.500922593591122,10.484920743466072,11.311005100107543
96625,475,92071,zip,CA,CA,Santee,"San Diego-Chula Vista-Carlsbad, CA",San Diego County,2017-06-30,1832.0318875466664,92071,0,2017,35772,2017,81716,0.3078231292517007,57245,7.513180950948679,10.484920743466072,11.311005100107543
96625,475,92071,zip,CA,CA,Santee,"San Diego-Chula Vista-Carlsbad, CA",San Diego County,2017-07-31,1846.270186977228,92071,0,2017,35772,2017,81716,0.3078231292517007,57245,7.520922767828997,10.484920743466072,11.311005100107543
96625,475,92071,zip,CA,CA,Santee,"San Diego-Chula Vista-Carlsbad, CA",San Diego County,2017-08-31,1842.2713171777475,92071,0,2017,35772,2017,81716,0.3078231292517007,57245,7.518754500853197,10.484920743466072,11.311005100107543
96625,475,92071,zip,CA,CA,Santee,"San Diego-Chula Vista-Carlsbad, CA",San Diego County,2017-09-30,1866.5040595675605,92071,0,2017,35772,2017,81716,0.3078231292517007,57245,7.5318224733148025,10.484920743466072,11.311005100107543
96625,475,92071,zip,CA,CA,Santee,"San Diego-Chula Vista-Carlsbad, CA",San Diego County,2017-10-31,1857.308831783866,92071,0,2017,35772,2017,81716,0.3078231292517007,57245,7.526883854355558,10.484920743466072,11.311005100107543
96625,475,92071,zip,CA,CA,Santee,"San Diego-Chula Vista-Carlsbad, CA",San Diego County,2017-11-30,1874.641645744589,92071,0,2017,35772,2017,81716,0.3078231292517007,57245,7.53617279786877,10.484920743466072,11.311005100107543
96625,475,92071,zip,CA,CA,Santee,"San Diego-Chula Vista-Carlsbad, CA",San Diego County,2017-12-31,1863.0713059179348,92071,0,2017,35772,2017,81716,0.3078231292517007,57245,7.529981644650628,10.484920743466072,11.311005100107543
96625,475,92071,zip,CA,CA,Santee,"San Diego-Chula Vista-Carlsbad, CA",San Diego County,2018-01-31,1875.464043503962,92071,0,2018,37887,2017,81716,0.3078231292517007,57245,7.536611397652726,10.54236332431428,11.311005100107543
96625,475,92071,zip,CA,CA,Santee,"San Diego-Chula Vista-Carlsbad, CA",San Diego County,2018-02-28,1850.910564806833,92071,0,2018,37887,2017,81716,0.3078231292517007,57245,7.523432994175947,10.54236332431428,11.311005100107543
96625,475,92071,zip,CA,CA,Santee,"San Diego-Chula Vista-Carlsbad, CA",San Diego County,2018-03-31,1856.361266747596,92071,0,2018,37887,2017,81716,0.3078231292517007,57245,7.526373542436786,10.54236332431428,11.311005100107543
96625,475,92071,zip,CA,CA,Santee,"San Diego-Chula Vista-Carlsbad, CA",San Diego County,2018-04-30,1869.78134430106,92071,0,2018,37887,2017,81716,0.3078231292517007,57245,7.533576774830748,10.54236332431428,11.311005100107543
96625,475,92071,zip,CA,CA,Santee,"San Diego-Chula Vista-Carlsbad, CA",San Diego County,2018-05-31,1901.7625432493523,92071,0,2018,37887,2017,81716,0.3078231292517007,57245,7.550536389490918,10.54236332431428,11.311005100107543
96625,475,92071,zip,CA,CA,Santee,"San Diego-Chula Vista-Carlsbad, CA",San Diego County,2018-06-30,1910.2108507545336,92071,0,2018,37887,2017,81716,0.3078231292517007,57245,7.55496890801301,10.54236332431428,11.311005100107543
96625,475,92071,zip,CA,CA,Santee,"San Diego-Chula Vista-Carlsbad, CA",San Diego County,2018-07-31,1912.3874138644087,92071,0,2018,37887,2017,81716,0.3078231292517007,57245,7.5561076954002395,10.54236332431428,11.311005100107543
96625,475,92071,zip,CA,CA,Santee,"San Diego-Chula Vista-Carlsbad, CA",San Diego County,2018-08-31,1916.2291740953688,92071,0,2018,37887,2017,81716,0.3078231292517007,57245,7.558114562074973,10.54236332431428,11.311005100107543
96625,475,92071,zip,CA,CA,Santee,"San Diego-Chula Vista-Carlsbad, CA",San Diego County,2018-09-30,1930.8650836348763,92071,0,2018,37887,2017,81716,0.3078231292517007,57245,7.565723411336564,10.54236332431428,11.311005100107543
96625,475,92071,zip,CA,CA,Santee,"San Diego-Chula Vista-Carlsbad, CA",San Diego County,2018-10-31,1936.359438824692,92071,0,2018,37887,2017,81716,0.3078231292517007,57245,7.56856491115368,10.54236332431428,11.311005100107543
96625,475,92071,zip,CA,CA,Santee,"San Diego-Chula Vista-Carlsbad, CA",San Diego County,2018-11-30,1944.1031218139628,92071,0,2018,37887,2017,81716,0.3078231292517007,57245,7.572556029814082,10.54236332431428,11.311005100107543
96625,475,92071,zip,CA,CA,Santee,"San Diego-Chula Vista-Carlsbad, CA",San Diego County,2018-12-31,1988.912541956412,92071,0,2018,37887,2017,81716,0.3078231292517007,57245,7.5953433070256935,10.54236332431428,11.311005100107543
96625,475,92071,zip,CA,CA,Santee,"San Diego-Chula Vista-Carlsbad, CA",San Diego County,2019-01-31,2000.4032558830247,92071,0,2019,38736,2019,87334,0.2810934891485809,57710,7.6011040671594134,10.56452467917784,11.377495127633775
96625,475,92071,zip,CA,CA,Santee,"San Diego-Chula Vista-Carlsbad, CA",San Diego County,2019-02-28,1990.990323567324,92071,0,2019,38736,2019,87334,0.2810934891485809,57710,7.596387443965658,10.56452467917784,11.377495127633775
96625,475,92071,zip,CA,CA,Santee,"San Diego-Chula Vista-Carlsbad, CA",San Diego County,2019-03-31,1948.0292334069884,92071,0,2019,38736,2019,87334,0.2810934891485809,57710,7.574573490972316,10.56452467917784,11.377495127633775
96625,475,92071,zip,CA,CA,Santee,"San Diego-Chula Vista-Carlsbad, CA",San Diego County,2019-04-30,1953.8308045167023,92071,0,2019,38736,2019,87334,0.2810934891485809,57710,7.577547239558214,10.56452467917784,11.377495127633775
96625,475,92071,zip,CA,CA,Santee,"San Diego-Chula Vista-Carlsbad, CA",San Diego County,2019-05-31,1973.4838772077649,92071,0,2019,38736,2019,87334,0.2810934891485809,57710,7.587555725425631,10.56452467917784,11.377495127633775
96625,475,92071,zip,CA,CA,Santee,"San Diego-Chula Vista-Carlsbad, CA",San Diego County,2019-06-30,1999.05591687714,92071,0,2019,38736,2019,87334,0.2810934891485809,57710,7.600430306533961,10.56452467917784,11.377495127633775
96625,475,92071,zip,CA,CA,Santee,"San Diego-Chula Vista-Carlsbad, CA",San Diego County,2019-07-31,2017.5342516226376,92071,0,2019,38736,2019,87334,0.2810934891485809,57710,7.609631377260283,10.56452467917784,11.377495127633775
96625,475,92071,zip,CA,CA,Santee,"San Diego-Chula Vista-Carlsbad, CA",San Diego County,2019-08-31,2039.0666747091,92071,0,2019,38736,2019,87334,0.2810934891485809,57710,7.620247469750033,10.56452467917784,11.377495127633775
96625,475,92071,zip,CA,CA,Santee,"San Diego-Chula Vista-Carlsbad, CA",San Diego County,2019-09-30,2047.996652883123,92071,0,2019,38736,2019,87334,0.2810934891485809,57710,7.62461735182365,10.56452467917784,11.377495127633775
96625,475,92071,zip,CA,CA,Santee,"San Diego-Chula Vista-Carlsbad, CA",San Diego County,2019-10-31,2055.701821450445,92071,0,2019,38736,2019,87334,0.2810934891485809,57710,7.6283725875799995,10.56452467917784,11.377495127633775
96625,475,92071,zip,CA,CA,Santee,"San Diego-Chula Vista-Carlsbad, CA",San Diego County,2019-11-30,2047.949633310492,92071,0,2019,38736,2019,87334,0.2810934891485809,57710,7.624594392746872,10.56452467917784,11.377495127633775
96625,475,92071,zip,CA,CA,Santee,"San Diego-Chula Vista-Carlsbad, CA",San Diego County,2019-12-31,2031.1354972282704,92071,0,2019,38736,2019,87334,0.2810934891485809,57710,7.616350273893853,10.56452467917784,11.377495127633775
96625,475,92071,zip,CA,CA,Santee,"San Diego-Chula Vista-Carlsbad, CA",San Diego County,2020-01-31,1998.334201035589,92071,0,2020,39576,2019,87334,0.2810934891485809,57710,7.600069213006383,10.585978152907545,11.377495127633775
96625,475,92071,zip,CA,CA,Santee,"San Diego-Chula Vista-Carlsbad, CA",San Diego County,2020-02-29,2014.349407809796,92071,0,2020,39576,2019,87334,0.2810934891485809,57710,7.608051547709497,10.585978152907545,11.377495127633775
96625,475,92071,zip,CA,CA,Santee,"San Diego-Chula Vista-Carlsbad, CA",San Diego County,2020-03-31,2034.106654804897,92071,0,2020,39576,2019,87334,0.2810934891485809,57710,7.6178120112243946,10.585978152907545,11.377495127633775
96625,475,92071,zip,CA,CA,Santee,"San Diego-Chula Vista-Carlsbad, CA",San Diego County,2020-04-30,2054.592556175473,92071,0,2020,39576,2019,87334,0.2810934891485809,57710,7.6278328377713525,10.585978152907545,11.377495127633775
96625,475,92071,zip,CA,CA,Santee,"San Diego-Chula Vista-Carlsbad, CA",San Diego County,2020-05-31,2044.6158421825608,92071,0,2020,39576,2019,87334,0.2810934891485809,57710,7.622965198596995,10.585978152907545,11.377495127633775
96625,475,92071,zip,CA,CA,Santee,"San Diego-Chula Vista-Carlsbad, CA",San Diego County,2020-06-30,2044.258114065523,92071,0,2020,39576,2019,87334,0.2810934891485809,57710,7.622790222248113,10.585978152907545,11.377495127633775
96625,475,92071,zip,CA,CA,Santee,"San Diego-Chula Vista-Carlsbad, CA",San Diego County,2020-07-31,2071.4449805424965,92071,0,2020,39576,2019,87334,0.2810934891485809,57710,7.636001700963182,10.585978152907545,11.377495127633775
96625,475,92071,zip,CA,CA,Santee,"San Diego-Chula Vista-Carlsbad, CA",San Diego County,2020-08-31,2089.428255907738,92071,0,2020,39576,2019,87334,0.2810934891485809,57710,7.644645745767378,10.585978152907545,11.377495127633775
96625,475,92071,zip,CA,CA,Santee,"San Diego-Chula Vista-Carlsbad, CA",San Diego County,2020-09-30,2096.472600728558,92071,0,2020,39576,2019,87334,0.2810934891485809,57710,7.648011497471545,10.585978152907545,11.377495127633775
96625,475,92071,zip,CA,CA,Santee,"San Diego-Chula Vista-Carlsbad, CA",San Diego County,2020-10-31,2098.2239113771216,92071,0,2020,39576,2019,87334,0.2810934891485809,57710,7.648846509370626,10.585978152907545,11.377495127633775
96625,475,92071,zip,CA,CA,Santee,"San Diego-Chula Vista-Carlsbad, CA",San Diego County,2020-11-30,2078.699824412661,92071,0,2020,39576,2019,87334,0.2810934891485809,57710,7.639497892831658,10.585978152907545,11.377495127633775
96625,475,92071,zip,CA,CA,Santee,"San Diego-Chula Vista-Carlsbad, CA",San Diego County,2020-12-31,2073.754627298053,92071,0,2020,39576,2019,87334,0.2810934891485809,57710,7.63711607286952,10.585978152907545,11.377495127633775
96625,475,92071,zip,CA,CA,Santee,"San Diego-Chula Vista-Carlsbad, CA",San Diego County,2021-01-31,2063.816367152695,92071,0,2021,41885,2021,93043,0.2768159396460006,59826,7.632312153240677,10.64268304658791,11.440817030868757
96625,475,92071,zip,CA,CA,Santee,"San Diego-Chula Vista-Carlsbad, CA",San Diego County,2021-02-28,2105.599833538691,92071,0,2021,41885,2021,93043,0.2768159396460006,59826,7.652355662074522,10.64268304658791,11.440817030868757
96625,475,92071,zip,CA,CA,Santee,"San Diego-Chula Vista-Carlsbad, CA",San Diego County,2021-03-31,2112.8533660044627,92071,0,2021,41885,2021,93043,0.2768159396460006,59826,7.655794619090885,10.64268304658791,11.440817030868757
96625,475,92071,zip,CA,CA,Santee,"San Diego-Chula Vista-Carlsbad, CA",San Diego County,2021-04-30,2148.029487175279,92071,0,2021,41885,2021,93043,0.2768159396460006,59826,7.672306183269763,10.64268304658791,11.440817030868757
96625,475,92071,zip,CA,CA,Santee,"San Diego-Chula Vista-Carlsbad, CA",San Diego County,2021-05-31,2165.2989500454128,92071,0,2021,41885,2021,93043,0.2768159396460006,59826,7.680313714065841,10.64268304658791,11.440817030868757
96625,475,92071,zip,CA,CA,Santee,"San Diego-Chula Vista-Carlsbad, CA",San Diego County,2021-06-30,2215.3880144485665,92071,0,2021,41885,2021,93043,0.2768159396460006,59826,7.703182842961024,10.64268304658791,11.440817030868757
96625,475,92071,zip,CA,CA,Santee,"San Diego-Chula Vista-Carlsbad, CA",San Diego County,2021-07-31,2245.0706841730944,92071,0,2021,41885,2021,93043,0.2768159396460006,59826,7.716492284835761,10.64268304658791,11.440817030868757
96625,475,92071,zip,CA,CA,Santee,"San Diego-Chula Vista-Carlsbad, CA",San Diego County,2021-08-31,2288.1185254120496,92071,0,2021,41885,2021,93043,0.2768159396460006,59826,7.735485154222663,10.64268304658791,11.440817030868757
96625,475,92071,zip,CA,CA,Santee,"San Diego-Chula Vista-Carlsbad, CA",San Diego County,2021-09-30,2344.4148418231152,92071,0,2021,41885,2021,93043,0.2768159396460006,59826,7.759791115337701,10.64268304658791,11.440817030868757
96625,475,92071,zip,CA,CA,Santee,"San Diego-Chula Vista-Carlsbad, CA",San Diego County,2021-10-31,2393.271616993666,92071,0,2021,41885,2021,93043,0.2768159396460006,59826,7.780416586270227,10.64268304658791,11.440817030868757
96625,475,92071,zip,CA,CA,Santee,"San Diego-Chula Vista-Carlsbad, CA",San Diego County,2021-11-30,2403.920923773813,92071,0,2021,41885,2021,93043,0.2768159396460006,59826,7.784856401509188,10.64268304658791,11.440817030868757
96625,475,92071,zip,CA,CA,Santee,"San Diego-Chula Vista-Carlsbad, CA",San Diego County,2021-12-31,2412.437037551053,92071,0,2021,41885,2021,93043,0.2768159396460006,59826,7.788392734448137,10.64268304658791,11.440817030868757
96625,475,92071,zip,CA,CA,Santee,"San Diego-Chula Vista-Carlsbad, CA",San Diego County,2022-01-31,2452.5186846526603,92071,0,2022,42006,2021,93043,0.2768159396460006,59826,7.804870810025241,10.645567744205252,11.440817030868757
96625,475,92071,zip,CA,CA,Santee,"San Diego-Chula Vista-Carlsbad, CA",San Diego County,2022-02-28,2495.46817597506,92071,0,2022,42006,2021,93043,0.2768159396460006,59826,7.822231636263757,10.645567744205252,11.440817030868757
96625,475,92071,zip,CA,CA,Santee,"San Diego-Chula Vista-Carlsbad, CA",San Diego County,2022-03-31,2527.2294322940165,92071,0,2022,42006,2021,93043,0.2768159396460006,59826,7.834878895626935,10.645567744205252,11.440817030868757
96625,475,92071,zip,CA,CA,Santee,"San Diego-Chula Vista-Carlsbad, CA",San Diego County,2022-04-30,2536.0657754476447,92071,0,2022,42006,2021,93043,0.2768159396460006,59826,7.838369251911478,10.645567744205252,11.440817030868757
96625,475,92071,zip,CA,CA,Santee,"San Diego-Chula Vista-Carlsbad, CA",San Diego County,2022-05-31,2578.9752119328136,92071,0,2022,42006,2021,93043,0.2768159396460006,59826,7.8551473943317855,10.645567744205252,11.440817030868757
96625,475,92071,zip,CA,CA,Santee,"San Diego-Chula Vista-Carlsbad, CA",San Diego County,2022-06-30,2610.2659122601794,92071,0,2022,42006,2021,93043,0.2768159396460006,59826,7.867207377219134,10.645567744205252,11.440817030868757
96625,475,92071,zip,CA,CA,Santee,"San Diego-Chula Vista-Carlsbad, CA",San Diego County,2022-07-31,2640.1929380972483,92071,0,2022,42006,2021,93043,0.2768159396460006,59826,7.878607276082552,10.645567744205252,11.440817030868757
96625,475,92071,zip,CA,CA,Santee,"San Diego-Chula Vista-Carlsbad, CA",San Diego County,2022-08-31,2694.034603027238,92071,0,2022,42006,2021,93043,0.2768159396460006,59826,7.898795201367121,10.645567744205252,11.440817030868757
96625,475,92071,zip,CA,CA,Santee,"San Diego-Chula Vista-Carlsbad, CA",San Diego County,2022-09-30,2721.9211025172485,92071,0,2022,42006,2021,93043,0.2768159396460006,59826,7.909093197676437,10.645567744205252,11.440817030868757
96625,475,92071,zip,CA,CA,Santee,"San Diego-Chula Vista-Carlsbad, CA",San Diego County,2022-10-31,2720.385189890892,92071,0,2022,42006,2021,93043,0.2768159396460006,59826,7.908528763194212,10.645567744205252,11.440817030868757
96625,475,92071,zip,CA,CA,Santee,"San Diego-Chula Vista-Carlsbad, CA",San Diego County,2022-11-30,2711.179073365181,92071,0,2022,42006,2021,93043,0.2768159396460006,59826,7.90513890167541,10.645567744205252,11.440817030868757
96625,475,92071,zip,CA,CA,Santee,"San Diego-Chula Vista-Carlsbad, CA",San Diego County,2022-12-31,2709.069208250817,92071,0,2022,42006,2021,93043,0.2768159396460006,59826,7.904360389285827,10.645567744205252,11.440817030868757
96625,475,92071,zip,CA,CA,Santee,"San Diego-Chula Vista-Carlsbad, CA",San Diego County,2023-01-31,2734.942836907559,92071,0,2023,42376,2023,105603,0.2804240349876402,59739,7.913865814055416,10.654337443224362,11.567442058941676
96625,475,92071,zip,CA,CA,Santee,"San Diego-Chula Vista-Carlsbad, CA",San Diego County,2023-02-28,2728.193411344605,92071,0,2023,42376,2023,105603,0.2804240349876402,59739,7.911394915036899,10.654337443224362,11.567442058941676
96625,475,92071,zip,CA,CA,Santee,"San Diego-Chula Vista-Carlsbad, CA",San Diego County,2023-03-31,2748.907546273288,92071,0,2023,42376,2023,105603,0.2804240349876402,59739,7.918958855832965,10.654337443224362,11.567442058941676
96625,475,92071,zip,CA,CA,Santee,"San Diego-Chula Vista-Carlsbad, CA",San Diego County,2023-04-30,2758.108007043086,92071,0,2023,42376,2023,105603,0.2804240349876402,59739,7.922300218950887,10.654337443224362,11.567442058941676
96625,475,92071,zip,CA,CA,Santee,"San Diego-Chula Vista-Carlsbad, CA",San Diego County,2023-05-31,2763.066852865652,92071,0,2023,42376,2023,105603,0.2804240349876402,59739,7.924096520383745,10.654337443224362,11.567442058941676
96625,475,92071,zip,CA,CA,Santee,"San Diego-Chula Vista-Carlsbad, CA",San Diego County,2023-06-30,2798.246459025441,92071,0,2023,42376,2023,105603,0.2804240349876402,59739,7.936748235343915,10.654337443224362,11.567442058941676
96625,475,92071,zip,CA,CA,Santee,"San Diego-Chula Vista-Carlsbad, CA",San Diego County,2023-07-31,2835.891896177128,92071,0,2023,42376,2023,105603,0.2804240349876402,59739,7.950111768511222,10.654337443224362,11.567442058941676
96625,475,92071,zip,CA,CA,Santee,"San Diego-Chula Vista-Carlsbad, CA",San Diego County,2023-08-31,2877.523342051604,92071,0,2023,42376,2023,105603,0.2804240349876402,59739,7.964685252483763,10.654337443224362,11.567442058941676
96625,475,92071,zip,CA,CA,Santee,"San Diego-Chula Vista-Carlsbad, CA",San Diego County,2023-09-30,2871.636470847174,92071,0,2023,42376,2023,105603,0.2804240349876402,59739,7.962637345153497,10.654337443224362,11.567442058941676
96625,475,92071,zip,CA,CA,Santee,"San Diego-Chula Vista-Carlsbad, CA",San Diego County,2023-10-31,2853.5929041510985,92071,0,2023,42376,2023,105603,0.2804240349876402,59739,7.956334147411053,10.654337443224362,11.567442058941676
96625,475,92071,zip,CA,CA,Santee,"San Diego-Chula Vista-Carlsbad, CA",San Diego County,2023-11-30,2856.902693580916,92071,0,2023,42376,2023,105603,0.2804240349876402,59739,7.957493342701127,10.654337443224362,11.567442058941676
96625,475,92071,zip,CA,CA,Santee,"San Diego-Chula Vista-Carlsbad, CA",San Diego County,2023-12-31,2852.569907144245,92071,0,2023,42376,2023,105603,0.2804240349876402,59739,7.95597558876082,10.654337443224362,11.567442058941676
96625,475,92071,zip,CA,CA,Santee,"San Diego-Chula Vista-Carlsbad, CA",San Diego County,2024-01-31,2846.9977892810675,92071,0,2024,44256,2023,105603,0.2804240349876402,59739,7.954020310769505,10.697746234464486,11.567442058941676
96625,475,92071,zip,CA,CA,Santee,"San Diego-Chula Vista-Carlsbad, CA",San Diego County,2024-02-29,2803.798843244785,92071,0,2024,44256,2023,105603,0.2804240349876402,59739,7.9387305063674,10.697746234464486,11.567442058941676
96625,475,92071,zip,CA,CA,Santee,"San Diego-Chula Vista-Carlsbad, CA",San Diego County,2024-03-31,2800.046943162764,92071,0,2024,44256,2023,105603,0.2804240349876402,59739,7.93739146143803,10.697746234464486,11.567442058941676
96625,475,92071,zip,CA,CA,Santee,"San Diego-Chula Vista-Carlsbad, CA",San Diego County,2024-04-30,2822.1544170205093,92071,0,2024,44256,2023,105603,0.2804240349876402,59739,7.945255849916618,10.697746234464486,11.567442058941676
96625,475,92071,zip,CA,CA,Santee,"San Diego-Chula Vista-Carlsbad, CA",San Diego County,2024-05-31,2851.6943244108497,92071,0,2024,44256,2023,105603,0.2804240349876402,59739,7.955668596410981,10.697746234464486,11.567442058941676
96625,475,92071,zip,CA,CA,Santee,"San Diego-Chula Vista-Carlsbad, CA",San Diego County,2024-06-30,2891.935201942606,92071,0,2024,44256,2023,105603,0.2804240349876402,59739,7.969681177060351,10.697746234464486,11.567442058941676
96625,475,92071,zip,CA,CA,Santee,"San Diego-Chula Vista-Carlsbad, CA",San Diego County,2024-07-31,2885.372078032239,92071,0,2024,44256,2023,105603,0.2804240349876402,59739,7.967409140481498,10.697746234464486,11.567442058941676
96625,475,92071,zip,CA,CA,Santee,"San Diego-Chula Vista-Carlsbad, CA",San Diego County,2024-08-31,2865.8855762476865,92071,0,2024,44256,2023,105603,0.2804240349876402,59739,7.960632683043898,10.697746234464486,11.567442058941676
96625,475,92071,zip,CA,CA,Santee,"San Diego-Chula Vista-Carlsbad, CA",San Diego County,2024-09-30,2832.027315659832,92071,0,2024,44256,2023,105603,0.2804240349876402,59739,7.9487481001272045,10.697746234464486,11.567442058941676
96625,475,92071,zip,CA,CA,Santee,"San Diego-Chula Vista-Carlsbad, CA",San Diego County,2024-10-31,2830.165786719062,92071,0,2024,44256,2023,105603,0.2804240349876402,59739,7.948090570800959,10.697746234464486,11.567442058941676
96625,475,92071,zip,CA,CA,Santee,"San Diego-Chula Vista-Carlsbad, CA",San Diego County,2024-11-30,2855.607479227349,92071,0,2024,44256,2023,105603,0.2804240349876402,59739,7.9570398767687855,10.697746234464486,11.567442058941676
96625,475,92071,zip,CA,CA,Santee,"San Diego-Chula Vista-Carlsbad, CA",San Diego County,2024-12-31,2841.462713872053,92071,0,2024,44256,2023,105603,0.2804240349876402,59739,7.9520742386634184,10.697746234464486,11.567442058941676
96629,996,92078,zip,CA,CA,San Marcos,"San Diego-Chula Vista-Carlsbad, CA",San Diego County,2016-01-31,1979.7642515741088,92078,0,2016,34979,2017,74094,0.3365884664278285,49261,7.590733051738236,10.462503160399518,11.213089836345878
96629,996,92078,zip,CA,CA,San Marcos,"San Diego-Chula Vista-Carlsbad, CA",San Diego County,2016-02-29,2016.6820595727115,92078,0,2016,34979,2017,74094,0.3365884664278285,49261,7.60920889517362,10.462503160399518,11.213089836345878
96629,996,92078,zip,CA,CA,San Marcos,"San Diego-Chula Vista-Carlsbad, CA",San Diego County,2016-03-31,1941.0307250434928,92078,0,2016,34979,2017,74094,0.3365884664278285,49261,7.570974412535478,10.462503160399518,11.213089836345878
96629,996,92078,zip,CA,CA,San Marcos,"San Diego-Chula Vista-Carlsbad, CA",San Diego County,2016-04-30,1916.0980411865644,92078,0,2016,34979,2017,74094,0.3365884664278285,49261,7.558046126943269,10.462503160399518,11.213089836345878
96629,996,92078,zip,CA,CA,San Marcos,"San Diego-Chula Vista-Carlsbad, CA",San Diego County,2016-05-31,1915.099651639887,92078,0,2016,34979,2017,74094,0.3365884664278285,49261,7.55752493767071,10.462503160399518,11.213089836345878
96629,996,92078,zip,CA,CA,San Marcos,"San Diego-Chula Vista-Carlsbad, CA",San Diego County,2016-06-30,1944.9660290595743,92078,0,2016,34979,2017,74094,0.3365884664278285,49261,7.572999790120879,10.462503160399518,11.213089836345878
96629,996,92078,zip,CA,CA,San Marcos,"San Diego-Chula Vista-Carlsbad, CA",San Diego County,2016-07-31,1981.0517289986888,92078,0,2016,34979,2017,74094,0.3365884664278285,49261,7.591383158926371,10.462503160399518,11.213089836345878
96629,996,92078,zip,CA,CA,San Marcos,"San Diego-Chula Vista-Carlsbad, CA",San Diego County,2016-08-31,2000.55564212074,92078,0,2016,34979,2017,74094,0.3365884664278285,49261,7.601180242017328,10.462503160399518,11.213089836345878
96629,996,92078,zip,CA,CA,San Marcos,"San Diego-Chula Vista-Carlsbad, CA",San Diego County,2016-09-30,2003.8987985588235,92078,0,2016,34979,2017,74094,0.3365884664278285,49261,7.602849961208456,10.462503160399518,11.213089836345878
96629,996,92078,zip,CA,CA,San Marcos,"San Diego-Chula Vista-Carlsbad, CA",San Diego County,2016-10-31,2007.417463324614,92078,0,2016,34979,2017,74094,0.3365884664278285,49261,7.6046043308161115,10.462503160399518,11.213089836345878
96629,996,92078,zip,CA,CA,San Marcos,"San Diego-Chula Vista-Carlsbad, CA",San Diego County,2016-11-30,1967.595101856087,92078,0,2016,34979,2017,74094,0.3365884664278285,49261,7.5845673155178455,10.462503160399518,11.213089836345878
96629,996,92078,zip,CA,CA,San Marcos,"San Diego-Chula Vista-Carlsbad, CA",San Diego County,2016-12-31,1968.1756405965907,92078,0,2016,34979,2017,74094,0.3365884664278285,49261,7.5848623219004345,10.462503160399518,11.213089836345878
96629,996,92078,zip,CA,CA,San Marcos,"San Diego-Chula Vista-Carlsbad, CA",San Diego County,2017-01-31,1980.4379613137564,92078,0,2017,35772,2017,74094,0.3365884664278285,49261,7.591073291811814,10.484920743466072,11.213089836345878
96629,996,92078,zip,CA,CA,San Marcos,"San Diego-Chula Vista-Carlsbad, CA",San Diego County,2017-02-28,2023.040786733584,92078,0,2017,35772,2017,74094,0.3365884664278285,49261,7.612356998473938,10.484920743466072,11.213089836345878
96629,996,92078,zip,CA,CA,San Marcos,"San Diego-Chula Vista-Carlsbad, CA",San Diego County,2017-03-31,2056.57302627902,92078,0,2017,35772,2017,74094,0.3365884664278285,49261,7.628796297022518,10.484920743466072,11.213089836345878
96629,996,92078,zip,CA,CA,San Marcos,"San Diego-Chula Vista-Carlsbad, CA",San Diego County,2017-04-30,2075.82379640662,92078,0,2017,35772,2017,74094,0.3365884664278285,49261,7.638113364193499,10.484920743466072,11.213089836345878
96629,996,92078,zip,CA,CA,San Marcos,"San Diego-Chula Vista-Carlsbad, CA",San Diego County,2017-05-31,2095.549630530703,92078,0,2017,35772,2017,74094,0.3365884664278285,49261,7.647571151422859,10.484920743466072,11.213089836345878
96629,996,92078,zip,CA,CA,San Marcos,"San Diego-Chula Vista-Carlsbad, CA",San Diego County,2017-06-30,2097.22101348492,92078,0,2017,35772,2017,74094,0.3365884664278285,49261,7.648368420429279,10.484920743466072,11.213089836345878
96629,996,92078,zip,CA,CA,San Marcos,"San Diego-Chula Vista-Carlsbad, CA",San Diego County,2017-07-31,2097.7293046796585,92078,0,2017,35772,2017,74094,0.3365884664278285,49261,7.648610755216904,10.484920743466072,11.213089836345878
96629,996,92078,zip,CA,CA,San Marcos,"San Diego-Chula Vista-Carlsbad, CA",San Diego County,2017-08-31,2085.735498493246,92078,0,2017,35772,2017,74094,0.3365884664278285,49261,7.642876829099856,10.484920743466072,11.213089836345878
96629,996,92078,zip,CA,CA,San Marcos,"San Diego-Chula Vista-Carlsbad, CA",San Diego County,2017-09-30,2092.7357007045857,92078,0,2017,35772,2017,74094,0.3365884664278285,49261,7.646227436739179,10.484920743466072,11.213089836345878
96629,996,92078,zip,CA,CA,San Marcos,"San Diego-Chula Vista-Carlsbad, CA",San Diego County,2017-10-31,2087.688103904902,92078,0,2017,35772,2017,74094,0.3365884664278285,49261,7.643812562320423,10.484920743466072,11.213089836345878
96629,996,92078,zip,CA,CA,San Marcos,"San Diego-Chula Vista-Carlsbad, CA",San Diego County,2017-11-30,2087.174915327861,92078,0,2017,35772,2017,74094,0.3365884664278285,49261,7.643566715413704,10.484920743466072,11.213089836345878
96629,996,92078,zip,CA,CA,San Marcos,"San Diego-Chula Vista-Carlsbad, CA",San Diego County,2017-12-31,2097.1642457654366,92078,0,2017,35772,2017,74094,0.3365884664278285,49261,7.648341351995657,10.484920743466072,11.213089836345878
96629,996,92078,zip,CA,CA,San Marcos,"San Diego-Chula Vista-Carlsbad, CA",San Diego County,2018-01-31,2105.1552533611,92078,0,2018,37887,2017,74094,0.3365884664278285,49261,7.652144497962591,10.54236332431428,11.213089836345878
96629,996,92078,zip,CA,CA,San Marcos,"San Diego-Chula Vista-Carlsbad, CA",San Diego County,2018-02-28,2108.848435122537,92078,0,2018,37887,2017,74094,0.3365884664278285,49261,7.653897312141228,10.54236332431428,11.213089836345878
96629,996,92078,zip,CA,CA,San Marcos,"San Diego-Chula Vista-Carlsbad, CA",San Diego County,2018-03-31,2119.859334145368,92078,0,2018,37887,2017,74094,0.3365884664278285,49261,7.659105013646456,10.54236332431428,11.213089836345878
96629,996,92078,zip,CA,CA,San Marcos,"San Diego-Chula Vista-Carlsbad, CA",San Diego County,2018-04-30,2139.817898803204,92078,0,2018,37887,2017,74094,0.3365884664278285,49261,7.668476010378002,10.54236332431428,11.213089836345878
96629,996,92078,zip,CA,CA,San Marcos,"San Diego-Chula Vista-Carlsbad, CA",San Diego County,2018-05-31,2173.600518135502,92078,0,2018,37887,2017,74094,0.3365884664278285,49261,7.684140296488767,10.54236332431428,11.213089836345878
96629,996,92078,zip,CA,CA,San Marcos,"San Diego-Chula Vista-Carlsbad, CA",San Diego County,2018-06-30,2171.303194437767,92078,0,2018,37887,2017,74094,0.3365884664278285,49261,7.683082816708411,10.54236332431428,11.213089836345878
96629,996,92078,zip,CA,CA,San Marcos,"San Diego-Chula Vista-Carlsbad, CA",San Diego County,2018-07-31,2172.576415940079,92078,0,2018,37887,2017,74094,0.3365884664278285,49261,7.683669030716613,10.54236332431428,11.213089836345878
96629,996,92078,zip,CA,CA,San Marcos,"San Diego-Chula Vista-Carlsbad, CA",San Diego County,2018-08-31,2172.084873569353,92078,0,2018,37887,2017,74094,0.3365884664278285,49261,7.683442756519354,10.54236332431428,11.213089836345878
96629,996,92078,zip,CA,CA,San Marcos,"San Diego-Chula Vista-Carlsbad, CA",San Diego County,2018-09-30,2178.3050819441537,92078,0,2018,37887,2017,74094,0.3365884664278285,49261,7.686302368037934,10.54236332431428,11.213089836345878
96629,996,92078,zip,CA,CA,San Marcos,"San Diego-Chula Vista-Carlsbad, CA",San Diego County,2018-10-31,2168.706693984045,92078,0,2018,37887,2017,74094,0.3365884664278285,49261,7.681886275304008,10.54236332431428,11.213089836345878
96629,996,92078,zip,CA,CA,San Marcos,"San Diego-Chula Vista-Carlsbad, CA",San Diego County,2018-11-30,2162.8420357942587,92078,0,2018,37887,2017,74094,0.3365884664278285,49261,7.679178393140254,10.54236332431428,11.213089836345878
96629,996,92078,zip,CA,CA,San Marcos,"San Diego-Chula Vista-Carlsbad, CA",San Diego County,2018-12-31,2162.5303578641115,92078,0,2018,37887,2017,74094,0.3365884664278285,49261,7.679034277026163,10.54236332431428,11.213089836345878
96629,996,92078,zip,CA,CA,San Marcos,"San Diego-Chula Vista-Carlsbad, CA",San Diego County,2019-01-31,2163.6709257751563,92078,0,2019,38736,2019,85335,0.305213324207164,50510,7.679561560831372,10.56452467917784,11.354339965852857
96629,996,92078,zip,CA,CA,San Marcos,"San Diego-Chula Vista-Carlsbad, CA",San Diego County,2019-02-28,2166.572297443216,92078,0,2019,38736,2019,85335,0.305213324207164,50510,7.680901611240863,10.56452467917784,11.354339965852857
96629,996,92078,zip,CA,CA,San Marcos,"San Diego-Chula Vista-Carlsbad, CA",San Diego County,2019-03-31,2179.54806054857,92078,0,2019,38736,2019,85335,0.305213324207164,50510,7.686872822616131,10.56452467917784,11.354339965852857
96629,996,92078,zip,CA,CA,San Marcos,"San Diego-Chula Vista-Carlsbad, CA",San Diego County,2019-04-30,2197.3946255680594,92078,0,2019,38736,2019,85335,0.305213324207164,50510,7.695027676449673,10.56452467917784,11.354339965852857
96629,996,92078,zip,CA,CA,San Marcos,"San Diego-Chula Vista-Carlsbad, CA",San Diego County,2019-05-31,2217.806233200372,92078,0,2019,38736,2019,85335,0.305213324207164,50510,7.704273803048294,10.56452467917784,11.354339965852857
96629,996,92078,zip,CA,CA,San Marcos,"San Diego-Chula Vista-Carlsbad, CA",San Diego County,2019-06-30,2230.276494883117,92078,0,2019,38736,2019,85335,0.305213324207164,50510,7.70988084550502,10.56452467917784,11.354339965852857
96629,996,92078,zip,CA,CA,San Marcos,"San Diego-Chula Vista-Carlsbad, CA",San Diego County,2019-07-31,2251.9333421441784,92078,0,2019,38736,2019,85335,0.305213324207164,50510,7.719544389418392,10.56452467917784,11.354339965852857
96629,996,92078,zip,CA,CA,San Marcos,"San Diego-Chula Vista-Carlsbad, CA",San Diego County,2019-08-31,2279.137436264945,92078,0,2019,38736,2019,85335,0.305213324207164,50510,7.731552332940739,10.56452467917784,11.354339965852857
96629,996,92078,zip,CA,CA,San Marcos,"San Diego-Chula Vista-Carlsbad, CA",San Diego County,2019-09-30,2289.208874601972,92078,0,2019,38736,2019,85335,0.305213324207164,50510,7.735961567253788,10.56452467917784,11.354339965852857
96629,996,92078,zip,CA,CA,San Marcos,"San Diego-Chula Vista-Carlsbad, CA",San Diego County,2019-10-31,2277.1311873270665,92078,0,2019,38736,2019,85335,0.305213324207164,50510,7.730671678513494,10.56452467917784,11.354339965852857
96629,996,92078,zip,CA,CA,San Marcos,"San Diego-Chula Vista-Carlsbad, CA",San Diego County,2019-11-30,2249.010013237044,92078,0,2019,38736,2019,85335,0.305213324207164,50510,7.718245404255782,10.56452467917784,11.354339965852857
96629,996,92078,zip,CA,CA,San Marcos,"San Diego-Chula Vista-Carlsbad, CA",San Diego County,2019-12-31,2223.6429978918086,92078,0,2019,38736,2019,85335,0.305213324207164,50510,7.706902119954691,10.56452467917784,11.354339965852857
96629,996,92078,zip,CA,CA,San Marcos,"San Diego-Chula Vista-Carlsbad, CA",San Diego County,2020-01-31,2216.666016375691,92078,0,2020,39576,2019,85335,0.305213324207164,50510,7.703759551617397,10.585978152907545,11.354339965852857
96629,996,92078,zip,CA,CA,San Marcos,"San Diego-Chula Vista-Carlsbad, CA",San Diego County,2020-02-29,2237.423820366723,92078,0,2020,39576,2019,85335,0.305213324207164,50510,7.7130804028059305,10.585978152907545,11.354339965852857
96629,996,92078,zip,CA,CA,San Marcos,"San Diego-Chula Vista-Carlsbad, CA",San Diego County,2020-03-31,2259.494713343909,92078,0,2020,39576,2019,85335,0.305213324207164,50510,7.722896489102595,10.585978152907545,11.354339965852857
96629,996,92078,zip,CA,CA,San Marcos,"San Diego-Chula Vista-Carlsbad, CA",San Diego County,2020-04-30,2252.085705298852,92078,0,2020,39576,2019,85335,0.305213324207164,50510,7.719612045950536,10.585978152907545,11.354339965852857
96629,996,92078,zip,CA,CA,San Marcos,"San Diego-Chula Vista-Carlsbad, CA",San Diego County,2020-05-31,2245.387009280133,92078,0,2020,39576,2019,85335,0.305213324207164,50510,7.716633172526573,10.585978152907545,11.354339965852857
96629,996,92078,zip,CA,CA,San Marcos,"San Diego-Chula Vista-Carlsbad, CA",San Diego County,2020-06-30,2244.788638051304,92078,0,2020,39576,2019,85335,0.305213324207164,50510,7.7163666478828326,10.585978152907545,11.354339965852857
96629,996,92078,zip,CA,CA,San Marcos,"San Diego-Chula Vista-Carlsbad, CA",San Diego County,2020-07-31,2302.9179314804715,92078,0,2020,39576,2019,85335,0.305213324207164,50510,7.74193226370178,10.585978152907545,11.354339965852857
96629,996,92078,zip,CA,CA,San Marcos,"San Diego-Chula Vista-Carlsbad, CA",San Diego County,2020-08-31,2310.5719625990832,92078,0,2020,39576,2019,85335,0.305213324207164,50510,7.745250375724057,10.585978152907545,11.354339965852857
96629,996,92078,zip,CA,CA,San Marcos,"San Diego-Chula Vista-Carlsbad, CA",San Diego County,2020-09-30,2335.687371431393,92078,0,2020,39576,2019,85335,0.305213324207164,50510,7.756061504269125,10.585978152907545,11.354339965852857
96629,996,92078,zip,CA,CA,San Marcos,"San Diego-Chula Vista-Carlsbad, CA",San Diego County,2020-10-31,2333.679341713432,92078,0,2020,39576,2019,85335,0.305213324207164,50510,7.755201417681325,10.585978152907545,11.354339965852857
96629,996,92078,zip,CA,CA,San Marcos,"San Diego-Chula Vista-Carlsbad, CA",San Diego County,2020-11-30,2344.205832121784,92078,0,2020,39576,2019,85335,0.305213324207164,50510,7.759701959180271,10.585978152907545,11.354339965852857
96629,996,92078,zip,CA,CA,San Marcos,"San Diego-Chula Vista-Carlsbad, CA",San Diego County,2020-12-31,2322.7067802757847,92078,0,2020,39576,2019,85335,0.305213324207164,50510,7.750488500212707,10.585978152907545,11.354339965852857
96629,996,92078,zip,CA,CA,San Marcos,"San Diego-Chula Vista-Carlsbad, CA",San Diego County,2021-01-31,2304.6696536727964,92078,0,2021,41885,2021,97908,0.2981987991994663,53247,7.742692627881233,10.64268304658791,11.491783541216801
96629,996,92078,zip,CA,CA,San Marcos,"San Diego-Chula Vista-Carlsbad, CA",San Diego County,2021-02-28,2324.36278936606,92078,0,2021,41885,2021,97908,0.2981987991994663,53247,7.7512012113677935,10.64268304658791,11.491783541216801
96629,996,92078,zip,CA,CA,San Marcos,"San Diego-Chula Vista-Carlsbad, CA",San Diego County,2021-03-31,2361.320946452209,92078,0,2021,41885,2021,97908,0.2981987991994663,53247,7.766976464506094,10.64268304658791,11.491783541216801
96629,996,92078,zip,CA,CA,San Marcos,"San Diego-Chula Vista-Carlsbad, CA",San Diego County,2021-04-30,2410.496562110025,92078,0,2021,41885,2021,97908,0.2981987991994663,53247,7.787588047630192,10.64268304658791,11.491783541216801
96629,996,92078,zip,CA,CA,San Marcos,"San Diego-Chula Vista-Carlsbad, CA",San Diego County,2021-05-31,2465.7129159440383,92078,0,2021,41885,2021,97908,0.2981987991994663,53247,7.810236260055199,10.64268304658791,11.491783541216801
96629,996,92078,zip,CA,CA,San Marcos,"San Diego-Chula Vista-Carlsbad, CA",San Diego County,2021-06-30,2540.014278830609,92078,0,2021,41885,2021,97908,0.2981987991994663,53247,7.839924981583635,10.64268304658791,11.491783541216801
96629,996,92078,zip,CA,CA,San Marcos,"San Diego-Chula Vista-Carlsbad, CA",San Diego County,2021-07-31,2590.202160858774,92078,0,2021,41885,2021,97908,0.2981987991994663,53247,7.859491206033125,10.64268304658791,11.491783541216801
96629,996,92078,zip,CA,CA,San Marcos,"San Diego-Chula Vista-Carlsbad, CA",San Diego County,2021-08-31,2641.6155646996344,92078,0,2021,41885,2021,97908,0.2981987991994663,53247,7.879145965297064,10.64268304658791,11.491783541216801
96629,996,92078,zip,CA,CA,San Marcos,"San Diego-Chula Vista-Carlsbad, CA",San Diego County,2021-09-30,2675.947122338599,92078,0,2021,41885,2021,97908,0.2981987991994663,53247,7.8920586610897345,10.64268304658791,11.491783541216801
96629,996,92078,zip,CA,CA,San Marcos,"San Diego-Chula Vista-Carlsbad, CA",San Diego County,2021-10-31,2707.4975765360514,92078,0,2021,41885,2021,97908,0.2981987991994663,53247,7.903780083781874,10.64268304658791,11.491783541216801
96629,996,92078,zip,CA,CA,San Marcos,"San Diego-Chula Vista-Carlsbad, CA",San Diego County,2021-11-30,2747.427267361423,92078,0,2021,41885,2021,97908,0.2981987991994663,53247,7.918420213629444,10.64268304658791,11.491783541216801
96629,996,92078,zip,CA,CA,San Marcos,"San Diego-Chula Vista-Carlsbad, CA",San Diego County,2021-12-31,2792.179338968693,92078,0,2021,41885,2021,97908,0.2981987991994663,53247,7.9345776949743785,10.64268304658791,11.491783541216801
96629,996,92078,zip,CA,CA,San Marcos,"San Diego-Chula Vista-Carlsbad, CA",San Diego County,2022-01-31,2841.944242908337,92078,0,2022,42006,2021,97908,0.2981987991994663,53247,7.952243689502008,10.645567744205252,11.491783541216801
96629,996,92078,zip,CA,CA,San Marcos,"San Diego-Chula Vista-Carlsbad, CA",San Diego County,2022-02-28,2848.760016564467,92078,0,2022,42006,2021,97908,0.2981987991994663,53247,7.954639096679896,10.645567744205252,11.491783541216801
96629,996,92078,zip,CA,CA,San Marcos,"San Diego-Chula Vista-Carlsbad, CA",San Diego County,2022-03-31,2873.134922863626,92078,0,2022,42006,2021,97908,0.2981987991994663,53247,7.963159020237757,10.645567744205252,11.491783541216801
96629,996,92078,zip,CA,CA,San Marcos,"San Diego-Chula Vista-Carlsbad, CA",San Diego County,2022-04-30,2895.985388795468,92078,0,2022,42006,2021,97908,0.2981987991994663,53247,7.971080708187447,10.645567744205252,11.491783541216801
96629,996,92078,zip,CA,CA,San Marcos,"San Diego-Chula Vista-Carlsbad, CA",San Diego County,2022-05-31,2942.0175463956066,92078,0,2022,42006,2021,97908,0.2981987991994663,53247,7.9868508652481545,10.645567744205252,11.491783541216801
96629,996,92078,zip,CA,CA,San Marcos,"San Diego-Chula Vista-Carlsbad, CA",San Diego County,2022-06-30,2957.248615439603,92078,0,2022,42006,2021,97908,0.2981987991994663,53247,7.99201459323387,10.645567744205252,11.491783541216801
96629,996,92078,zip,CA,CA,San Marcos,"San Diego-Chula Vista-Carlsbad, CA",San Diego County,2022-07-31,3012.228205081002,92078,0,2022,42006,2021,97908,0.2981987991994663,53247,8.010435351348876,10.645567744205252,11.491783541216801
96629,996,92078,zip,CA,CA,San Marcos,"San Diego-Chula Vista-Carlsbad, CA",San Diego County,2022-08-31,3009.7072228526963,92078,0,2022,42006,2021,97908,0.2981987991994663,53247,8.009598084856817,10.645567744205252,11.491783541216801
96629,996,92078,zip,CA,CA,San Marcos,"San Diego-Chula Vista-Carlsbad, CA",San Diego County,2022-09-30,3060.1750461250726,92078,0,2022,42006,2021,97908,0.2981987991994663,53247,8.026227397926341,10.645567744205252,11.491783541216801
96629,996,92078,zip,CA,CA,San Marcos,"San Diego-Chula Vista-Carlsbad, CA",San Diego County,2022-10-31,3022.329498302118,92078,0,2022,42006,2021,97908,0.2981987991994663,53247,8.01378317007964,10.645567744205252,11.491783541216801
96629,996,92078,zip,CA,CA,San Marcos,"San Diego-Chula Vista-Carlsbad, CA",San Diego County,2022-11-30,3023.658884958724,92078,0,2022,42006,2021,97908,0.2981987991994663,53247,8.014222928343719,10.645567744205252,11.491783541216801
96629,996,92078,zip,CA,CA,San Marcos,"San Diego-Chula Vista-Carlsbad, CA",San Diego County,2022-12-31,2977.3701444030626,92078,0,2022,42006,2021,97908,0.2981987991994663,53247,7.998795687987249,10.645567744205252,11.491783541216801
96629,996,92078,zip,CA,CA,San Marcos,"San Diego-Chula Vista-Carlsbad, CA",San Diego County,2023-01-31,2942.2353707696484,92078,0,2023,42376,2023,114905,0.2867354176897473,53542,7.986924901621916,10.654337443224362,11.651860978991007
96629,996,92078,zip,CA,CA,San Marcos,"San Diego-Chula Vista-Carlsbad, CA",San Diego County,2023-02-28,2990.175813562728,92078,0,2023,42376,2023,114905,0.2867354176897473,53542,8.0030874651787,10.654337443224362,11.651860978991007
96629,996,92078,zip,CA,CA,San Marcos,"San Diego-Chula Vista-Carlsbad, CA",San Diego County,2023-03-31,3026.7745764300785,92078,0,2023,42376,2023,114905,0.2867354176897473,53542,8.015252835297208,10.654337443224362,11.651860978991007
96629,996,92078,zip,CA,CA,San Marcos,"San Diego-Chula Vista-Carlsbad, CA",San Diego County,2023-04-30,3075.431816265233,92078,0,2023,42376,2023,114905,0.2867354176897473,53542,8.031200598435257,10.654337443224362,11.651860978991007
96629,996,92078,zip,CA,CA,San Marcos,"San Diego-Chula Vista-Carlsbad, CA",San Diego County,2023-05-31,3044.9866600327587,92078,0,2023,42376,2023,114905,0.2867354176897473,53542,8.021251799192779,10.654337443224362,11.651860978991007
96629,996,92078,zip,CA,CA,San Marcos,"San Diego-Chula Vista-Carlsbad, CA",San Diego County,2023-06-30,3051.357848989434,92078,0,2023,42376,2023,114905,0.2867354176897473,53542,8.023341966920926,10.654337443224362,11.651860978991007
96629,996,92078,zip,CA,CA,San Marcos,"San Diego-Chula Vista-Carlsbad, CA",San Diego County,2023-07-31,3104.7594367922384,92078,0,2023,42376,2023,114905,0.2867354176897473,53542,8.0406915152928,10.654337443224362,11.651860978991007
96629,996,92078,zip,CA,CA,San Marcos,"San Diego-Chula Vista-Carlsbad, CA",San Diego County,2023-08-31,3145.1291926003537,92078,0,2023,42376,2023,114905,0.2867354176897473,53542,8.053610247019085,10.654337443224362,11.651860978991007
96629,996,92078,zip,CA,CA,San Marcos,"San Diego-Chula Vista-Carlsbad, CA",San Diego County,2023-09-30,3153.728532150774,92078,0,2023,42376,2023,114905,0.2867354176897473,53542,8.056340692845543,10.654337443224362,11.651860978991007
96629,996,92078,zip,CA,CA,San Marcos,"San Diego-Chula Vista-Carlsbad, CA",San Diego County,2023-10-31,3117.320201022897,92078,0,2023,42376,2023,114905,0.2867354176897473,53542,8.044729001800487,10.654337443224362,11.651860978991007
96629,996,92078,zip,CA,CA,San Marcos,"San Diego-Chula Vista-Carlsbad, CA",San Diego County,2023-11-30,3115.077947209819,92078,0,2023,42376,2023,114905,0.2867354176897473,53542,8.044009454089801,10.654337443224362,11.651860978991007
96629,996,92078,zip,CA,CA,San Marcos,"San Diego-Chula Vista-Carlsbad, CA",San Diego County,2023-12-31,3077.0616846137523,92078,0,2023,42376,2023,114905,0.2867354176897473,53542,8.031730422119399,10.654337443224362,11.651860978991007
96629,996,92078,zip,CA,CA,San Marcos,"San Diego-Chula Vista-Carlsbad, CA",San Diego County,2024-01-31,3075.1739392202403,92078,0,2024,44256,2023,114905,0.2867354176897473,53542,8.031116744240924,10.697746234464486,11.651860978991007
96629,996,92078,zip,CA,CA,San Marcos,"San Diego-Chula Vista-Carlsbad, CA",San Diego County,2024-02-29,3048.9752163905364,92078,0,2024,44256,2023,114905,0.2867354176897473,53542,8.022560818516562,10.697746234464486,11.651860978991007
96629,996,92078,zip,CA,CA,San Marcos,"San Diego-Chula Vista-Carlsbad, CA",San Diego County,2024-03-31,3106.008149141548,92078,0,2024,44256,2023,114905,0.2867354176897473,53542,8.041093627382443,10.697746234464486,11.651860978991007
96629,996,92078,zip,CA,CA,San Marcos,"San Diego-Chula Vista-Carlsbad, CA",San Diego County,2024-04-30,3117.9774154727406,92078,0,2024,44256,2023,114905,0.2867354176897473,53542,8.044939806317833,10.697746234464486,11.651860978991007
96629,996,92078,zip,CA,CA,San Marcos,"San Diego-Chula Vista-Carlsbad, CA",San Diego County,2024-05-31,3141.6125833037254,92078,0,2024,44256,2023,114905,0.2867354176897473,53542,8.052491508636388,10.697746234464486,11.651860978991007
96629,996,92078,zip,CA,CA,San Marcos,"San Diego-Chula Vista-Carlsbad, CA",San Diego County,2024-06-30,3115.753225537597,92078,0,2024,44256,2023,114905,0.2867354176897473,53542,8.04422620794228,10.697746234464486,11.651860978991007
96629,996,92078,zip,CA,CA,San Marcos,"San Diego-Chula Vista-Carlsbad, CA",San Diego County,2024-07-31,3147.392977680653,92078,0,2024,44256,2023,114905,0.2867354176897473,53542,8.054329763014962,10.697746234464486,11.651860978991007
96629,996,92078,zip,CA,CA,San Marcos,"San Diego-Chula Vista-Carlsbad, CA",San Diego County,2024-08-31,3173.787899184935,92078,0,2024,44256,2023,114905,0.2867354176897473,53542,8.062681074400109,10.697746234464486,11.651860978991007
96629,996,92078,zip,CA,CA,San Marcos,"San Diego-Chula Vista-Carlsbad, CA",San Diego County,2024-09-30,3222.079548063112,92078,0,2024,44256,2023,114905,0.2867354176897473,53542,8.077782252464774,10.697746234464486,11.651860978991007
96629,996,92078,zip,CA,CA,San Marcos,"San Diego-Chula Vista-Carlsbad, CA",San Diego County,2024-10-31,3219.960167406836,92078,0,2024,44256,2023,114905,0.2867354176897473,53542,8.077124268091392,10.697746234464486,11.651860978991007
96629,996,92078,zip,CA,CA,San Marcos,"San Diego-Chula Vista-Carlsbad, CA",San Diego County,2024-11-30,3178.675283854785,92078,0,2024,44256,2023,114905,0.2867354176897473,53542,8.064219811577596,10.697746234464486,11.651860978991007
96629,996,92078,zip,CA,CA,San Marcos,"San Diego-Chula Vista-Carlsbad, CA",San Diego County,2024-12-31,3152.581913943714,92078,0,2024,44256,2023,114905,0.2867354176897473,53542,8.05597705130601,10.697746234464486,11.651860978991007
96660,7608,92118,zip,CA,CA,Coronado,"San Diego-Chula Vista-Carlsbad, CA",San Diego County,2016-04-30,2430.108414288387,92118,0,2016,34979,2017,99641,0.507541833608296,22623,7.79569115027287,10.462503160399518,11.509329005455823
96660,7608,92118,zip,CA,CA,Coronado,"San Diego-Chula Vista-Carlsbad, CA",San Diego County,2016-05-31,2519.491273918737,92118,0,2016,34979,2017,99641,0.507541833608296,22623,7.8318122846968095,10.462503160399518,11.509329005455823
96660,7608,92118,zip,CA,CA,Coronado,"San Diego-Chula Vista-Carlsbad, CA",San Diego County,2016-06-30,2661.186825280523,92118,0,2016,34979,2017,99641,0.507541833608296,22623,7.886527477186803,10.462503160399518,11.509329005455823
96660,7608,92118,zip,CA,CA,Coronado,"San Diego-Chula Vista-Carlsbad, CA",San Diego County,2016-07-31,2659.7214898721218,92118,0,2016,34979,2017,99641,0.507541833608296,22623,7.885976693238404,10.462503160399518,11.509329005455823
96660,7608,92118,zip,CA,CA,Coronado,"San Diego-Chula Vista-Carlsbad, CA",San Diego County,2016-08-31,2612.380414238838,92118,0,2016,34979,2017,99641,0.507541833608296,22623,7.868017120771351,10.462503160399518,11.509329005455823
96660,7608,92118,zip,CA,CA,Coronado,"San Diego-Chula Vista-Carlsbad, CA",San Diego County,2016-09-30,2636.350714524758,92118,0,2016,34979,2017,99641,0.507541833608296,22623,7.877150934771068,10.462503160399518,11.509329005455823
96660,7608,92118,zip,CA,CA,Coronado,"San Diego-Chula Vista-Carlsbad, CA",San Diego County,2016-10-31,2530.699701218934,92118,0,2016,34979,2017,99641,0.507541833608296,22623,7.83625110523203,10.462503160399518,11.509329005455823
96660,7608,92118,zip,CA,CA,Coronado,"San Diego-Chula Vista-Carlsbad, CA",San Diego County,2016-11-30,2518.042264077254,92118,0,2016,34979,2017,99641,0.507541833608296,22623,7.831236999243912,10.462503160399518,11.509329005455823
96660,7608,92118,zip,CA,CA,Coronado,"San Diego-Chula Vista-Carlsbad, CA",San Diego County,2016-12-31,2462.6124174237384,92118,0,2016,34979,2017,99641,0.507541833608296,22623,7.808978023749916,10.462503160399518,11.509329005455823
96660,7608,92118,zip,CA,CA,Coronado,"San Diego-Chula Vista-Carlsbad, CA",San Diego County,2017-01-31,2592.195210626081,92118,0,2017,35772,2017,99641,0.507541833608296,22623,7.860260367377847,10.484920743466072,11.509329005455823
96660,7608,92118,zip,CA,CA,Coronado,"San Diego-Chula Vista-Carlsbad, CA",San Diego County,2017-02-28,2642.902729168552,92118,0,2017,35772,2017,99641,0.507541833608296,22623,7.87963311073693,10.484920743466072,11.509329005455823
96660,7608,92118,zip,CA,CA,Coronado,"San Diego-Chula Vista-Carlsbad, CA",San Diego County,2017-03-31,2699.665103868329,92118,0,2017,35772,2017,99641,0.507541833608296,22623,7.900883008695046,10.484920743466072,11.509329005455823
96660,7608,92118,zip,CA,CA,Coronado,"San Diego-Chula Vista-Carlsbad, CA",San Diego County,2017-04-30,2734.972355033184,92118,0,2017,35772,2017,99641,0.507541833608296,22623,7.9138766069560695,10.484920743466072,11.509329005455823
96660,7608,92118,zip,CA,CA,Coronado,"San Diego-Chula Vista-Carlsbad, CA",San Diego County,2017-05-31,2769.262314501805,92118,0,2017,35772,2017,99641,0.507541833608296,22623,7.926336251259704,10.484920743466072,11.509329005455823
96660,7608,92118,zip,CA,CA,Coronado,"San Diego-Chula Vista-Carlsbad, CA",San Diego County,2017-06-30,2866.804981001902,92118,0,2017,35772,2017,99641,0.507541833608296,22623,7.960953441596245,10.484920743466072,11.509329005455823
96660,7608,92118,zip,CA,CA,Coronado,"San Diego-Chula Vista-Carlsbad, CA",San Diego County,2017-07-31,2847.111066840965,92118,0,2017,35772,2017,99641,0.507541833608296,22623,7.9540600984036285,10.484920743466072,11.509329005455823
96660,7608,92118,zip,CA,CA,Coronado,"San Diego-Chula Vista-Carlsbad, CA",San Diego County,2017-08-31,2794.185814501008,92118,0,2017,35772,2017,99641,0.507541833608296,22623,7.9352960424377015,10.484920743466072,11.509329005455823
96660,7608,92118,zip,CA,CA,Coronado,"San Diego-Chula Vista-Carlsbad, CA",San Diego County,2017-09-30,2624.46982997782,92118,0,2017,35772,2017,99641,0.507541833608296,22623,7.8726341850948724,10.484920743466072,11.509329005455823
96660,7608,92118,zip,CA,CA,Coronado,"San Diego-Chula Vista-Carlsbad, CA",San Diego County,2017-10-31,2623.3945171669843,92118,0,2017,35772,2017,99641,0.507541833608296,22623,7.872224375406682,10.484920743466072,11.509329005455823
96660,7608,92118,zip,CA,CA,Coronado,"San Diego-Chula Vista-Carlsbad, CA",San Diego County,2017-11-30,2637.6631727159283,92118,0,2017,35772,2017,99641,0.507541833608296,22623,7.877648642303253,10.484920743466072,11.509329005455823
96660,7608,92118,zip,CA,CA,Coronado,"San Diego-Chula Vista-Carlsbad, CA",San Diego County,2017-12-31,2770.927651029448,92118,0,2017,35772,2017,99641,0.507541833608296,22623,7.926937435185945,10.484920743466072,11.509329005455823
96660,7608,92118,zip,CA,CA,Coronado,"San Diego-Chula Vista-Carlsbad, CA",San Diego County,2018-01-31,2819.600342255808,92118,0,2018,37887,2017,99641,0.507541833608296,22623,7.944350431284239,10.54236332431428,11.509329005455823
96660,7608,92118,zip,CA,CA,Coronado,"San Diego-Chula Vista-Carlsbad, CA",San Diego County,2018-02-28,2982.54327056947,92118,0,2018,37887,2017,99641,0.507541833608296,22623,8.000531662020885,10.54236332431428,11.509329005455823
96660,7608,92118,zip,CA,CA,Coronado,"San Diego-Chula Vista-Carlsbad, CA",San Diego County,2018-03-31,2974.5182274210306,92118,0,2018,37887,2017,99641,0.507541833608296,22623,7.997837364503295,10.54236332431428,11.509329005455823
96660,7608,92118,zip,CA,CA,Coronado,"San Diego-Chula Vista-Carlsbad, CA",San Diego County,2018-04-30,3023.2082713076265,92118,0,2018,37887,2017,99641,0.507541833608296,22623,8.014073887976107,10.54236332431428,11.509329005455823
96660,7608,92118,zip,CA,CA,Coronado,"San Diego-Chula Vista-Carlsbad, CA",San Diego County,2018-05-31,3101.31012659327,92118,0,2018,37887,2017,99641,0.507541833608296,22623,8.039579922675632,10.54236332431428,11.509329005455823
96660,7608,92118,zip,CA,CA,Coronado,"San Diego-Chula Vista-Carlsbad, CA",San Diego County,2018-06-30,3203.1601454714605,92118,0,2018,37887,2017,99641,0.507541833608296,22623,8.071893146945428,10.54236332431428,11.509329005455823
96660,7608,92118,zip,CA,CA,Coronado,"San Diego-Chula Vista-Carlsbad, CA",San Diego County,2018-07-31,3261.754926440655,92118,0,2018,37887,2017,99641,0.507541833608296,22623,8.090020650512052,10.54236332431428,11.509329005455823
96660,7608,92118,zip,CA,CA,Coronado,"San Diego-Chula Vista-Carlsbad, CA",San Diego County,2018-08-31,3184.520474741415,92118,0,2018,37887,2017,99641,0.507541833608296,22623,8.066056999290332,10.54236332431428,11.509329005455823
96660,7608,92118,zip,CA,CA,Coronado,"San Diego-Chula Vista-Carlsbad, CA",San Diego County,2018-09-30,3125.322012360976,92118,0,2018,37887,2017,99641,0.507541833608296,22623,8.04729260081735,10.54236332431428,11.509329005455823
96660,7608,92118,zip,CA,CA,Coronado,"San Diego-Chula Vista-Carlsbad, CA",San Diego County,2018-10-31,3084.927675306626,92118,0,2018,37887,2017,99641,0.507541833608296,22623,8.034283492079787,10.54236332431428,11.509329005455823
96660,7608,92118,zip,CA,CA,Coronado,"San Diego-Chula Vista-Carlsbad, CA",San Diego County,2018-11-30,3063.792566316893,92118,0,2018,37887,2017,99641,0.507541833608296,22623,8.027408828280494,10.54236332431428,11.509329005455823
96660,7608,92118,zip,CA,CA,Coronado,"San Diego-Chula Vista-Carlsbad, CA",San Diego County,2018-12-31,2989.4647590021923,92118,0,2018,37887,2017,99641,0.507541833608296,22623,8.002849639993304,10.54236332431428,11.509329005455823
96660,7608,92118,zip,CA,CA,Coronado,"San Diego-Chula Vista-Carlsbad, CA",San Diego County,2019-01-31,3008.166761584341,92118,0,2019,38736,2019,108967,0.4713692946058091,22548,8.009086122889522,10.56452467917784,11.598800363078976
96660,7608,92118,zip,CA,CA,Coronado,"San Diego-Chula Vista-Carlsbad, CA",San Diego County,2019-02-28,2982.1269669138915,92118,0,2019,38736,2019,108967,0.4713692946058091,22548,8.000392072189534,10.56452467917784,11.598800363078976
96660,7608,92118,zip,CA,CA,Coronado,"San Diego-Chula Vista-Carlsbad, CA",San Diego County,2019-03-31,3176.893904359599,92118,0,2019,38736,2019,108967,0.4713692946058091,22548,8.063659238798326,10.56452467917784,11.598800363078976
96660,7608,92118,zip,CA,CA,Coronado,"San Diego-Chula Vista-Carlsbad, CA",San Diego County,2019-04-30,3069.07540491538,92118,0,2019,38736,2019,108967,0.4713692946058091,22548,8.029131624182803,10.56452467917784,11.598800363078976
96660,7608,92118,zip,CA,CA,Coronado,"San Diego-Chula Vista-Carlsbad, CA",San Diego County,2019-05-31,3130.00993589931,92118,0,2019,38736,2019,108967,0.4713692946058091,22548,8.048791457937886,10.56452467917784,11.598800363078976
96660,7608,92118,zip,CA,CA,Coronado,"San Diego-Chula Vista-Carlsbad, CA",San Diego County,2019-06-30,3148.795808118556,92118,0,2019,38736,2019,108967,0.4713692946058091,22548,8.054775375593886,10.56452467917784,11.598800363078976
96660,7608,92118,zip,CA,CA,Coronado,"San Diego-Chula Vista-Carlsbad, CA",San Diego County,2019-07-31,3288.93365071978,92118,0,2019,38736,2019,108967,0.4713692946058091,22548,8.098318672899467,10.56452467917784,11.598800363078976
96660,7608,92118,zip,CA,CA,Coronado,"San Diego-Chula Vista-Carlsbad, CA",San Diego County,2019-08-31,3273.462716396728,92118,0,2019,38736,2019,108967,0.4713692946058091,22548,8.093603638293366,10.56452467917784,11.598800363078976
96660,7608,92118,zip,CA,CA,Coronado,"San Diego-Chula Vista-Carlsbad, CA",San Diego County,2019-09-30,3243.006351692752,92118,0,2019,38736,2019,108967,0.4713692946058091,22548,8.084256064890893,10.56452467917784,11.598800363078976
96660,7608,92118,zip,CA,CA,Coronado,"San Diego-Chula Vista-Carlsbad, CA",San Diego County,2019-10-31,3262.96941269546,92118,0,2019,38736,2019,108967,0.4713692946058091,22548,8.090392922566995,10.56452467917784,11.598800363078976
96660,7608,92118,zip,CA,CA,Coronado,"San Diego-Chula Vista-Carlsbad, CA",San Diego County,2019-11-30,3404.8068330094056,92118,0,2019,38736,2019,108967,0.4713692946058091,22548,8.13294348658067,10.56452467917784,11.598800363078976
96660,7608,92118,zip,CA,CA,Coronado,"San Diego-Chula Vista-Carlsbad, CA",San Diego County,2019-12-31,3370.902102823729,92118,0,2019,38736,2019,108967,0.4713692946058091,22548,8.122935673822665,10.56452467917784,11.598800363078976
96660,7608,92118,zip,CA,CA,Coronado,"San Diego-Chula Vista-Carlsbad, CA",San Diego County,2020-01-31,3398.2560288326654,92118,0,2020,39576,2019,108967,0.4713692946058091,22548,8.131017646313001,10.585978152907545,11.598800363078976
96660,7608,92118,zip,CA,CA,Coronado,"San Diego-Chula Vista-Carlsbad, CA",San Diego County,2020-02-29,3332.430945170868,92118,0,2020,39576,2019,108967,0.4713692946058091,22548,8.11145733020902,10.585978152907545,11.598800363078976
96660,7608,92118,zip,CA,CA,Coronado,"San Diego-Chula Vista-Carlsbad, CA",San Diego County,2020-03-31,3429.6795916070687,92118,0,2020,39576,2019,108967,0.4713692946058091,22548,8.140222122271034,10.585978152907545,11.598800363078976
96660,7608,92118,zip,CA,CA,Coronado,"San Diego-Chula Vista-Carlsbad, CA",San Diego County,2020-04-30,3447.2585099873163,92118,0,2020,39576,2019,108967,0.4713692946058091,22548,8.145334559349543,10.585978152907545,11.598800363078976
96660,7608,92118,zip,CA,CA,Coronado,"San Diego-Chula Vista-Carlsbad, CA",San Diego County,2020-05-31,3458.818655848856,92118,0,2020,39576,2019,108967,0.4713692946058091,22548,8.14868238080622,10.585978152907545,11.598800363078976
96660,7608,92118,zip,CA,CA,Coronado,"San Diego-Chula Vista-Carlsbad, CA",San Diego County,2020-06-30,3419.774220335767,92118,0,2020,39576,2019,108967,0.4713692946058091,22548,8.137329810431721,10.585978152907545,11.598800363078976
96660,7608,92118,zip,CA,CA,Coronado,"San Diego-Chula Vista-Carlsbad, CA",San Diego County,2020-07-31,3424.257581253878,92118,0,2020,39576,2019,108967,0.4713692946058091,22548,8.138639962602078,10.585978152907545,11.598800363078976
96660,7608,92118,zip,CA,CA,Coronado,"San Diego-Chula Vista-Carlsbad, CA",San Diego County,2020-08-31,3420.8543609231847,92118,0,2020,39576,2019,108967,0.4713692946058091,22548,8.13764561199398,10.585978152907545,11.598800363078976
96660,7608,92118,zip,CA,CA,Coronado,"San Diego-Chula Vista-Carlsbad, CA",San Diego County,2020-09-30,3514.6926204506703,92118,0,2020,39576,2019,108967,0.4713692946058091,22548,8.164707352469526,10.585978152907545,11.598800363078976
96660,7608,92118,zip,CA,CA,Coronado,"San Diego-Chula Vista-Carlsbad, CA",San Diego County,2020-10-31,3565.62955938836,92118,0,2020,39576,2019,108967,0.4713692946058091,22548,8.179095911756262,10.585978152907545,11.598800363078976
96660,7608,92118,zip,CA,CA,Coronado,"San Diego-Chula Vista-Carlsbad, CA",San Diego County,2020-11-30,3591.496742443825,92118,0,2020,39576,2019,108967,0.4713692946058091,22548,8.186324314496158,10.585978152907545,11.598800363078976
96660,7608,92118,zip,CA,CA,Coronado,"San Diego-Chula Vista-Carlsbad, CA",San Diego County,2020-12-31,3646.5725703008393,92118,0,2020,39576,2019,108967,0.4713692946058091,22548,8.201542983583954,10.585978152907545,11.598800363078976
96660,7608,92118,zip,CA,CA,Coronado,"San Diego-Chula Vista-Carlsbad, CA",San Diego County,2021-01-31,3606.918395939814,92118,0,2021,41885,2021,114559,0.4678886245977333,19672,8.19060905684385,10.64268304658791,11.648845253106094
96660,7608,92118,zip,CA,CA,Coronado,"San Diego-Chula Vista-Carlsbad, CA",San Diego County,2021-02-28,3590.9201264768644,92118,0,2021,41885,2021,114559,0.4678886245977333,19672,8.186163751282209,10.64268304658791,11.648845253106094
96660,7608,92118,zip,CA,CA,Coronado,"San Diego-Chula Vista-Carlsbad, CA",San Diego County,2021-03-31,3480.891375102512,92118,0,2021,41885,2021,114559,0.4678886245977333,19672,8.155043682240526,10.64268304658791,11.648845253106094
96660,7608,92118,zip,CA,CA,Coronado,"San Diego-Chula Vista-Carlsbad, CA",San Diego County,2021-04-30,3484.487994444717,92118,0,2021,41885,2021,114559,0.4678886245977333,19672,8.156076395455711,10.64268304658791,11.648845253106094
96660,7608,92118,zip,CA,CA,Coronado,"San Diego-Chula Vista-Carlsbad, CA",San Diego County,2021-05-31,3558.374704002532,92118,0,2021,41885,2021,114559,0.4678886245977333,19672,8.177059175778703,10.64268304658791,11.648845253106094
96660,7608,92118,zip,CA,CA,Coronado,"San Diego-Chula Vista-Carlsbad, CA",San Diego County,2021-06-30,3666.536572058026,92118,0,2021,41885,2021,114559,0.4678886245977333,19672,8.207002782135145,10.64268304658791,11.648845253106094
96660,7608,92118,zip,CA,CA,Coronado,"San Diego-Chula Vista-Carlsbad, CA",San Diego County,2021-07-31,3865.902679511645,92118,0,2021,41885,2021,114559,0.4678886245977333,19672,8.259950486019358,10.64268304658791,11.648845253106094
96660,7608,92118,zip,CA,CA,Coronado,"San Diego-Chula Vista-Carlsbad, CA",San Diego County,2021-08-31,3936.194385305264,92118,0,2021,41885,2021,114559,0.4678886245977333,19672,8.277969643463154,10.64268304658791,11.648845253106094
96660,7608,92118,zip,CA,CA,Coronado,"San Diego-Chula Vista-Carlsbad, CA",San Diego County,2021-09-30,3986.7886685996887,92118,0,2021,41885,2021,114559,0.4678886245977333,19672,8.290741340859826,10.64268304658791,11.648845253106094
96660,7608,92118,zip,CA,CA,Coronado,"San Diego-Chula Vista-Carlsbad, CA",San Diego County,2021-10-31,4017.0346325375976,92118,0,2021,41885,2021,114559,0.4678886245977333,19672,8.298299255815172,10.64268304658791,11.648845253106094
96660,7608,92118,zip,CA,CA,Coronado,"San Diego-Chula Vista-Carlsbad, CA",San Diego County,2021-11-30,4092.543210682831,92118,0,2021,41885,2021,114559,0.4678886245977333,19672,8.316921867694823,10.64268304658791,11.648845253106094
96660,7608,92118,zip,CA,CA,Coronado,"San Diego-Chula Vista-Carlsbad, CA",San Diego County,2021-12-31,4069.141271126741,92118,0,2021,41885,2021,114559,0.4678886245977333,19672,8.311187266279992,10.64268304658791,11.648845253106094
96660,7608,92118,zip,CA,CA,Coronado,"San Diego-Chula Vista-Carlsbad, CA",San Diego County,2022-01-31,4023.965889947975,92118,0,2022,42006,2021,114559,0.4678886245977333,19672,8.30002323509056,10.645567744205252,11.648845253106094
96660,7608,92118,zip,CA,CA,Coronado,"San Diego-Chula Vista-Carlsbad, CA",San Diego County,2022-02-28,4083.297464141369,92118,0,2022,42006,2021,114559,0.4678886245977333,19672,8.314660142974272,10.645567744205252,11.648845253106094
96660,7608,92118,zip,CA,CA,Coronado,"San Diego-Chula Vista-Carlsbad, CA",San Diego County,2022-03-31,4283.574892007033,92118,0,2022,42006,2021,114559,0.4678886245977333,19672,8.362543195086214,10.645567744205252,11.648845253106094
96660,7608,92118,zip,CA,CA,Coronado,"San Diego-Chula Vista-Carlsbad, CA",San Diego County,2022-04-30,4380.969798958302,92118,0,2022,42006,2021,114559,0.4678886245977333,19672,8.385025394149029,10.645567744205252,11.648845253106094
96660,7608,92118,zip,CA,CA,Coronado,"San Diego-Chula Vista-Carlsbad, CA",San Diego County,2022-05-31,4570.448648053173,92118,0,2022,42006,2021,114559,0.4678886245977333,19672,8.427366651510171,10.645567744205252,11.648845253106094
96660,7608,92118,zip,CA,CA,Coronado,"San Diego-Chula Vista-Carlsbad, CA",San Diego County,2022-06-30,4714.718153016155,92118,0,2022,42006,2021,114559,0.4678886245977333,19672,8.458444416614087,10.645567744205252,11.648845253106094
96660,7608,92118,zip,CA,CA,Coronado,"San Diego-Chula Vista-Carlsbad, CA",San Diego County,2022-07-31,4712.321056405201,92118,0,2022,42006,2021,114559,0.4678886245977333,19672,8.4579358589197,10.645567744205252,11.648845253106094
96660,7608,92118,zip,CA,CA,Coronado,"San Diego-Chula Vista-Carlsbad, CA",San Diego County,2022-08-31,4606.499228259043,92118,0,2022,42006,2021,114559,0.4678886245977333,19672,8.43522346101593,10.645567744205252,11.648845253106094
96660,7608,92118,zip,CA,CA,Coronado,"San Diego-Chula Vista-Carlsbad, CA",San Diego County,2022-09-30,4490.691239671162,92118,0,2022,42006,2021,114559,0.4678886245977333,19672,8.409761919816061,10.645567744205252,11.648845253106094
96660,7608,92118,zip,CA,CA,Coronado,"San Diego-Chula Vista-Carlsbad, CA",San Diego County,2022-10-31,4540.6717805695935,92118,0,2022,42006,2021,114559,0.4678886245977333,19672,8.420830249377476,10.645567744205252,11.648845253106094
96660,7608,92118,zip,CA,CA,Coronado,"San Diego-Chula Vista-Carlsbad, CA",San Diego County,2022-11-30,4520.881482093668,92118,0,2022,42006,2021,114559,0.4678886245977333,19672,8.416462271975023,10.645567744205252,11.648845253106094
96660,7608,92118,zip,CA,CA,Coronado,"San Diego-Chula Vista-Carlsbad, CA",San Diego County,2022-12-31,4497.73432429757,92118,0,2022,42006,2021,114559,0.4678886245977333,19672,8.411329065478611,10.645567744205252,11.648845253106094
96660,7608,92118,zip,CA,CA,Coronado,"San Diego-Chula Vista-Carlsbad, CA",San Diego County,2023-01-31,4456.790815304728,92118,0,2023,42376,2023,135056,0.45428530548004,18495,8.402184237877146,10.654337443224362,11.813444786223501
96660,7608,92118,zip,CA,CA,Coronado,"San Diego-Chula Vista-Carlsbad, CA",San Diego County,2023-02-28,4595.362024069131,92118,0,2023,42376,2023,135056,0.45428530548004,18495,8.43280281820841,10.654337443224362,11.813444786223501
96660,7608,92118,zip,CA,CA,Coronado,"San Diego-Chula Vista-Carlsbad, CA",San Diego County,2023-03-31,4737.061209812328,92118,0,2023,42376,2023,135056,0.45428530548004,18495,8.463172224481038,10.654337443224362,11.813444786223501
96660,7608,92118,zip,CA,CA,Coronado,"San Diego-Chula Vista-Carlsbad, CA",San Diego County,2023-04-30,4909.373277495188,92118,0,2023,42376,2023,135056,0.45428530548004,18495,8.49890157058362,10.654337443224362,11.813444786223501
96660,7608,92118,zip,CA,CA,Coronado,"San Diego-Chula Vista-Carlsbad, CA",San Diego County,2023-05-31,4901.695966071126,92118,0,2023,42376,2023,135056,0.45428530548004,18495,8.497336539739276,10.654337443224362,11.813444786223501
96660,7608,92118,zip,CA,CA,Coronado,"San Diego-Chula Vista-Carlsbad, CA",San Diego County,2023-06-30,4930.809188353784,92118,0,2023,42376,2023,135056,0.45428530548004,18495,8.503258389136686,10.654337443224362,11.813444786223501
96660,7608,92118,zip,CA,CA,Coronado,"San Diego-Chula Vista-Carlsbad, CA",San Diego County,2023-07-31,4869.329237573243,92118,0,2023,42376,2023,135056,0.45428530548004,18495,8.490711473032642,10.654337443224362,11.813444786223501
96660,7608,92118,zip,CA,CA,Coronado,"San Diego-Chula Vista-Carlsbad, CA",San Diego County,2023-08-31,4769.782835944176,92118,0,2023,42376,2023,135056,0.45428530548004,18495,8.470056055790272,10.654337443224362,11.813444786223501
96660,7608,92118,zip,CA,CA,Coronado,"San Diego-Chula Vista-Carlsbad, CA",San Diego County,2023-09-30,4582.742164958673,92118,0,2023,42376,2023,135056,0.45428530548004,18495,8.430052823916855,10.654337443224362,11.813444786223501
96660,7608,92118,zip,CA,CA,Coronado,"San Diego-Chula Vista-Carlsbad, CA",San Diego County,2023-10-31,4530.971091128597,92118,0,2023,42376,2023,135056,0.45428530548004,18495,8.41869156440591,10.654337443224362,11.813444786223501
96660,7608,92118,zip,CA,CA,Coronado,"San Diego-Chula Vista-Carlsbad, CA",San Diego County,2023-11-30,4444.177273695017,92118,0,2023,42376,2023,135056,0.45428530548004,18495,8.39935004053435,10.654337443224362,11.813444786223501
96660,7608,92118,zip,CA,CA,Coronado,"San Diego-Chula Vista-Carlsbad, CA",San Diego County,2023-12-31,4552.759721716699,92118,0,2023,42376,2023,135056,0.45428530548004,18495,8.423488860324085,10.654337443224362,11.813444786223501
96660,7608,92118,zip,CA,CA,Coronado,"San Diego-Chula Vista-Carlsbad, CA",San Diego County,2024-01-31,4620.736396352694,92118,0,2024,44256,2023,135056,0.45428530548004,18495,8.43830936452398,10.697746234464486,11.813444786223501
96660,7608,92118,zip,CA,CA,Coronado,"San Diego-Chula Vista-Carlsbad, CA",San Diego County,2024-02-29,4739.114041343684,92118,0,2024,44256,2023,135056,0.45428530548004,18495,8.463605486110136,10.697746234464486,11.813444786223501
96660,7608,92118,zip,CA,CA,Coronado,"San Diego-Chula Vista-Carlsbad, CA",San Diego County,2024-03-31,4723.142039115831,92118,0,2024,44256,2023,135056,0.45428530548004,18495,8.460229543362143,10.697746234464486,11.813444786223501
96660,7608,92118,zip,CA,CA,Coronado,"San Diego-Chula Vista-Carlsbad, CA",San Diego County,2024-04-30,4792.565414181579,92118,0,2024,44256,2023,135056,0.45428530548004,18495,8.474821124108146,10.697746234464486,11.813444786223501
96660,7608,92118,zip,CA,CA,Coronado,"San Diego-Chula Vista-Carlsbad, CA",San Diego County,2024-05-31,4848.025771218408,92118,0,2024,44256,2023,135056,0.45428530548004,18495,8.486326843580402,10.697746234464486,11.813444786223501
96660,7608,92118,zip,CA,CA,Coronado,"San Diego-Chula Vista-Carlsbad, CA",San Diego County,2024-06-30,5004.05797533734,92118,0,2024,44256,2023,135056,0.45428530548004,18495,8.518004457318517,10.697746234464486,11.813444786223501
96660,7608,92118,zip,CA,CA,Coronado,"San Diego-Chula Vista-Carlsbad, CA",San Diego County,2024-07-31,4916.042840807805,92118,0,2024,44256,2023,135056,0.45428530548004,18495,8.500259185214228,10.697746234464486,11.813444786223501
96660,7608,92118,zip,CA,CA,Coronado,"San Diego-Chula Vista-Carlsbad, CA",San Diego County,2024-08-31,4812.053868166875,92118,0,2024,44256,2023,135056,0.45428530548004,18495,8.478879271580306,10.697746234464486,11.813444786223501
96660,7608,92118,zip,CA,CA,Coronado,"San Diego-Chula Vista-Carlsbad, CA",San Diego County,2024-09-30,4639.8463153951925,92118,0,2024,44256,2023,135056,0.45428530548004,18495,8.442436522989695,10.697746234464486,11.813444786223501
96660,7608,92118,zip,CA,CA,Coronado,"San Diego-Chula Vista-Carlsbad, CA",San Diego County,2024-10-31,4694.129442105695,92118,0,2024,44256,2023,135056,0.45428530548004,18495,8.45406795210781,10.697746234464486,11.813444786223501
96660,7608,92118,zip,CA,CA,Coronado,"San Diego-Chula Vista-Carlsbad, CA",San Diego County,2024-11-30,4857.668958513007,92118,0,2024,44256,2023,135056,0.45428530548004,18495,8.488313963665313,10.697746234464486,11.813444786223501
96660,7608,92118,zip,CA,CA,Coronado,"San Diego-Chula Vista-Carlsbad, CA",San Diego County,2024-12-31,5013.347657419686,92118,0,2024,44256,2023,135056,0.45428530548004,18495,8.519859166029715,10.697746234464486,11.813444786223501
96664,1151,92122,zip,CA,CA,San Diego,"San Diego-Chula Vista-Carlsbad, CA",San Diego County,2015-01-31,1733.4896315976764,92122,1,2015,32906,2017,76872,0.6812537855844942,47331,7.457891783911735,10.401410290946595,11.249896979957104
96664,1151,92122,zip,CA,CA,San Diego,"San Diego-Chula Vista-Carlsbad, CA",San Diego County,2015-02-28,1742.758840260214,92122,1,2015,32906,2017,76872,0.6812537855844942,47331,7.4632246769459325,10.401410290946595,11.249896979957104
96664,1151,92122,zip,CA,CA,San Diego,"San Diego-Chula Vista-Carlsbad, CA",San Diego County,2015-03-31,1773.3893856531768,92122,1,2015,32906,2017,76872,0.6812537855844942,47331,7.480647901619084,10.401410290946595,11.249896979957104
96664,1151,92122,zip,CA,CA,San Diego,"San Diego-Chula Vista-Carlsbad, CA",San Diego County,2015-04-30,1778.1475353645374,92122,1,2015,32906,2017,76872,0.6812537855844942,47331,7.4833273909016125,10.401410290946595,11.249896979957104
96664,1151,92122,zip,CA,CA,San Diego,"San Diego-Chula Vista-Carlsbad, CA",San Diego County,2015-05-31,1795.147645779963,92122,1,2015,32906,2017,76872,0.6812537855844942,47331,7.492842551456126,10.401410290946595,11.249896979957104
96664,1151,92122,zip,CA,CA,San Diego,"San Diego-Chula Vista-Carlsbad, CA",San Diego County,2015-06-30,1797.0122251513396,92122,1,2015,32906,2017,76872,0.6812537855844942,47331,7.493880689849645,10.401410290946595,11.249896979957104
96664,1151,92122,zip,CA,CA,San Diego,"San Diego-Chula Vista-Carlsbad, CA",San Diego County,2015-07-31,1816.591091860497,92122,1,2015,32906,2017,76872,0.6812537855844942,47331,7.504716997313107,10.401410290946595,11.249896979957104
96664,1151,92122,zip,CA,CA,San Diego,"San Diego-Chula Vista-Carlsbad, CA",San Diego County,2015-08-31,1834.2719552157896,92122,1,2015,32906,2017,76872,0.6812537855844942,47331,7.5144029271099235,10.401410290946595,11.249896979957104
96664,1151,92122,zip,CA,CA,San Diego,"San Diego-Chula Vista-Carlsbad, CA",San Diego County,2015-09-30,1865.5333562567123,92122,1,2015,32906,2017,76872,0.6812537855844942,47331,7.5313022730999695,10.401410290946595,11.249896979957104
96664,1151,92122,zip,CA,CA,San Diego,"San Diego-Chula Vista-Carlsbad, CA",San Diego County,2015-10-31,1885.9434852604525,92122,1,2015,32906,2017,76872,0.6812537855844942,47331,7.542183497347004,10.401410290946595,11.249896979957104
96664,1151,92122,zip,CA,CA,San Diego,"San Diego-Chula Vista-Carlsbad, CA",San Diego County,2015-11-30,1875.283654403712,92122,1,2015,32906,2017,76872,0.6812537855844942,47331,7.536515209311137,10.401410290946595,11.249896979957104
96664,1151,92122,zip,CA,CA,San Diego,"San Diego-Chula Vista-Carlsbad, CA",San Diego County,2015-12-31,1879.0987477183007,92122,1,2015,32906,2017,76872,0.6812537855844942,47331,7.5385475513685645,10.401410290946595,11.249896979957104
96664,1151,92122,zip,CA,CA,San Diego,"San Diego-Chula Vista-Carlsbad, CA",San Diego County,2016-01-31,1887.181206899076,92122,1,2016,34979,2017,76872,0.6812537855844942,47331,7.542839569851362,10.462503160399518,11.249896979957104
96664,1151,92122,zip,CA,CA,San Diego,"San Diego-Chula Vista-Carlsbad, CA",San Diego County,2016-02-29,1914.4716664233977,92122,1,2016,34979,2017,76872,0.6812537855844942,47331,7.557196971342387,10.462503160399518,11.249896979957104
96664,1151,92122,zip,CA,CA,San Diego,"San Diego-Chula Vista-Carlsbad, CA",San Diego County,2016-03-31,1910.528250670507,92122,1,2016,34979,2017,76872,0.6812537855844942,47331,7.555135053833637,10.462503160399518,11.249896979957104
96664,1151,92122,zip,CA,CA,San Diego,"San Diego-Chula Vista-Carlsbad, CA",San Diego County,2016-04-30,1886.1691047500287,92122,1,2016,34979,2017,76872,0.6812537855844942,47331,7.542303122349949,10.462503160399518,11.249896979957104
96664,1151,92122,zip,CA,CA,San Diego,"San Diego-Chula Vista-Carlsbad, CA",San Diego County,2016-05-31,1895.7236603536808,92122,1,2016,34979,2017,76872,0.6812537855844942,47331,7.547355923433978,10.462503160399518,11.249896979957104
96664,1151,92122,zip,CA,CA,San Diego,"San Diego-Chula Vista-Carlsbad, CA",San Diego County,2016-06-30,1920.654800988888,92122,1,2016,34979,2017,76872,0.6812537855844942,47331,7.560421449061874,10.462503160399518,11.249896979957104
96664,1151,92122,zip,CA,CA,San Diego,"San Diego-Chula Vista-Carlsbad, CA",San Diego County,2016-07-31,1952.116986303297,92122,1,2016,34979,2017,76872,0.6812537855844942,47331,7.5766696966850535,10.462503160399518,11.249896979957104
96664,1151,92122,zip,CA,CA,San Diego,"San Diego-Chula Vista-Carlsbad, CA",San Diego County,2016-08-31,1951.208852494292,92122,1,2016,34979,2017,76872,0.6812537855844942,47331,7.576204383840112,10.462503160399518,11.249896979957104
96664,1151,92122,zip,CA,CA,San Diego,"San Diego-Chula Vista-Carlsbad, CA",San Diego County,2016-09-30,1967.354517877656,92122,1,2016,34979,2017,76872,0.6812537855844942,47331,7.584445034928776,10.462503160399518,11.249896979957104
96664,1151,92122,zip,CA,CA,San Diego,"San Diego-Chula Vista-Carlsbad, CA",San Diego County,2016-10-31,1975.363284772263,92122,1,2016,34979,2017,76872,0.6812537855844942,47331,7.588507602076872,10.462503160399518,11.249896979957104
96664,1151,92122,zip,CA,CA,San Diego,"San Diego-Chula Vista-Carlsbad, CA",San Diego County,2016-11-30,1943.6036477368616,92122,1,2016,34979,2017,76872,0.6812537855844942,47331,7.572299079324009,10.462503160399518,11.249896979957104
96664,1151,92122,zip,CA,CA,San Diego,"San Diego-Chula Vista-Carlsbad, CA",San Diego County,2016-12-31,1916.861180165443,92122,1,2016,34979,2017,76872,0.6812537855844942,47331,7.558444325277711,10.462503160399518,11.249896979957104
96664,1151,92122,zip,CA,CA,San Diego,"San Diego-Chula Vista-Carlsbad, CA",San Diego County,2017-01-31,1899.879060391513,92122,1,2017,35772,2017,76872,0.6812537855844942,47331,7.549545510703111,10.484920743466072,11.249896979957104
96664,1151,92122,zip,CA,CA,San Diego,"San Diego-Chula Vista-Carlsbad, CA",San Diego County,2017-02-28,1937.685727093736,92122,1,2017,35772,2017,76872,0.6812537855844942,47331,7.569249615778462,10.484920743466072,11.249896979957104
96664,1151,92122,zip,CA,CA,San Diego,"San Diego-Chula Vista-Carlsbad, CA",San Diego County,2017-03-31,1959.8772307500888,92122,1,2017,35772,2017,76872,0.6812537855844942,47331,7.580637112890357,10.484920743466072,11.249896979957104
96664,1151,92122,zip,CA,CA,San Diego,"San Diego-Chula Vista-Carlsbad, CA",San Diego County,2017-04-30,1995.99931901292,92122,1,2017,35772,2017,76872,0.6812537855844942,47331,7.598900115695459,10.484920743466072,11.249896979957104
96664,1151,92122,zip,CA,CA,San Diego,"San Diego-Chula Vista-Carlsbad, CA",San Diego County,2017-05-31,2021.262108357408,92122,1,2017,35772,2017,76872,0.6812537855844942,47331,7.611477401402703,10.484920743466072,11.249896979957104
96664,1151,92122,zip,CA,CA,San Diego,"San Diego-Chula Vista-Carlsbad, CA",San Diego County,2017-06-30,2048.192159086384,92122,1,2017,35772,2017,76872,0.6812537855844942,47331,7.624712809436756,10.484920743466072,11.249896979957104
96664,1151,92122,zip,CA,CA,San Diego,"San Diego-Chula Vista-Carlsbad, CA",San Diego County,2017-07-31,2067.161750072167,92122,1,2017,35772,2017,76872,0.6812537855844942,47331,7.633931810162532,10.484920743466072,11.249896979957104
96664,1151,92122,zip,CA,CA,San Diego,"San Diego-Chula Vista-Carlsbad, CA",San Diego County,2017-08-31,2082.104094608558,92122,1,2017,35772,2017,76872,0.6812537855844942,47331,7.641134245335536,10.484920743466072,11.249896979957104
96664,1151,92122,zip,CA,CA,San Diego,"San Diego-Chula Vista-Carlsbad, CA",San Diego County,2017-09-30,2072.9930237269496,92122,1,2017,35772,2017,76872,0.6812537855844942,47331,7.63674874712715,10.484920743466072,11.249896979957104
96664,1151,92122,zip,CA,CA,San Diego,"San Diego-Chula Vista-Carlsbad, CA",San Diego County,2017-10-31,2067.2538573549587,92122,1,2017,35772,2017,76872,0.6812537855844942,47331,7.633976366535936,10.484920743466072,11.249896979957104
96664,1151,92122,zip,CA,CA,San Diego,"San Diego-Chula Vista-Carlsbad, CA",San Diego County,2017-11-30,2068.797138459228,92122,1,2017,35772,2017,76872,0.6812537855844942,47331,7.634722624827941,10.484920743466072,11.249896979957104
96664,1151,92122,zip,CA,CA,San Diego,"San Diego-Chula Vista-Carlsbad, CA",San Diego County,2017-12-31,2082.6866530292373,92122,1,2017,35772,2017,76872,0.6812537855844942,47331,7.641413999330288,10.484920743466072,11.249896979957104
96664,1151,92122,zip,CA,CA,San Diego,"San Diego-Chula Vista-Carlsbad, CA",San Diego County,2018-01-31,2083.0553797537027,92122,1,2018,37887,2017,76872,0.6812537855844942,47331,7.641591027443179,10.54236332431428,11.249896979957104
96664,1151,92122,zip,CA,CA,San Diego,"San Diego-Chula Vista-Carlsbad, CA",San Diego County,2018-02-28,2068.750982750837,92122,1,2018,37887,2017,76872,0.6812537855844942,47331,7.634700314170982,10.54236332431428,11.249896979957104
96664,1151,92122,zip,CA,CA,San Diego,"San Diego-Chula Vista-Carlsbad, CA",San Diego County,2018-03-31,2097.375842536848,92122,1,2018,37887,2017,76872,0.6812537855844942,47331,7.648442243519941,10.54236332431428,11.249896979957104
96664,1151,92122,zip,CA,CA,San Diego,"San Diego-Chula Vista-Carlsbad, CA",San Diego County,2018-04-30,2120.5061460808693,92122,1,2018,37887,2017,76872,0.6812537855844942,47331,7.659410087321607,10.54236332431428,11.249896979957104
96664,1151,92122,zip,CA,CA,San Diego,"San Diego-Chula Vista-Carlsbad, CA",San Diego County,2018-05-31,2178.3060557252675,92122,1,2018,37887,2017,76872,0.6812537855844942,47331,7.686302815073982,10.54236332431428,11.249896979957104
96664,1151,92122,zip,CA,CA,San Diego,"San Diego-Chula Vista-Carlsbad, CA",San Diego County,2018-06-30,2192.8909220831097,92122,1,2018,37887,2017,76872,0.6812537855844942,47331,7.692976008048667,10.54236332431428,11.249896979957104
96664,1151,92122,zip,CA,CA,San Diego,"San Diego-Chula Vista-Carlsbad, CA",San Diego County,2018-07-31,2215.8480103520765,92122,1,2018,37887,2017,76872,0.6812537855844942,47331,7.703390458128705,10.54236332431428,11.249896979957104
96664,1151,92122,zip,CA,CA,San Diego,"San Diego-Chula Vista-Carlsbad, CA",San Diego County,2018-08-31,2207.4528903203386,92122,1,2018,37887,2017,76872,0.6812537855844942,47331,7.6995945915121595,10.54236332431428,11.249896979957104
96664,1151,92122,zip,CA,CA,San Diego,"San Diego-Chula Vista-Carlsbad, CA",San Diego County,2018-09-30,2203.5736763513946,92122,1,2018,37887,2017,76872,0.6812537855844942,47331,7.6978357197799765,10.54236332431428,11.249896979957104
96664,1151,92122,zip,CA,CA,San Diego,"San Diego-Chula Vista-Carlsbad, CA",San Diego County,2018-10-31,2203.5625823939617,92122,1,2018,37887,2017,76872,0.6812537855844942,47331,7.697830685237461,10.54236332431428,11.249896979957104
96664,1151,92122,zip,CA,CA,San Diego,"San Diego-Chula Vista-Carlsbad, CA",San Diego County,2018-11-30,2196.5774671891395,92122,1,2018,37887,2017,76872,0.6812537855844942,47331,7.694655731261542,10.54236332431428,11.249896979957104
96664,1151,92122,zip,CA,CA,San Diego,"San Diego-Chula Vista-Carlsbad, CA",San Diego County,2018-12-31,2208.88936346969,92122,1,2018,37887,2017,76872,0.6812537855844942,47331,7.700245117724786,10.54236332431428,11.249896979957104
96664,1151,92122,zip,CA,CA,San Diego,"San Diego-Chula Vista-Carlsbad, CA",San Diego County,2019-01-31,2206.0993187665663,92122,1,2019,38736,2019,79816,0.6852232299443805,48071,7.698981220906314,10.56452467917784,11.287479264593344
96664,1151,92122,zip,CA,CA,San Diego,"San Diego-Chula Vista-Carlsbad, CA",San Diego County,2019-02-28,2196.1075871861467,92122,1,2019,38736,2019,79816,0.6852232299443805,48071,7.694441793772754,10.56452467917784,11.287479264593344
96664,1151,92122,zip,CA,CA,San Diego,"San Diego-Chula Vista-Carlsbad, CA",San Diego County,2019-03-31,2180.631692094605,92122,1,2019,38736,2019,79816,0.6852232299443805,48071,7.687369880824655,10.56452467917784,11.287479264593344
96664,1151,92122,zip,CA,CA,San Diego,"San Diego-Chula Vista-Carlsbad, CA",San Diego County,2019-04-30,2190.438498673431,92122,1,2019,38736,2019,79816,0.6852232299443805,48071,7.691857030472418,10.56452467917784,11.287479264593344
96664,1151,92122,zip,CA,CA,San Diego,"San Diego-Chula Vista-Carlsbad, CA",San Diego County,2019-05-31,2225.075114875498,92122,1,2019,38736,2019,79816,0.6852232299443805,48071,7.707545953525107,10.56452467917784,11.287479264593344
96664,1151,92122,zip,CA,CA,San Diego,"San Diego-Chula Vista-Carlsbad, CA",San Diego County,2019-06-30,2264.243140651597,92122,1,2019,38736,2019,79816,0.6852232299443805,48071,7.7249958278374615,10.56452467917784,11.287479264593344
96664,1151,92122,zip,CA,CA,San Diego,"San Diego-Chula Vista-Carlsbad, CA",San Diego County,2019-07-31,2276.3084328641885,92122,1,2019,38736,2019,79816,0.6852232299443805,48071,7.730310301383035,10.56452467917784,11.287479264593344
96664,1151,92122,zip,CA,CA,San Diego,"San Diego-Chula Vista-Carlsbad, CA",San Diego County,2019-08-31,2288.397819847539,92122,1,2019,38736,2019,79816,0.6852232299443805,48071,7.735607209696638,10.56452467917784,11.287479264593344
96664,1151,92122,zip,CA,CA,San Diego,"San Diego-Chula Vista-Carlsbad, CA",San Diego County,2019-09-30,2269.9369017842923,92122,1,2019,38736,2019,79816,0.6852232299443805,48071,7.72750731351832,10.56452467917784,11.287479264593344
96664,1151,92122,zip,CA,CA,San Diego,"San Diego-Chula Vista-Carlsbad, CA",San Diego County,2019-10-31,2281.578788501752,92122,1,2019,38736,2019,79816,0.6852232299443805,48071,7.7326229334121015,10.56452467917784,11.287479264593344
96664,1151,92122,zip,CA,CA,San Diego,"San Diego-Chula Vista-Carlsbad, CA",San Diego County,2019-11-30,2276.157707067674,92122,1,2019,38736,2019,79816,0.6852232299443805,48071,7.730244084175949,10.56452467917784,11.287479264593344
96664,1151,92122,zip,CA,CA,San Diego,"San Diego-Chula Vista-Carlsbad, CA",San Diego County,2019-12-31,2287.76777607558,92122,1,2019,38736,2019,79816,0.6852232299443805,48071,7.73533185087811,10.56452467917784,11.287479264593344
96664,1151,92122,zip,CA,CA,San Diego,"San Diego-Chula Vista-Carlsbad, CA",San Diego County,2020-01-31,2292.038346754613,92122,1,2020,39576,2019,79816,0.6852232299443805,48071,7.7371968083904035,10.585978152907545,11.287479264593344
96664,1151,92122,zip,CA,CA,San Diego,"San Diego-Chula Vista-Carlsbad, CA",San Diego County,2020-02-29,2283.65003937788,92122,1,2020,39576,2019,79816,0.6852232299443805,48071,7.733530336346911,10.585978152907545,11.287479264593344
96664,1151,92122,zip,CA,CA,San Diego,"San Diego-Chula Vista-Carlsbad, CA",San Diego County,2020-03-31,2255.6472220863743,92122,1,2020,39576,2019,79816,0.6852232299443805,48071,7.7211922272017235,10.585978152907545,11.287479264593344
96664,1151,92122,zip,CA,CA,San Diego,"San Diego-Chula Vista-Carlsbad, CA",San Diego County,2020-04-30,2243.0999060540066,92122,1,2020,39576,2019,79816,0.6852232299443805,48071,7.715614074791765,10.585978152907545,11.287479264593344
96664,1151,92122,zip,CA,CA,San Diego,"San Diego-Chula Vista-Carlsbad, CA",San Diego County,2020-05-31,2221.4308591293434,92122,1,2020,39576,2019,79816,0.6852232299443805,48071,7.705906798384682,10.585978152907545,11.287479264593344
96664,1151,92122,zip,CA,CA,San Diego,"San Diego-Chula Vista-Carlsbad, CA",San Diego County,2020-06-30,2205.829037243185,92122,1,2020,39576,2019,79816,0.6852232299443805,48071,7.698858697827103,10.585978152907545,11.287479264593344
96664,1151,92122,zip,CA,CA,San Diego,"San Diego-Chula Vista-Carlsbad, CA",San Diego County,2020-07-31,2164.6178308098165,92122,1,2020,39576,2019,79816,0.6852232299443805,48071,7.67999910328892,10.585978152907545,11.287479264593344
96664,1151,92122,zip,CA,CA,San Diego,"San Diego-Chula Vista-Carlsbad, CA",San Diego County,2020-08-31,2138.1558913977274,92122,1,2020,39576,2019,79816,0.6852232299443805,48071,7.667699003518866,10.585978152907545,11.287479264593344
96664,1151,92122,zip,CA,CA,San Diego,"San Diego-Chula Vista-Carlsbad, CA",San Diego County,2020-09-30,2142.2917014265795,92122,1,2020,39576,2019,79816,0.6852232299443805,48071,7.6696314235409195,10.585978152907545,11.287479264593344
96664,1151,92122,zip,CA,CA,San Diego,"San Diego-Chula Vista-Carlsbad, CA",San Diego County,2020-10-31,2174.872842606226,92122,1,2020,39576,2019,79816,0.6852232299443805,48071,7.684725478644196,10.585978152907545,11.287479264593344
96664,1151,92122,zip,CA,CA,San Diego,"San Diego-Chula Vista-Carlsbad, CA",San Diego County,2020-11-30,2207.1550964912626,92122,1,2020,39576,2019,79816,0.6852232299443805,48071,7.69945967859105,10.585978152907545,11.287479264593344
96664,1151,92122,zip,CA,CA,San Diego,"San Diego-Chula Vista-Carlsbad, CA",San Diego County,2020-12-31,2223.0672221120794,92122,1,2020,39576,2019,79816,0.6852232299443805,48071,7.706643152873654,10.585978152907545,11.287479264593344
96664,1151,92122,zip,CA,CA,San Diego,"San Diego-Chula Vista-Carlsbad, CA",San Diego County,2021-01-31,2224.2268612952807,92122,1,2021,41885,2021,88073,0.6702006028479368,45676,7.707164656146311,10.64268304658791,11.385921295032222
96664,1151,92122,zip,CA,CA,San Diego,"San Diego-Chula Vista-Carlsbad, CA",San Diego County,2021-02-28,2227.249596538196,92122,1,2021,41885,2021,88073,0.6702006028479368,45676,7.708522738452772,10.64268304658791,11.385921295032222
96664,1151,92122,zip,CA,CA,San Diego,"San Diego-Chula Vista-Carlsbad, CA",San Diego County,2021-03-31,2246.416127152591,92122,1,2021,41885,2021,88073,0.6702006028479368,45676,7.717091392915672,10.64268304658791,11.385921295032222
96664,1151,92122,zip,CA,CA,San Diego,"San Diego-Chula Vista-Carlsbad, CA",San Diego County,2021-04-30,2271.9800301158234,92122,1,2021,41885,2021,88073,0.6702006028479368,45676,7.728406990240716,10.64268304658791,11.385921295032222
96664,1151,92122,zip,CA,CA,San Diego,"San Diego-Chula Vista-Carlsbad, CA",San Diego County,2021-05-31,2336.346111637705,92122,1,2021,41885,2021,88073,0.6702006028479368,45676,7.756343497201352,10.64268304658791,11.385921295032222
96664,1151,92122,zip,CA,CA,San Diego,"San Diego-Chula Vista-Carlsbad, CA",San Diego County,2021-06-30,2413.118185755912,92122,1,2021,41885,2021,88073,0.6702006028479368,45676,7.78867504318894,10.64268304658791,11.385921295032222
96664,1151,92122,zip,CA,CA,San Diego,"San Diego-Chula Vista-Carlsbad, CA",San Diego County,2021-07-31,2538.192982588555,92122,1,2021,41885,2021,88073,0.6702006028479368,45676,7.839207682652581,10.64268304658791,11.385921295032222
96664,1151,92122,zip,CA,CA,San Diego,"San Diego-Chula Vista-Carlsbad, CA",San Diego County,2021-08-31,2687.033839376956,92122,1,2021,41885,2021,88073,0.6702006028479368,45676,7.896193202275288,10.64268304658791,11.385921295032222
96664,1151,92122,zip,CA,CA,San Diego,"San Diego-Chula Vista-Carlsbad, CA",San Diego County,2021-09-30,2820.2475364180923,92122,1,2021,41885,2021,88073,0.6702006028479368,45676,7.944579938951484,10.64268304658791,11.385921295032222
96664,1151,92122,zip,CA,CA,San Diego,"San Diego-Chula Vista-Carlsbad, CA",San Diego County,2021-10-31,2902.9934846905426,92122,1,2021,41885,2021,88073,0.6702006028479368,45676,7.9734977196854055,10.64268304658791,11.385921295032222
96664,1151,92122,zip,CA,CA,San Diego,"San Diego-Chula Vista-Carlsbad, CA",San Diego County,2021-11-30,2903.0841805621144,92122,1,2021,41885,2021,88073,0.6702006028479368,45676,7.973528961386536,10.64268304658791,11.385921295032222
96664,1151,92122,zip,CA,CA,San Diego,"San Diego-Chula Vista-Carlsbad, CA",San Diego County,2021-12-31,2904.761994083219,92122,1,2021,41885,2021,88073,0.6702006028479368,45676,7.9741067361819855,10.64268304658791,11.385921295032222
96664,1151,92122,zip,CA,CA,San Diego,"San Diego-Chula Vista-Carlsbad, CA",San Diego County,2022-01-31,2888.271470205485,92122,1,2022,42006,2021,88073,0.6702006028479368,45676,7.9684134949736825,10.645567744205252,11.385921295032222
96664,1151,92122,zip,CA,CA,San Diego,"San Diego-Chula Vista-Carlsbad, CA",San Diego County,2022-02-28,2919.957834523901,92122,1,2022,42006,2021,88073,0.6702006028479368,45676,7.979324454926526,10.645567744205252,11.385921295032222
96664,1151,92122,zip,CA,CA,San Diego,"San Diego-Chula Vista-Carlsbad, CA",San Diego County,2022-03-31,2928.4680103190526,92122,1,2022,42006,2021,88073,0.6702006028479368,45676,7.982234701898056,10.645567744205252,11.385921295032222
96664,1151,92122,zip,CA,CA,San Diego,"San Diego-Chula Vista-Carlsbad, CA",San Diego County,2022-04-30,2988.9882040142024,92122,1,2022,42006,2021,88073,0.6702006028479368,45676,8.00269021581051,10.645567744205252,11.385921295032222
96664,1151,92122,zip,CA,CA,San Diego,"San Diego-Chula Vista-Carlsbad, CA",San Diego County,2022-05-31,3033.3279672145904,92122,1,2022,42006,2021,88073,0.6702006028479368,45676,8.017415634785133,10.645567744205252,11.385921295032222
96664,1151,92122,zip,CA,CA,San Diego,"San Diego-Chula Vista-Carlsbad, CA",San Diego County,2022-06-30,3134.0912858343568,92122,1,2022,42006,2021,88073,0.6702006028479368,45676,8.050094550071332,10.645567744205252,11.385921295032222
96664,1151,92122,zip,CA,CA,San Diego,"San Diego-Chula Vista-Carlsbad, CA",San Diego County,2022-07-31,3171.628670575369,92122,1,2022,42006,2021,88073,0.6702006028479368,45676,8.062000511140262,10.645567744205252,11.385921295032222
96664,1151,92122,zip,CA,CA,San Diego,"San Diego-Chula Vista-Carlsbad, CA",San Diego County,2022-08-31,3220.143187570405,92122,1,2022,42006,2021,88073,0.6702006028479368,45676,8.07718110573934,10.645567744205252,11.385921295032222
96664,1151,92122,zip,CA,CA,San Diego,"San Diego-Chula Vista-Carlsbad, CA",San Diego County,2022-09-30,3190.170545686104,92122,1,2022,42006,2021,88073,0.6702006028479368,45676,8.06782965694734,10.645567744205252,11.385921295032222
96664,1151,92122,zip,CA,CA,San Diego,"San Diego-Chula Vista-Carlsbad, CA",San Diego County,2022-10-31,3164.423635239115,92122,1,2022,42006,2021,88073,0.6702006028479368,45676,8.059726212225376,10.645567744205252,11.385921295032222
96664,1151,92122,zip,CA,CA,San Diego,"San Diego-Chula Vista-Carlsbad, CA",San Diego County,2022-11-30,3088.3394457840527,92122,1,2022,42006,2021,88073,0.6702006028479368,45676,8.035388829256316,10.645567744205252,11.385921295032222
96664,1151,92122,zip,CA,CA,San Diego,"San Diego-Chula Vista-Carlsbad, CA",San Diego County,2022-12-31,3052.347177996477,92122,1,2022,42006,2021,88073,0.6702006028479368,45676,8.02366614019317,10.645567744205252,11.385921295032222
96664,1151,92122,zip,CA,CA,San Diego,"San Diego-Chula Vista-Carlsbad, CA",San Diego County,2023-01-31,3031.824677341041,92122,1,2023,42376,2023,98825,0.6642139449913732,45437,8.016919920994422,10.654337443224362,11.501105888164886
96664,1151,92122,zip,CA,CA,San Diego,"San Diego-Chula Vista-Carlsbad, CA",San Diego County,2023-02-28,3039.5151586190946,92122,1,2023,42376,2023,98825,0.6642139449913732,45437,8.019453294384466,10.654337443224362,11.501105888164886
96664,1151,92122,zip,CA,CA,San Diego,"San Diego-Chula Vista-Carlsbad, CA",San Diego County,2023-03-31,3066.70641099342,92122,1,2023,42376,2023,98825,0.6642139449913732,45437,8.028359434391591,10.654337443224362,11.501105888164886
96664,1151,92122,zip,CA,CA,San Diego,"San Diego-Chula Vista-Carlsbad, CA",San Diego County,2023-04-30,3082.157192860572,92122,1,2023,42376,2023,98825,0.6642139449913732,45437,8.033385018103298,10.654337443224362,11.501105888164886
96664,1151,92122,zip,CA,CA,San Diego,"San Diego-Chula Vista-Carlsbad, CA",San Diego County,2023-05-31,3131.324767619579,92122,1,2023,42376,2023,98825,0.6642139449913732,45437,8.049211442430604,10.654337443224362,11.501105888164886
96664,1151,92122,zip,CA,CA,San Diego,"San Diego-Chula Vista-Carlsbad, CA",San Diego County,2023-06-30,3170.230235881339,92122,1,2023,42376,2023,98825,0.6642139449913732,45437,8.061559493849488,10.654337443224362,11.501105888164886
96664,1151,92122,zip,CA,CA,San Diego,"San Diego-Chula Vista-Carlsbad, CA",San Diego County,2023-07-31,3209.448599286896,92122,1,2023,42376,2023,98825,0.6642139449913732,45437,8.073854425445802,10.654337443224362,11.501105888164886
96664,1151,92122,zip,CA,CA,San Diego,"San Diego-Chula Vista-Carlsbad, CA",San Diego County,2023-08-31,3192.120532096578,92122,1,2023,42376,2023,98825,0.6642139449913732,45437,8.068440718538668,10.654337443224362,11.501105888164886
96664,1151,92122,zip,CA,CA,San Diego,"San Diego-Chula Vista-Carlsbad, CA",San Diego County,2023-09-30,3181.618903616985,92122,1,2023,42376,2023,98825,0.6642139449913732,45437,8.065145435420018,10.654337443224362,11.501105888164886
96664,1151,92122,zip,CA,CA,San Diego,"San Diego-Chula Vista-Carlsbad, CA",San Diego County,2023-10-31,3162.376646208146,92122,1,2023,42376,2023,98825,0.6642139449913732,45437,8.05907912712348,10.654337443224362,11.501105888164886
96664,1151,92122,zip,CA,CA,San Diego,"San Diego-Chula Vista-Carlsbad, CA",San Diego County,2023-11-30,3136.663129038087,92122,1,2023,42376,2023,98825,0.6642139449913732,45437,8.050914816080102,10.654337443224362,11.501105888164886
96664,1151,92122,zip,CA,CA,San Diego,"San Diego-Chula Vista-Carlsbad, CA",San Diego County,2023-12-31,3087.832683198418,92122,1,2023,42376,2023,98825,0.6642139449913732,45437,8.035224726774654,10.654337443224362,11.501105888164886
96664,1151,92122,zip,CA,CA,San Diego,"San Diego-Chula Vista-Carlsbad, CA",San Diego County,2024-01-31,3027.223907729785,92122,1,2024,44256,2023,98825,0.6642139449913732,45437,8.015401276464383,10.697746234464486,11.501105888164886
96664,1151,92122,zip,CA,CA,San Diego,"San Diego-Chula Vista-Carlsbad, CA",San Diego County,2024-02-29,3005.2366756227434,92122,1,2024,44256,2023,98825,0.6642139449913732,45437,8.008111604474424,10.697746234464486,11.501105888164886
96664,1151,92122,zip,CA,CA,San Diego,"San Diego-Chula Vista-Carlsbad, CA",San Diego County,2024-03-31,2998.2785657392164,92122,1,2024,44256,2023,98825,0.6642139449913732,45437,8.005793591537207,10.697746234464486,11.501105888164886
96664,1151,92122,zip,CA,CA,San Diego,"San Diego-Chula Vista-Carlsbad, CA",San Diego County,2024-04-30,3034.8519422294507,92122,1,2024,44256,2023,98825,0.6642139449913732,45437,8.017917918853714,10.697746234464486,11.501105888164886
96664,1151,92122,zip,CA,CA,San Diego,"San Diego-Chula Vista-Carlsbad, CA",San Diego County,2024-05-31,3106.70403082223,92122,1,2024,44256,2023,98825,0.6642139449913732,45437,8.041317646027903,10.697746234464486,11.501105888164886
96664,1151,92122,zip,CA,CA,San Diego,"San Diego-Chula Vista-Carlsbad, CA",San Diego County,2024-06-30,3161.2984606359964,92122,1,2024,44256,2023,98825,0.6642139449913732,45437,8.058738127447064,10.697746234464486,11.501105888164886
96664,1151,92122,zip,CA,CA,San Diego,"San Diego-Chula Vista-Carlsbad, CA",San Diego County,2024-07-31,3179.8914094797824,92122,1,2024,44256,2023,98825,0.6642139449913732,45437,8.064602327228835,10.697746234464486,11.501105888164886
96664,1151,92122,zip,CA,CA,San Diego,"San Diego-Chula Vista-Carlsbad, CA",San Diego County,2024-08-31,3163.829780792806,92122,1,2024,44256,2023,98825,0.6642139449913732,45437,8.059538528702289,10.697746234464486,11.501105888164886
96664,1151,92122,zip,CA,CA,San Diego,"San Diego-Chula Vista-Carlsbad, CA",San Diego County,2024-09-30,3146.4849866272803,92122,1,2024,44256,2023,98825,0.6642139449913732,45437,8.054041231503922,10.697746234464486,11.501105888164886
96664,1151,92122,zip,CA,CA,San Diego,"San Diego-Chula Vista-Carlsbad, CA",San Diego County,2024-10-31,3142.3348083553465,92122,1,2024,44256,2023,98825,0.6642139449913732,45437,8.05272137213135,10.697746234464486,11.501105888164886
96664,1151,92122,zip,CA,CA,San Diego,"San Diego-Chula Vista-Carlsbad, CA",San Diego County,2024-11-30,3135.9012538285256,92122,1,2024,44256,2023,98825,0.6642139449913732,45437,8.05067189303721,10.697746234464486,11.501105888164886
96664,1151,92122,zip,CA,CA,San Diego,"San Diego-Chula Vista-Carlsbad, CA",San Diego County,2024-12-31,3124.7560453486485,92122,1,2024,44256,2023,98825,0.6642139449913732,45437,8.0471114936348,10.697746234464486,11.501105888164886
96667,166,92126,zip,CA,CA,San Diego,"San Diego-Chula Vista-Carlsbad, CA",San Diego County,2015-01-31,1628.2371844574106,92126,1,2015,32906,2017,92061,0.4283557731538148,81883,7.395253226649282,10.401410290946595,11.430206679793226
96667,166,92126,zip,CA,CA,San Diego,"San Diego-Chula Vista-Carlsbad, CA",San Diego County,2015-02-28,1661.3339685352153,92126,1,2015,32906,2017,92061,0.4283557731538148,81883,7.415376154143738,10.401410290946595,11.430206679793226
96667,166,92126,zip,CA,CA,San Diego,"San Diego-Chula Vista-Carlsbad, CA",San Diego County,2015-03-31,1668.367367192671,92126,1,2015,32906,2017,92061,0.4283557731538148,81883,7.419600802788823,10.401410290946595,11.430206679793226
96667,166,92126,zip,CA,CA,San Diego,"San Diego-Chula Vista-Carlsbad, CA",San Diego County,2015-04-30,1675.9618533549904,92126,1,2015,32906,2017,92061,0.4283557731538148,81883,7.4241425202549545,10.401410290946595,11.430206679793226
96667,166,92126,zip,CA,CA,San Diego,"San Diego-Chula Vista-Carlsbad, CA",San Diego County,2015-05-31,1669.8443721968654,92126,1,2015,32906,2017,92061,0.4283557731538148,81883,7.420485710767037,10.401410290946595,11.430206679793226
96667,166,92126,zip,CA,CA,San Diego,"San Diego-Chula Vista-Carlsbad, CA",San Diego County,2015-06-30,1666.261605034622,92126,1,2015,32906,2017,92061,0.4283557731538148,81883,7.418337836230628,10.401410290946595,11.430206679793226
96667,166,92126,zip,CA,CA,San Diego,"San Diego-Chula Vista-Carlsbad, CA",San Diego County,2015-07-31,1686.4942181089834,92126,1,2015,32906,2017,92061,0.4283557731538148,81883,7.430407226158433,10.401410290946595,11.430206679793226
96667,166,92126,zip,CA,CA,San Diego,"San Diego-Chula Vista-Carlsbad, CA",San Diego County,2015-08-31,1695.8227126309432,92126,1,2015,32906,2017,92061,0.4283557731538148,81883,7.435923278241081,10.401410290946595,11.430206679793226
96667,166,92126,zip,CA,CA,San Diego,"San Diego-Chula Vista-Carlsbad, CA",San Diego County,2015-09-30,1711.6673673827397,92126,1,2015,32906,2017,92061,0.4283557731538148,81883,7.445223243070944,10.401410290946595,11.430206679793226
96667,166,92126,zip,CA,CA,San Diego,"San Diego-Chula Vista-Carlsbad, CA",San Diego County,2015-10-31,1722.688044982209,92126,1,2015,32906,2017,92061,0.4283557731538148,81883,7.451641166730217,10.401410290946595,11.430206679793226
96667,166,92126,zip,CA,CA,San Diego,"San Diego-Chula Vista-Carlsbad, CA",San Diego County,2015-11-30,1723.3570272227107,92126,1,2015,32906,2017,92061,0.4283557731538148,81883,7.452029427611829,10.401410290946595,11.430206679793226
96667,166,92126,zip,CA,CA,San Diego,"San Diego-Chula Vista-Carlsbad, CA",San Diego County,2015-12-31,1743.473080085727,92126,1,2015,32906,2017,92061,0.4283557731538148,81883,7.463634425839194,10.401410290946595,11.430206679793226
96667,166,92126,zip,CA,CA,San Diego,"San Diego-Chula Vista-Carlsbad, CA",San Diego County,2016-01-31,1759.1384606661054,92126,1,2016,34979,2017,92061,0.4283557731538148,81883,7.472579457197415,10.462503160399518,11.430206679793226
96667,166,92126,zip,CA,CA,San Diego,"San Diego-Chula Vista-Carlsbad, CA",San Diego County,2016-02-29,1760.1830533172922,92126,1,2016,34979,2017,92061,0.4283557731538148,81883,7.4731730901904285,10.462503160399518,11.430206679793226
96667,166,92126,zip,CA,CA,San Diego,"San Diego-Chula Vista-Carlsbad, CA",San Diego County,2016-03-31,1762.8824862799331,92126,1,2016,34979,2017,92061,0.4283557731538148,81883,7.474705524634563,10.462503160399518,11.430206679793226
96667,166,92126,zip,CA,CA,San Diego,"San Diego-Chula Vista-Carlsbad, CA",San Diego County,2016-04-30,1747.917653407788,92126,1,2016,34979,2017,92061,0.4283557731538148,81883,7.466180446071369,10.462503160399518,11.430206679793226
96667,166,92126,zip,CA,CA,San Diego,"San Diego-Chula Vista-Carlsbad, CA",San Diego County,2016-05-31,1755.3360234806264,92126,1,2016,34979,2017,92061,0.4283557731538148,81883,7.470415583943347,10.462503160399518,11.430206679793226
96667,166,92126,zip,CA,CA,San Diego,"San Diego-Chula Vista-Carlsbad, CA",San Diego County,2016-06-30,1770.1012412844357,92126,1,2016,34979,2017,92061,0.4283557731538148,81883,7.478792022397887,10.462503160399518,11.430206679793226
96667,166,92126,zip,CA,CA,San Diego,"San Diego-Chula Vista-Carlsbad, CA",San Diego County,2016-07-31,1785.0483952317977,92126,1,2016,34979,2017,92061,0.4283557731538148,81883,7.487200806020888,10.462503160399518,11.430206679793226
96667,166,92126,zip,CA,CA,San Diego,"San Diego-Chula Vista-Carlsbad, CA",San Diego County,2016-08-31,1802.1974454553435,92126,1,2016,34979,2017,92061,0.4283557731538148,81883,7.4967620023409065,10.462503160399518,11.430206679793226
96667,166,92126,zip,CA,CA,San Diego,"San Diego-Chula Vista-Carlsbad, CA",San Diego County,2016-09-30,1805.696335510104,92126,1,2016,34979,2017,92061,0.4283557731538148,81883,7.498701577818493,10.462503160399518,11.430206679793226
96667,166,92126,zip,CA,CA,San Diego,"San Diego-Chula Vista-Carlsbad, CA",San Diego County,2016-10-31,1816.656954984354,92126,1,2016,34979,2017,92061,0.4283557731538148,81883,7.5047532530947185,10.462503160399518,11.430206679793226
96667,166,92126,zip,CA,CA,San Diego,"San Diego-Chula Vista-Carlsbad, CA",San Diego County,2016-11-30,1825.1245927277653,92126,1,2016,34979,2017,92061,0.4283557731538148,81883,7.509403533674119,10.462503160399518,11.430206679793226
96667,166,92126,zip,CA,CA,San Diego,"San Diego-Chula Vista-Carlsbad, CA",San Diego County,2016-12-31,1807.1959416138209,92126,1,2016,34979,2017,92061,0.4283557731538148,81883,7.499531719474989,10.462503160399518,11.430206679793226
96667,166,92126,zip,CA,CA,San Diego,"San Diego-Chula Vista-Carlsbad, CA",San Diego County,2017-01-31,1813.15929837151,92126,1,2017,35772,2017,92061,0.4283557731538148,81883,7.502826071413198,10.484920743466072,11.430206679793226
96667,166,92126,zip,CA,CA,San Diego,"San Diego-Chula Vista-Carlsbad, CA",San Diego County,2017-02-28,1824.0521519966544,92126,1,2017,35772,2017,92061,0.4283557731538148,81883,7.508815762328959,10.484920743466072,11.430206679793226
96667,166,92126,zip,CA,CA,San Diego,"San Diego-Chula Vista-Carlsbad, CA",San Diego County,2017-03-31,1855.109709715403,92126,1,2017,35772,2017,92061,0.4283557731538148,81883,7.525699115996396,10.484920743466072,11.430206679793226
96667,166,92126,zip,CA,CA,San Diego,"San Diego-Chula Vista-Carlsbad, CA",San Diego County,2017-04-30,1874.5646987372284,92126,1,2017,35772,2017,92061,0.4283557731538148,81883,7.536131750777572,10.484920743466072,11.430206679793226
96667,166,92126,zip,CA,CA,San Diego,"San Diego-Chula Vista-Carlsbad, CA",San Diego County,2017-05-31,1892.0980343734336,92126,1,2017,35772,2017,92061,0.4283557731538148,81883,7.545441563477408,10.484920743466072,11.430206679793226
96667,166,92126,zip,CA,CA,San Diego,"San Diego-Chula Vista-Carlsbad, CA",San Diego County,2017-06-30,1907.980589905511,92126,1,2017,35772,2017,92061,0.4283557731538148,81883,7.553800678950989,10.484920743466072,11.430206679793226
96667,166,92126,zip,CA,CA,San Diego,"San Diego-Chula Vista-Carlsbad, CA",San Diego County,2017-07-31,1907.4481701258685,92126,1,2017,35772,2017,92061,0.4283557731538148,81883,7.553521591164748,10.484920743466072,11.430206679793226
96667,166,92126,zip,CA,CA,San Diego,"San Diego-Chula Vista-Carlsbad, CA",San Diego County,2017-08-31,1912.614816492557,92126,1,2017,35772,2017,92061,0.4283557731538148,81883,7.556226598666027,10.484920743466072,11.430206679793226
96667,166,92126,zip,CA,CA,San Diego,"San Diego-Chula Vista-Carlsbad, CA",San Diego County,2017-09-30,1910.968108245533,92126,1,2017,35772,2017,92061,0.4283557731538148,81883,7.555365255584814,10.484920743466072,11.430206679793226
96667,166,92126,zip,CA,CA,San Diego,"San Diego-Chula Vista-Carlsbad, CA",San Diego County,2017-10-31,1927.3180447391967,92126,1,2017,35772,2017,92061,0.4283557731538148,81883,7.563884701365061,10.484920743466072,11.430206679793226
96667,166,92126,zip,CA,CA,San Diego,"San Diego-Chula Vista-Carlsbad, CA",San Diego County,2017-11-30,1927.6352989143984,92126,1,2017,35772,2017,92061,0.4283557731538148,81883,7.564049296963313,10.484920743466072,11.430206679793226
96667,166,92126,zip,CA,CA,San Diego,"San Diego-Chula Vista-Carlsbad, CA",San Diego County,2017-12-31,1936.035822144598,92126,1,2017,35772,2017,92061,0.4283557731538148,81883,7.568397770839203,10.484920743466072,11.430206679793226
96667,166,92126,zip,CA,CA,San Diego,"San Diego-Chula Vista-Carlsbad, CA",San Diego County,2018-01-31,1939.412258635888,92126,1,2018,37887,2017,92061,0.4283557731538148,81883,7.570140246689847,10.54236332431428,11.430206679793226
96667,166,92126,zip,CA,CA,San Diego,"San Diego-Chula Vista-Carlsbad, CA",San Diego County,2018-02-28,1948.6342668506825,92126,1,2018,37887,2017,92061,0.4283557731538148,81883,7.574884030205953,10.54236332431428,11.430206679793226
96667,166,92126,zip,CA,CA,San Diego,"San Diego-Chula Vista-Carlsbad, CA",San Diego County,2018-03-31,1968.000055150382,92126,1,2018,37887,2017,92061,0.4283557731538148,81883,7.584773105635766,10.54236332431428,11.430206679793226
96667,166,92126,zip,CA,CA,San Diego,"San Diego-Chula Vista-Carlsbad, CA",San Diego County,2018-04-30,1977.644560542731,92126,1,2018,37887,2017,92061,0.4283557731538148,81883,7.589661799646414,10.54236332431428,11.430206679793226
96667,166,92126,zip,CA,CA,San Diego,"San Diego-Chula Vista-Carlsbad, CA",San Diego County,2018-05-31,1988.9869584943667,92126,1,2018,37887,2017,92061,0.4283557731538148,81883,7.595380722017175,10.54236332431428,11.430206679793226
96667,166,92126,zip,CA,CA,San Diego,"San Diego-Chula Vista-Carlsbad, CA",San Diego County,2018-06-30,1994.0894222376096,92126,1,2018,37887,2017,92061,0.4283557731538148,81883,7.5979427951720195,10.54236332431428,11.430206679793226
96667,166,92126,zip,CA,CA,San Diego,"San Diego-Chula Vista-Carlsbad, CA",San Diego County,2018-07-31,2000.276231711952,92126,1,2018,37887,2017,92061,0.4283557731538148,81883,7.6010405658609415,10.54236332431428,11.430206679793226
96667,166,92126,zip,CA,CA,San Diego,"San Diego-Chula Vista-Carlsbad, CA",San Diego County,2018-08-31,1999.8500042185108,92126,1,2018,37887,2017,92061,0.4283557731538148,81883,7.600827458838856,10.54236332431428,11.430206679793226
96667,166,92126,zip,CA,CA,San Diego,"San Diego-Chula Vista-Carlsbad, CA",San Diego County,2018-09-30,2002.4035866980464,92126,1,2018,37887,2017,92061,0.4283557731538148,81883,7.602103531315544,10.54236332431428,11.430206679793226
96667,166,92126,zip,CA,CA,San Diego,"San Diego-Chula Vista-Carlsbad, CA",San Diego County,2018-10-31,2003.312505402264,92126,1,2018,37887,2017,92061,0.4283557731538148,81883,7.602557342169293,10.54236332431428,11.430206679793226
96667,166,92126,zip,CA,CA,San Diego,"San Diego-Chula Vista-Carlsbad, CA",San Diego County,2018-11-30,1997.4663313611272,92126,1,2018,37887,2017,92061,0.4283557731538148,81883,7.599634822109704,10.54236332431428,11.430206679793226
96667,166,92126,zip,CA,CA,San Diego,"San Diego-Chula Vista-Carlsbad, CA",San Diego County,2018-12-31,2024.3794090738488,92126,1,2018,37887,2017,92061,0.4283557731538148,81883,7.613018467915861,10.54236332431428,11.430206679793226
96667,166,92126,zip,CA,CA,San Diego,"San Diego-Chula Vista-Carlsbad, CA",San Diego County,2019-01-31,2035.1308411667449,92126,1,2019,38736,2019,96915,0.4661749543976525,82658,7.618315391223468,10.56452467917784,11.481589584660375
96667,166,92126,zip,CA,CA,San Diego,"San Diego-Chula Vista-Carlsbad, CA",San Diego County,2019-02-28,2050.678661975021,92126,1,2019,38736,2019,96915,0.4661749543976525,82658,7.625926071967926,10.56452467917784,11.481589584660375
96667,166,92126,zip,CA,CA,San Diego,"San Diego-Chula Vista-Carlsbad, CA",San Diego County,2019-03-31,2023.6605980456748,92126,1,2019,38736,2019,96915,0.4661749543976525,82658,7.61266332763342,10.56452467917784,11.481589584660375
96667,166,92126,zip,CA,CA,San Diego,"San Diego-Chula Vista-Carlsbad, CA",San Diego County,2019-04-30,2028.2182551275607,92126,1,2019,38736,2019,96915,0.4661749543976525,82658,7.614912979791941,10.56452467917784,11.481589584660375
96667,166,92126,zip,CA,CA,San Diego,"San Diego-Chula Vista-Carlsbad, CA",San Diego County,2019-05-31,2042.884061514668,92126,1,2019,38736,2019,96915,0.4661749543976525,82658,7.622117844071092,10.56452467917784,11.481589584660375
96667,166,92126,zip,CA,CA,San Diego,"San Diego-Chula Vista-Carlsbad, CA",San Diego County,2019-06-30,2065.148577415768,92126,1,2019,38736,2019,96915,0.4661749543976525,82658,7.632957453129238,10.56452467917784,11.481589584660375
96667,166,92126,zip,CA,CA,San Diego,"San Diego-Chula Vista-Carlsbad, CA",San Diego County,2019-07-31,2079.6167468943804,92126,1,2019,38736,2019,96915,0.4661749543976525,82658,7.639938899417308,10.56452467917784,11.481589584660375
96667,166,92126,zip,CA,CA,San Diego,"San Diego-Chula Vista-Carlsbad, CA",San Diego County,2019-08-31,2093.3440690121643,92126,1,2019,38736,2019,96915,0.4661749543976525,82658,7.646518099289979,10.56452467917784,11.481589584660375
96667,166,92126,zip,CA,CA,San Diego,"San Diego-Chula Vista-Carlsbad, CA",San Diego County,2019-09-30,2104.087108213708,92126,1,2019,38736,2019,96915,0.4661749543976525,82658,7.651636974242849,10.56452467917784,11.481589584660375
96667,166,92126,zip,CA,CA,San Diego,"San Diego-Chula Vista-Carlsbad, CA",San Diego County,2019-10-31,2103.753056137481,92126,1,2019,38736,2019,96915,0.4661749543976525,82658,7.651478198213399,10.56452467917784,11.481589584660375
96667,166,92126,zip,CA,CA,San Diego,"San Diego-Chula Vista-Carlsbad, CA",San Diego County,2019-11-30,2100.248055759961,92126,1,2019,38736,2019,96915,0.4661749543976525,82658,7.649810738526143,10.56452467917784,11.481589584660375
96667,166,92126,zip,CA,CA,San Diego,"San Diego-Chula Vista-Carlsbad, CA",San Diego County,2019-12-31,2097.250927407192,92126,1,2019,38736,2019,96915,0.4661749543976525,82658,7.648382683927852,10.56452467917784,11.481589584660375
96667,166,92126,zip,CA,CA,San Diego,"San Diego-Chula Vista-Carlsbad, CA",San Diego County,2020-01-31,2109.765323538086,92126,1,2020,39576,2019,96915,0.4661749543976525,82658,7.654331999212593,10.585978152907545,11.481589584660375
96667,166,92126,zip,CA,CA,San Diego,"San Diego-Chula Vista-Carlsbad, CA",San Diego County,2020-02-29,2108.4257809299297,92126,1,2020,39576,2019,96915,0.4661749543976525,82658,7.6536968726287045,10.585978152907545,11.481589584660375
96667,166,92126,zip,CA,CA,San Diego,"San Diego-Chula Vista-Carlsbad, CA",San Diego County,2020-03-31,2103.395540034817,92126,1,2020,39576,2019,96915,0.4661749543976525,82658,7.651308241723699,10.585978152907545,11.481589584660375
96667,166,92126,zip,CA,CA,San Diego,"San Diego-Chula Vista-Carlsbad, CA",San Diego County,2020-04-30,2100.7922680599404,92126,1,2020,39576,2019,96915,0.4661749543976525,82658,7.650069823067625,10.585978152907545,11.481589584660375
96667,166,92126,zip,CA,CA,San Diego,"San Diego-Chula Vista-Carlsbad, CA",San Diego County,2020-05-31,2105.632079674625,92126,1,2020,39576,2019,96915,0.4661749543976525,82658,7.652370976422722,10.585978152907545,11.481589584660375
96667,166,92126,zip,CA,CA,San Diego,"San Diego-Chula Vista-Carlsbad, CA",San Diego County,2020-06-30,2112.818744668973,92126,1,2020,39576,2019,96915,0.4661749543976525,82658,7.655778232899726,10.585978152907545,11.481589584660375
96667,166,92126,zip,CA,CA,San Diego,"San Diego-Chula Vista-Carlsbad, CA",San Diego County,2020-07-31,2116.326991130484,92126,1,2020,39576,2019,96915,0.4661749543976525,82658,7.657437313709608,10.585978152907545,11.481589584660375
96667,166,92126,zip,CA,CA,San Diego,"San Diego-Chula Vista-Carlsbad, CA",San Diego County,2020-08-31,2118.415134145976,92126,1,2020,39576,2019,96915,0.4661749543976525,82658,7.658423509857076,10.585978152907545,11.481589584660375
96667,166,92126,zip,CA,CA,San Diego,"San Diego-Chula Vista-Carlsbad, CA",San Diego County,2020-09-30,2122.348639719277,92126,1,2020,39576,2019,96915,0.4661749543976525,82658,7.660278603378481,10.585978152907545,11.481589584660375
96667,166,92126,zip,CA,CA,San Diego,"San Diego-Chula Vista-Carlsbad, CA",San Diego County,2020-10-31,2127.8129464910985,92126,1,2020,39576,2019,96915,0.4661749543976525,82658,7.662849945512998,10.585978152907545,11.481589584660375
96667,166,92126,zip,CA,CA,San Diego,"San Diego-Chula Vista-Carlsbad, CA",San Diego County,2020-11-30,2124.682337053298,92126,1,2020,39576,2019,96915,0.4661749543976525,82658,7.661377581738499,10.585978152907545,11.481589584660375
96667,166,92126,zip,CA,CA,San Diego,"San Diego-Chula Vista-Carlsbad, CA",San Diego County,2020-12-31,2156.5390680380447,92126,1,2020,39576,2019,96915,0.4661749543976525,82658,7.676259932333742,10.585978152907545,11.481589584660375
96667,166,92126,zip,CA,CA,San Diego,"San Diego-Chula Vista-Carlsbad, CA",San Diego County,2021-01-31,2152.4194177855684,92126,1,2021,41885,2021,105284,0.4612295707344496,78097,7.674347799032279,10.64268304658791,11.564416739758366
96667,166,92126,zip,CA,CA,San Diego,"San Diego-Chula Vista-Carlsbad, CA",San Diego County,2021-02-28,2165.995916961544,92126,1,2021,41885,2021,105284,0.4612295707344496,78097,7.680635542499854,10.64268304658791,11.564416739758366
96667,166,92126,zip,CA,CA,San Diego,"San Diego-Chula Vista-Carlsbad, CA",San Diego County,2021-03-31,2152.998745308159,92126,1,2021,41885,2021,105284,0.4612295707344496,78097,7.674616914599753,10.64268304658791,11.564416739758366
96667,166,92126,zip,CA,CA,San Diego,"San Diego-Chula Vista-Carlsbad, CA",San Diego County,2021-04-30,2185.093858666401,92126,1,2021,41885,2021,105284,0.4612295707344496,78097,7.689414062518508,10.64268304658791,11.564416739758366
96667,166,92126,zip,CA,CA,San Diego,"San Diego-Chula Vista-Carlsbad, CA",San Diego County,2021-05-31,2211.542891618751,92126,1,2021,41885,2021,105284,0.4612295707344496,78097,7.701445691928693,10.64268304658791,11.564416739758366
96667,166,92126,zip,CA,CA,San Diego,"San Diego-Chula Vista-Carlsbad, CA",San Diego County,2021-06-30,2255.4744923694298,92126,1,2021,41885,2021,105284,0.4612295707344496,78097,7.721115647704223,10.64268304658791,11.564416739758366
96667,166,92126,zip,CA,CA,San Diego,"San Diego-Chula Vista-Carlsbad, CA",San Diego County,2021-07-31,2307.8346729788072,92126,1,2021,41885,2021,105284,0.4612295707344496,78097,7.744064992904056,10.64268304658791,11.564416739758366
96667,166,92126,zip,CA,CA,San Diego,"San Diego-Chula Vista-Carlsbad, CA",San Diego County,2021-08-31,2374.298100641911,92126,1,2021,41885,2021,105284,0.4612295707344496,78097,7.772457136217376,10.64268304658791,11.564416739758366
96667,166,92126,zip,CA,CA,San Diego,"San Diego-Chula Vista-Carlsbad, CA",San Diego County,2021-09-30,2445.55892041322,92126,1,2021,41885,2021,105284,0.4612295707344496,78097,7.80202897309061,10.64268304658791,11.564416739758366
96667,166,92126,zip,CA,CA,San Diego,"San Diego-Chula Vista-Carlsbad, CA",San Diego County,2021-10-31,2495.3579642486898,92126,1,2021,41885,2021,105284,0.4612295707344496,78097,7.822187470539169,10.64268304658791,11.564416739758366
96667,166,92126,zip,CA,CA,San Diego,"San Diego-Chula Vista-Carlsbad, CA",San Diego County,2021-11-30,2541.77800789448,92126,1,2021,41885,2021,105284,0.4612295707344496,78097,7.840619118232745,10.64268304658791,11.564416739758366
96667,166,92126,zip,CA,CA,San Diego,"San Diego-Chula Vista-Carlsbad, CA",San Diego County,2021-12-31,2552.9434033208067,92126,1,2021,41885,2021,105284,0.4612295707344496,78097,7.8450022483004185,10.64268304658791,11.564416739758366
96667,166,92126,zip,CA,CA,San Diego,"San Diego-Chula Vista-Carlsbad, CA",San Diego County,2022-01-31,2573.3874103488565,92126,1,2022,42006,2021,105284,0.4612295707344496,78097,7.852978368514184,10.645567744205252,11.564416739758366
96667,166,92126,zip,CA,CA,San Diego,"San Diego-Chula Vista-Carlsbad, CA",San Diego County,2022-02-28,2607.636166158962,92126,1,2022,42006,2021,105284,0.4612295707344496,78097,7.866199406473671,10.645567744205252,11.564416739758366
96667,166,92126,zip,CA,CA,San Diego,"San Diego-Chula Vista-Carlsbad, CA",San Diego County,2022-03-31,2642.811867777758,92126,1,2022,42006,2021,105284,0.4612295707344496,78097,7.879598730753245,10.645567744205252,11.564416739758366
96667,166,92126,zip,CA,CA,San Diego,"San Diego-Chula Vista-Carlsbad, CA",San Diego County,2022-04-30,2681.63873436172,92126,1,2022,42006,2021,105284,0.4612295707344496,78097,7.894183354679908,10.645567744205252,11.564416739758366
96667,166,92126,zip,CA,CA,San Diego,"San Diego-Chula Vista-Carlsbad, CA",San Diego County,2022-05-31,2702.5295119690177,92126,1,2022,42006,2021,105284,0.4612295707344496,78097,7.901943469701293,10.645567744205252,11.564416739758366
96667,166,92126,zip,CA,CA,San Diego,"San Diego-Chula Vista-Carlsbad, CA",San Diego County,2022-06-30,2733.213431528715,92126,1,2022,42006,2021,105284,0.4612295707344496,78097,7.913233277108186,10.645567744205252,11.564416739758366
96667,166,92126,zip,CA,CA,San Diego,"San Diego-Chula Vista-Carlsbad, CA",San Diego County,2022-07-31,2753.238886578926,92126,1,2022,42006,2021,105284,0.4612295707344496,78097,7.920533274563258,10.645567744205252,11.564416739758366
96667,166,92126,zip,CA,CA,San Diego,"San Diego-Chula Vista-Carlsbad, CA",San Diego County,2022-08-31,2779.832214865146,92126,1,2022,42006,2021,105284,0.4612295707344496,78097,7.93014585049823,10.645567744205252,11.564416739758366
96667,166,92126,zip,CA,CA,San Diego,"San Diego-Chula Vista-Carlsbad, CA",San Diego County,2022-09-30,2774.93490993353,92126,1,2022,42006,2021,105284,0.4612295707344496,78097,7.928382570025632,10.645567744205252,11.564416739758366
96667,166,92126,zip,CA,CA,San Diego,"San Diego-Chula Vista-Carlsbad, CA",San Diego County,2022-10-31,2769.0072013800404,92126,1,2022,42006,2021,105284,0.4612295707344496,78097,7.926244123882654,10.645567744205252,11.564416739758366
96667,166,92126,zip,CA,CA,San Diego,"San Diego-Chula Vista-Carlsbad, CA",San Diego County,2022-11-30,2741.2328428688934,92126,1,2022,42006,2021,105284,0.4612295707344496,78097,7.9161630408411545,10.645567744205252,11.564416739758366
96667,166,92126,zip,CA,CA,San Diego,"San Diego-Chula Vista-Carlsbad, CA",San Diego County,2022-12-31,2732.2841732898405,92126,1,2022,42006,2021,105284,0.4612295707344496,78097,7.912893231858872,10.645567744205252,11.564416739758366
96667,166,92126,zip,CA,CA,San Diego,"San Diego-Chula Vista-Carlsbad, CA",San Diego County,2023-01-31,2731.418487952743,92126,1,2023,42376,2023,123232,0.4728497820055489,77239,7.9125763458941645,10.654337443224362,11.721824036614635
96667,166,92126,zip,CA,CA,San Diego,"San Diego-Chula Vista-Carlsbad, CA",San Diego County,2023-02-28,2760.577889505308,92126,1,2023,42376,2023,123232,0.4728497820055489,77239,7.923195317049756,10.654337443224362,11.721824036614635
96667,166,92126,zip,CA,CA,San Diego,"San Diego-Chula Vista-Carlsbad, CA",San Diego County,2023-03-31,2807.122230608089,92126,1,2023,42376,2023,123232,0.4728497820055489,77239,7.9399151203401175,10.654337443224362,11.721824036614635
96667,166,92126,zip,CA,CA,San Diego,"San Diego-Chula Vista-Carlsbad, CA",San Diego County,2023-04-30,2845.748728532634,92126,1,2023,42376,2023,123232,0.4728497820055489,77239,7.953581485410052,10.654337443224362,11.721824036614635
96667,166,92126,zip,CA,CA,San Diego,"San Diego-Chula Vista-Carlsbad, CA",San Diego County,2023-05-31,2880.901947200691,92126,1,2023,42376,2023,123232,0.4728497820055489,77239,7.965858700211941,10.654337443224362,11.721824036614635
96667,166,92126,zip,CA,CA,San Diego,"San Diego-Chula Vista-Carlsbad, CA",San Diego County,2023-06-30,2895.27455448768,92126,1,2023,42376,2023,123232,0.4728497820055489,77239,7.970835222984462,10.654337443224362,11.721824036614635
96667,166,92126,zip,CA,CA,San Diego,"San Diego-Chula Vista-Carlsbad, CA",San Diego County,2023-07-31,2913.513093214274,92126,1,2023,42376,2023,123232,0.4728497820055489,77239,7.9771148805542476,10.654337443224362,11.721824036614635
96667,166,92126,zip,CA,CA,San Diego,"San Diego-Chula Vista-Carlsbad, CA",San Diego County,2023-08-31,2915.055964635427,92126,1,2023,42376,2023,123232,0.4728497820055489,77239,7.97764429744607,10.654337443224362,11.721824036614635
96667,166,92126,zip,CA,CA,San Diego,"San Diego-Chula Vista-Carlsbad, CA",San Diego County,2023-09-30,2918.958742850413,92126,1,2023,42376,2023,123232,0.4728497820055489,77239,7.978982236753,10.654337443224362,11.721824036614635
96667,166,92126,zip,CA,CA,San Diego,"San Diego-Chula Vista-Carlsbad, CA",San Diego County,2023-10-31,2891.1989327570886,92126,1,2023,42376,2023,123232,0.4728497820055489,77239,7.969426550702965,10.654337443224362,11.721824036614635
96667,166,92126,zip,CA,CA,San Diego,"San Diego-Chula Vista-Carlsbad, CA",San Diego County,2023-11-30,2863.6764927975137,92126,1,2023,42376,2023,123232,0.4728497820055489,77239,7.9598615652750295,10.654337443224362,11.721824036614635
96667,166,92126,zip,CA,CA,San Diego,"San Diego-Chula Vista-Carlsbad, CA",San Diego County,2023-12-31,2836.657552848936,92126,1,2023,42376,2023,123232,0.4728497820055489,77239,7.950381720032434,10.654337443224362,11.721824036614635
96667,166,92126,zip,CA,CA,San Diego,"San Diego-Chula Vista-Carlsbad, CA",San Diego County,2024-01-31,2835.4220453722905,92126,1,2024,44256,2023,123232,0.4728497820055489,77239,7.949946074701725,10.697746234464486,11.721824036614635
96667,166,92126,zip,CA,CA,San Diego,"San Diego-Chula Vista-Carlsbad, CA",San Diego County,2024-02-29,2834.9183837292853,92126,1,2024,44256,2023,123232,0.4728497820055489,77239,7.949768426939435,10.697746234464486,11.721824036614635
96667,166,92126,zip,CA,CA,San Diego,"San Diego-Chula Vista-Carlsbad, CA",San Diego County,2024-03-31,2840.463295183099,92126,1,2024,44256,2023,123232,0.4728497820055489,77239,7.951722449957382,10.697746234464486,11.721824036614635
96667,166,92126,zip,CA,CA,San Diego,"San Diego-Chula Vista-Carlsbad, CA",San Diego County,2024-04-30,2855.053766179354,92126,1,2024,44256,2023,123232,0.4728497820055489,77239,7.956845954199775,10.697746234464486,11.721824036614635
96667,166,92126,zip,CA,CA,San Diego,"San Diego-Chula Vista-Carlsbad, CA",San Diego County,2024-05-31,2870.458709938274,92126,1,2024,44256,2023,123232,0.4728497820055489,77239,7.962227125229119,10.697746234464486,11.721824036614635
96667,166,92126,zip,CA,CA,San Diego,"San Diego-Chula Vista-Carlsbad, CA",San Diego County,2024-06-30,2896.208293267918,92126,1,2024,44256,2023,123232,0.4728497820055489,77239,7.971157675390132,10.697746234464486,11.721824036614635
96667,166,92126,zip,CA,CA,San Diego,"San Diego-Chula Vista-Carlsbad, CA",San Diego County,2024-07-31,2916.74655055372,92126,1,2024,44256,2023,123232,0.4728497820055489,77239,7.9782240790697605,10.697746234464486,11.721824036614635
96667,166,92126,zip,CA,CA,San Diego,"San Diego-Chula Vista-Carlsbad, CA",San Diego County,2024-08-31,2931.7860599337964,92126,1,2024,44256,2023,123232,0.4728497820055489,77239,7.983367093063876,10.697746234464486,11.721824036614635
96667,166,92126,zip,CA,CA,San Diego,"San Diego-Chula Vista-Carlsbad, CA",San Diego County,2024-09-30,2937.021714537912,92126,1,2024,44256,2023,123232,0.4728497820055489,77239,7.985151324612866,10.697746234464486,11.721824036614635
96667,166,92126,zip,CA,CA,San Diego,"San Diego-Chula Vista-Carlsbad, CA",San Diego County,2024-10-31,2929.853851870393,92126,1,2024,44256,2023,123232,0.4728497820055489,77239,7.982707820859353,10.697746234464486,11.721824036614635
96667,166,92126,zip,CA,CA,San Diego,"San Diego-Chula Vista-Carlsbad, CA",San Diego County,2024-11-30,2905.7322039524474,92126,1,2024,44256,2023,123232,0.4728497820055489,77239,7.974440687080198,10.697746234464486,11.721824036614635
96667,166,92126,zip,CA,CA,San Diego,"San Diego-Chula Vista-Carlsbad, CA",San Diego County,2024-12-31,2892.2985674689994,92126,1,2024,44256,2023,123232,0.4728497820055489,77239,7.969806817047031,10.697746234464486,11.721824036614635
96669,1063,92128,zip,CA,CA,San Diego,"San Diego-Chula Vista-Carlsbad, CA",San Diego County,2015-01-31,1715.4565937007403,92128,0,2015,32906,2017,94925,0.3594328590917949,50473,7.447434559559705,10.401410290946595,11.460842385100003
96669,1063,92128,zip,CA,CA,San Diego,"San Diego-Chula Vista-Carlsbad, CA",San Diego County,2015-02-28,1735.4564964327944,92128,0,2015,32906,2017,94925,0.3594328590917949,50473,7.45902576810941,10.401410290946595,11.460842385100003
96669,1063,92128,zip,CA,CA,San Diego,"San Diego-Chula Vista-Carlsbad, CA",San Diego County,2015-03-31,1729.709832389835,92128,0,2015,32906,2017,94925,0.3594328590917949,50473,7.455708946481796,10.401410290946595,11.460842385100003
96669,1063,92128,zip,CA,CA,San Diego,"San Diego-Chula Vista-Carlsbad, CA",San Diego County,2015-04-30,1731.0593071979342,92128,0,2015,32906,2017,94925,0.3594328590917949,50473,7.456488816402073,10.401410290946595,11.460842385100003
96669,1063,92128,zip,CA,CA,San Diego,"San Diego-Chula Vista-Carlsbad, CA",San Diego County,2015-05-31,1732.8684476674364,92128,0,2015,32906,2017,94925,0.3594328590917949,50473,7.457533376659693,10.401410290946595,11.460842385100003
96669,1063,92128,zip,CA,CA,San Diego,"San Diego-Chula Vista-Carlsbad, CA",San Diego County,2015-06-30,1758.3850556993978,92128,0,2015,32906,2017,94925,0.3594328590917949,50473,7.472151084807167,10.401410290946595,11.460842385100003
96669,1063,92128,zip,CA,CA,San Diego,"San Diego-Chula Vista-Carlsbad, CA",San Diego County,2015-07-31,1776.8748264490885,92128,0,2015,32906,2017,94925,0.3594328590917949,50473,7.482611384733272,10.401410290946595,11.460842385100003
96669,1063,92128,zip,CA,CA,San Diego,"San Diego-Chula Vista-Carlsbad, CA",San Diego County,2015-08-31,1778.0923743007268,92128,0,2015,32906,2017,94925,0.3594328590917949,50473,7.483296368774187,10.401410290946595,11.460842385100003
96669,1063,92128,zip,CA,CA,San Diego,"San Diego-Chula Vista-Carlsbad, CA",San Diego County,2015-09-30,1789.369360962381,92128,0,2015,32906,2017,94925,0.3594328590917949,50473,7.489618524446719,10.401410290946595,11.460842385100003
96669,1063,92128,zip,CA,CA,San Diego,"San Diego-Chula Vista-Carlsbad, CA",San Diego County,2015-10-31,1782.3673597945842,92128,0,2015,32906,2017,94925,0.3594328590917949,50473,7.48569773706225,10.401410290946595,11.460842385100003
96669,1063,92128,zip,CA,CA,San Diego,"San Diego-Chula Vista-Carlsbad, CA",San Diego County,2015-11-30,1793.3509225887565,92128,0,2015,32906,2017,94925,0.3594328590917949,50473,7.491841172574615,10.401410290946595,11.460842385100003
96669,1063,92128,zip,CA,CA,San Diego,"San Diego-Chula Vista-Carlsbad, CA",San Diego County,2015-12-31,1800.8789661261503,92128,0,2015,32906,2017,94925,0.3594328590917949,50473,7.49603013921205,10.401410290946595,11.460842385100003
96669,1063,92128,zip,CA,CA,San Diego,"San Diego-Chula Vista-Carlsbad, CA",San Diego County,2016-01-31,1814.154257680252,92128,0,2016,34979,2017,94925,0.3594328590917949,50473,7.5033746643695665,10.462503160399518,11.460842385100003
96669,1063,92128,zip,CA,CA,San Diego,"San Diego-Chula Vista-Carlsbad, CA",San Diego County,2016-02-29,1824.473398423148,92128,0,2016,34979,2017,94925,0.3594328590917949,50473,7.50904667556914,10.462503160399518,11.460842385100003
96669,1063,92128,zip,CA,CA,San Diego,"San Diego-Chula Vista-Carlsbad, CA",San Diego County,2016-03-31,1830.2414549334628,92128,0,2016,34979,2017,94925,0.3594328590917949,50473,7.512203179718401,10.462503160399518,11.460842385100003
96669,1063,92128,zip,CA,CA,San Diego,"San Diego-Chula Vista-Carlsbad, CA",San Diego County,2016-04-30,1842.798680637324,92128,0,2016,34979,2017,94925,0.3594328590917949,50473,7.51904071710607,10.462503160399518,11.460842385100003
96669,1063,92128,zip,CA,CA,San Diego,"San Diego-Chula Vista-Carlsbad, CA",San Diego County,2016-05-31,1858.6112769018537,92128,0,2016,34979,2017,94925,0.3594328590917949,50473,7.527584862522165,10.462503160399518,11.460842385100003
96669,1063,92128,zip,CA,CA,San Diego,"San Diego-Chula Vista-Carlsbad, CA",San Diego County,2016-06-30,1868.945040943693,92128,0,2016,34979,2017,94925,0.3594328590917949,50473,7.53312940142861,10.462503160399518,11.460842385100003
96669,1063,92128,zip,CA,CA,San Diego,"San Diego-Chula Vista-Carlsbad, CA",San Diego County,2016-07-31,1863.5381103761008,92128,0,2016,34979,2017,94925,0.3594328590917949,50473,7.53023216967671,10.462503160399518,11.460842385100003
96669,1063,92128,zip,CA,CA,San Diego,"San Diego-Chula Vista-Carlsbad, CA",San Diego County,2016-08-31,1862.6988872826728,92128,0,2016,34979,2017,94925,0.3594328590917949,50473,7.529781729670804,10.462503160399518,11.460842385100003
96669,1063,92128,zip,CA,CA,San Diego,"San Diego-Chula Vista-Carlsbad, CA",San Diego County,2016-09-30,1854.0430554313912,92128,0,2016,34979,2017,94925,0.3594328590917949,50473,7.525123968850429,10.462503160399518,11.460842385100003
96669,1063,92128,zip,CA,CA,San Diego,"San Diego-Chula Vista-Carlsbad, CA",San Diego County,2016-10-31,1858.247303638152,92128,0,2016,34979,2017,94925,0.3594328590917949,50473,7.527389012582233,10.462503160399518,11.460842385100003
96669,1063,92128,zip,CA,CA,San Diego,"San Diego-Chula Vista-Carlsbad, CA",San Diego County,2016-11-30,1879.4453892241204,92128,0,2016,34979,2017,94925,0.3594328590917949,50473,7.5387320065693935,10.462503160399518,11.460842385100003
96669,1063,92128,zip,CA,CA,San Diego,"San Diego-Chula Vista-Carlsbad, CA",San Diego County,2016-12-31,1882.020165253875,92128,0,2016,34979,2017,94925,0.3594328590917949,50473,7.540101034888068,10.462503160399518,11.460842385100003
96669,1063,92128,zip,CA,CA,San Diego,"San Diego-Chula Vista-Carlsbad, CA",San Diego County,2017-01-31,1899.0977596203884,92128,0,2017,35772,2017,94925,0.3594328590917949,50473,7.5491341890135315,10.484920743466072,11.460842385100003
96669,1063,92128,zip,CA,CA,San Diego,"San Diego-Chula Vista-Carlsbad, CA",San Diego County,2017-02-28,1902.2572684211525,92128,0,2017,35772,2017,94925,0.3594328590917949,50473,7.550796496009328,10.484920743466072,11.460842385100003
96669,1063,92128,zip,CA,CA,San Diego,"San Diego-Chula Vista-Carlsbad, CA",San Diego County,2017-03-31,1919.94875546298,92128,0,2017,35772,2017,94925,0.3594328590917949,50473,7.560053774802615,10.484920743466072,11.460842385100003
96669,1063,92128,zip,CA,CA,San Diego,"San Diego-Chula Vista-Carlsbad, CA",San Diego County,2017-04-30,1935.0600772547432,92128,0,2017,35772,2017,94925,0.3594328590917949,50473,7.567893652658783,10.484920743466072,11.460842385100003
96669,1063,92128,zip,CA,CA,San Diego,"San Diego-Chula Vista-Carlsbad, CA",San Diego County,2017-05-31,1949.747654480312,92128,0,2017,35772,2017,94925,0.3594328590917949,50473,7.5754552352250455,10.484920743466072,11.460842385100003
96669,1063,92128,zip,CA,CA,San Diego,"San Diego-Chula Vista-Carlsbad, CA",San Diego County,2017-06-30,1967.434505143812,92128,0,2017,35772,2017,94925,0.3594328590917949,50473,7.584485691373479,10.484920743466072,11.460842385100003
96669,1063,92128,zip,CA,CA,San Diego,"San Diego-Chula Vista-Carlsbad, CA",San Diego County,2017-07-31,1981.360504525086,92128,0,2017,35772,2017,94925,0.3594328590917949,50473,7.591539011224833,10.484920743466072,11.460842385100003
96669,1063,92128,zip,CA,CA,San Diego,"San Diego-Chula Vista-Carlsbad, CA",San Diego County,2017-08-31,1979.6370672273088,92128,0,2017,35772,2017,94925,0.3594328590917949,50473,7.59066880750705,10.484920743466072,11.460842385100003
96669,1063,92128,zip,CA,CA,San Diego,"San Diego-Chula Vista-Carlsbad, CA",San Diego County,2017-09-30,1991.979898350624,92128,0,2017,35772,2017,94925,0.3594328590917949,50473,7.596884346904181,10.484920743466072,11.460842385100003
96669,1063,92128,zip,CA,CA,San Diego,"San Diego-Chula Vista-Carlsbad, CA",San Diego County,2017-10-31,1978.2501253403348,92128,0,2017,35772,2017,94925,0.3594328590917949,50473,7.5899679578485,10.484920743466072,11.460842385100003
96669,1063,92128,zip,CA,CA,San Diego,"San Diego-Chula Vista-Carlsbad, CA",San Diego County,2017-11-30,1977.308619616036,92128,0,2017,35772,2017,94925,0.3594328590917949,50473,7.589491916003196,10.484920743466072,11.460842385100003
96669,1063,92128,zip,CA,CA,San Diego,"San Diego-Chula Vista-Carlsbad, CA",San Diego County,2017-12-31,1969.8670092931563,92128,0,2017,35772,2017,94925,0.3594328590917949,50473,7.585721311480252,10.484920743466072,11.460842385100003
96669,1063,92128,zip,CA,CA,San Diego,"San Diego-Chula Vista-Carlsbad, CA",San Diego County,2018-01-31,1991.4423859580704,92128,0,2018,37887,2017,94925,0.3594328590917949,50473,7.596614472229867,10.54236332431428,11.460842385100003
96669,1063,92128,zip,CA,CA,San Diego,"San Diego-Chula Vista-Carlsbad, CA",San Diego County,2018-02-28,1997.4766747006088,92128,0,2018,37887,2017,94925,0.3594328590917949,50473,7.599640000325997,10.54236332431428,11.460842385100003
96669,1063,92128,zip,CA,CA,San Diego,"San Diego-Chula Vista-Carlsbad, CA",San Diego County,2018-03-31,2012.8147503076773,92128,0,2018,37887,2017,94925,0.3594328590917949,50473,7.607289394732289,10.54236332431428,11.460842385100003
96669,1063,92128,zip,CA,CA,San Diego,"San Diego-Chula Vista-Carlsbad, CA",San Diego County,2018-04-30,2013.4593645722464,92128,0,2018,37887,2017,94925,0.3594328590917949,50473,7.607609598599033,10.54236332431428,11.460842385100003
96669,1063,92128,zip,CA,CA,San Diego,"San Diego-Chula Vista-Carlsbad, CA",San Diego County,2018-05-31,2029.5641437950983,92128,0,2018,37887,2017,94925,0.3594328590917949,50473,7.615576341492781,10.54236332431428,11.460842385100003
96669,1063,92128,zip,CA,CA,San Diego,"San Diego-Chula Vista-Carlsbad, CA",San Diego County,2018-06-30,2035.615072397577,92128,0,2018,37887,2017,94925,0.3594328590917949,50473,7.618553299087726,10.54236332431428,11.460842385100003
96669,1063,92128,zip,CA,CA,San Diego,"San Diego-Chula Vista-Carlsbad, CA",San Diego County,2018-07-31,2051.606397720139,92128,0,2018,37887,2017,94925,0.3594328590917949,50473,7.6263783739154665,10.54236332431428,11.460842385100003
96669,1063,92128,zip,CA,CA,San Diego,"San Diego-Chula Vista-Carlsbad, CA",San Diego County,2018-08-31,2054.6519265952606,92128,0,2018,37887,2017,94925,0.3594328590917949,50473,7.627861733798367,10.54236332431428,11.460842385100003
96669,1063,92128,zip,CA,CA,San Diego,"San Diego-Chula Vista-Carlsbad, CA",San Diego County,2018-09-30,2039.3919131593336,92128,0,2018,37887,2017,94925,0.3594328590917949,50473,7.620406960618416,10.54236332431428,11.460842385100003
96669,1063,92128,zip,CA,CA,San Diego,"San Diego-Chula Vista-Carlsbad, CA",San Diego County,2018-10-31,2022.8802195455555,92128,0,2018,37887,2017,94925,0.3594328590917949,50473,7.612277626094762,10.54236332431428,11.460842385100003
96669,1063,92128,zip,CA,CA,San Diego,"San Diego-Chula Vista-Carlsbad, CA",San Diego County,2018-11-30,2015.9535425403687,92128,0,2018,37887,2017,94925,0.3594328590917949,50473,7.608847584550916,10.54236332431428,11.460842385100003
96669,1063,92128,zip,CA,CA,San Diego,"San Diego-Chula Vista-Carlsbad, CA",San Diego County,2018-12-31,2044.684525462491,92128,0,2018,37887,2017,94925,0.3594328590917949,50473,7.622998790299126,10.54236332431428,11.460842385100003
96669,1063,92128,zip,CA,CA,San Diego,"San Diego-Chula Vista-Carlsbad, CA",San Diego County,2019-01-31,2081.6829255524594,92128,0,2019,38736,2019,103238,0.3722248918789044,51357,7.640931944374658,10.56452467917784,11.5447922813086
96669,1063,92128,zip,CA,CA,San Diego,"San Diego-Chula Vista-Carlsbad, CA",San Diego County,2019-02-28,2107.586546897205,92128,0,2019,38736,2019,103238,0.3722248918789044,51357,7.653298755176214,10.56452467917784,11.5447922813086
96669,1063,92128,zip,CA,CA,San Diego,"San Diego-Chula Vista-Carlsbad, CA",San Diego County,2019-03-31,2116.1382439882564,92128,0,2019,38736,2019,103238,0.3722248918789044,51357,7.657348123541766,10.56452467917784,11.5447922813086
96669,1063,92128,zip,CA,CA,San Diego,"San Diego-Chula Vista-Carlsbad, CA",San Diego County,2019-04-30,2108.3030557773404,92128,0,2019,38736,2019,103238,0.3722248918789044,51357,7.653638663928369,10.56452467917784,11.5447922813086
96669,1063,92128,zip,CA,CA,San Diego,"San Diego-Chula Vista-Carlsbad, CA",San Diego County,2019-05-31,2114.708852519475,92128,0,2019,38736,2019,103238,0.3722248918789044,51357,7.656672423621367,10.56452467917784,11.5447922813086
96669,1063,92128,zip,CA,CA,San Diego,"San Diego-Chula Vista-Carlsbad, CA",San Diego County,2019-06-30,2127.334179782838,92128,0,2019,38736,2019,103238,0.3722248918789044,51357,7.662624916062278,10.56452467917784,11.5447922813086
96669,1063,92128,zip,CA,CA,San Diego,"San Diego-Chula Vista-Carlsbad, CA",San Diego County,2019-07-31,2134.5225544943883,92128,0,2019,38736,2019,103238,0.3722248918789044,51357,7.6659982727828035,10.56452467917784,11.5447922813086
96669,1063,92128,zip,CA,CA,San Diego,"San Diego-Chula Vista-Carlsbad, CA",San Diego County,2019-08-31,2125.098061730137,92128,0,2019,38736,2019,103238,0.3722248918789044,51357,7.661573226990326,10.56452467917784,11.5447922813086
96669,1063,92128,zip,CA,CA,San Diego,"San Diego-Chula Vista-Carlsbad, CA",San Diego County,2019-09-30,2092.601088748792,92128,0,2019,38736,2019,103238,0.3722248918789044,51357,7.646163111232003,10.56452467917784,11.5447922813086
96669,1063,92128,zip,CA,CA,San Diego,"San Diego-Chula Vista-Carlsbad, CA",San Diego County,2019-10-31,2081.6696462773634,92128,0,2019,38736,2019,103238,0.3722248918789044,51357,7.640925565248765,10.56452467917784,11.5447922813086
96669,1063,92128,zip,CA,CA,San Diego,"San Diego-Chula Vista-Carlsbad, CA",San Diego County,2019-11-30,2082.023104267662,92128,0,2019,38736,2019,103238,0.3722248918789044,51357,7.641095346263995,10.56452467917784,11.5447922813086
96669,1063,92128,zip,CA,CA,San Diego,"San Diego-Chula Vista-Carlsbad, CA",San Diego County,2019-12-31,2105.100786958869,92128,0,2019,38736,2019,103238,0.3722248918789044,51357,7.652118624760718,10.56452467917784,11.5447922813086
96669,1063,92128,zip,CA,CA,San Diego,"San Diego-Chula Vista-Carlsbad, CA",San Diego County,2020-01-31,2118.921731496619,92128,0,2020,39576,2019,103238,0.3722248918789044,51357,7.65866262105787,10.585978152907545,11.5447922813086
96669,1063,92128,zip,CA,CA,San Diego,"San Diego-Chula Vista-Carlsbad, CA",San Diego County,2020-02-29,2132.8293015379245,92128,0,2020,39576,2019,103238,0.3722248918789044,51357,7.665204687860606,10.585978152907545,11.5447922813086
96669,1063,92128,zip,CA,CA,San Diego,"San Diego-Chula Vista-Carlsbad, CA",San Diego County,2020-03-31,2139.0312084221687,92128,0,2020,39576,2019,103238,0.3722248918789044,51357,7.668108299168662,10.585978152907545,11.5447922813086
96669,1063,92128,zip,CA,CA,San Diego,"San Diego-Chula Vista-Carlsbad, CA",San Diego County,2020-04-30,2131.6196090465955,92128,0,2020,39576,2019,103238,0.3722248918789044,51357,7.664637349595268,10.585978152907545,11.5447922813086
96669,1063,92128,zip,CA,CA,San Diego,"San Diego-Chula Vista-Carlsbad, CA",San Diego County,2020-05-31,2133.315971282884,92128,0,2020,39576,2019,103238,0.3722248918789044,51357,7.665432842185388,10.585978152907545,11.5447922813086
96669,1063,92128,zip,CA,CA,San Diego,"San Diego-Chula Vista-Carlsbad, CA",San Diego County,2020-06-30,2128.858248527172,92128,0,2020,39576,2019,103238,0.3722248918789044,51357,7.663341081430806,10.585978152907545,11.5447922813086
96669,1063,92128,zip,CA,CA,San Diego,"San Diego-Chula Vista-Carlsbad, CA",San Diego County,2020-07-31,2144.5215582098285,92128,0,2020,39576,2019,103238,0.3722248918789044,51357,7.670671756697186,10.585978152907545,11.5447922813086
96669,1063,92128,zip,CA,CA,San Diego,"San Diego-Chula Vista-Carlsbad, CA",San Diego County,2020-08-31,2158.250964861226,92128,0,2020,39576,2019,103238,0.3722248918789044,51357,7.677053434172743,10.585978152907545,11.5447922813086
96669,1063,92128,zip,CA,CA,San Diego,"San Diego-Chula Vista-Carlsbad, CA",San Diego County,2020-09-30,2161.38708664594,92128,0,2020,39576,2019,103238,0.3722248918789044,51357,7.678505464318943,10.585978152907545,11.5447922813086
96669,1063,92128,zip,CA,CA,San Diego,"San Diego-Chula Vista-Carlsbad, CA",San Diego County,2020-10-31,2156.012509217966,92128,0,2020,39576,2019,103238,0.3722248918789044,51357,7.676015734061205,10.585978152907545,11.5447922813086
96669,1063,92128,zip,CA,CA,San Diego,"San Diego-Chula Vista-Carlsbad, CA",San Diego County,2020-11-30,2145.352884207651,92128,0,2020,39576,2019,103238,0.3722248918789044,51357,7.671059332613166,10.585978152907545,11.5447922813086
96669,1063,92128,zip,CA,CA,San Diego,"San Diego-Chula Vista-Carlsbad, CA",San Diego County,2020-12-31,2180.519241327704,92128,0,2020,39576,2019,103238,0.3722248918789044,51357,7.687318311517084,10.585978152907545,11.5447922813086
96669,1063,92128,zip,CA,CA,San Diego,"San Diego-Chula Vista-Carlsbad, CA",San Diego County,2021-01-31,2191.7782325485646,92128,0,2021,41885,2021,112779,0.3574883948204251,50161,7.692468471667158,10.64268304658791,11.633185430501504
96669,1063,92128,zip,CA,CA,San Diego,"San Diego-Chula Vista-Carlsbad, CA",San Diego County,2021-02-28,2207.26326592518,92128,0,2021,41885,2021,112779,0.3574883948204251,50161,7.699508685923413,10.64268304658791,11.633185430501504
96669,1063,92128,zip,CA,CA,San Diego,"San Diego-Chula Vista-Carlsbad, CA",San Diego County,2021-03-31,2202.208718095603,92128,0,2021,41885,2021,112779,0.3574883948204251,50161,7.697216098483572,10.64268304658791,11.633185430501504
96669,1063,92128,zip,CA,CA,San Diego,"San Diego-Chula Vista-Carlsbad, CA",San Diego County,2021-04-30,2230.1327259870745,92128,0,2021,41885,2021,112779,0.3574883948204251,50161,7.70981638106287,10.64268304658791,11.633185430501504
96669,1063,92128,zip,CA,CA,San Diego,"San Diego-Chula Vista-Carlsbad, CA",San Diego County,2021-05-31,2285.686432172395,92128,0,2021,41885,2021,112779,0.3574883948204251,50161,7.734421666167779,10.64268304658791,11.633185430501504
96669,1063,92128,zip,CA,CA,San Diego,"San Diego-Chula Vista-Carlsbad, CA",San Diego County,2021-06-30,2344.324164460931,92128,0,2021,41885,2021,112779,0.3574883948204251,50161,7.75975243655346,10.64268304658791,11.633185430501504
96669,1063,92128,zip,CA,CA,San Diego,"San Diego-Chula Vista-Carlsbad, CA",San Diego County,2021-07-31,2401.754688500288,92128,0,2021,41885,2021,112779,0.3574883948204251,50161,7.783954869406309,10.64268304658791,11.633185430501504
96669,1063,92128,zip,CA,CA,San Diego,"San Diego-Chula Vista-Carlsbad, CA",San Diego County,2021-08-31,2443.8511825626133,92128,0,2021,41885,2021,112779,0.3574883948204251,50161,7.8013304275057305,10.64268304658791,11.633185430501504
96669,1063,92128,zip,CA,CA,San Diego,"San Diego-Chula Vista-Carlsbad, CA",San Diego County,2021-09-30,2477.765949549513,92128,0,2021,41885,2021,112779,0.3574883948204251,50161,7.815112606376185,10.64268304658791,11.633185430501504
96669,1063,92128,zip,CA,CA,San Diego,"San Diego-Chula Vista-Carlsbad, CA",San Diego County,2021-10-31,2532.132930923305,92128,0,2021,41885,2021,112779,0.3574883948204251,50161,7.8368172822506255,10.64268304658791,11.633185430501504
96669,1063,92128,zip,CA,CA,San Diego,"San Diego-Chula Vista-Carlsbad, CA",San Diego County,2021-11-30,2554.293699746985,92128,0,2021,41885,2021,112779,0.3574883948204251,50161,7.84553102596646,10.64268304658791,11.633185430501504
96669,1063,92128,zip,CA,CA,San Diego,"San Diego-Chula Vista-Carlsbad, CA",San Diego County,2021-12-31,2597.217021177075,92128,0,2021,41885,2021,112779,0.3574883948204251,50161,7.862195774277216,10.64268304658791,11.633185430501504
96669,1063,92128,zip,CA,CA,San Diego,"San Diego-Chula Vista-Carlsbad, CA",San Diego County,2022-01-31,2606.752332738307,92128,0,2022,42006,2021,112779,0.3574883948204251,50161,7.865860408553087,10.645567744205252,11.633185430501504
96669,1063,92128,zip,CA,CA,San Diego,"San Diego-Chula Vista-Carlsbad, CA",San Diego County,2022-02-28,2667.2051765019887,92128,0,2022,42006,2021,112779,0.3574883948204251,50161,7.888786452794732,10.645567744205252,11.633185430501504
96669,1063,92128,zip,CA,CA,San Diego,"San Diego-Chula Vista-Carlsbad, CA",San Diego County,2022-03-31,2694.5619725048714,92128,0,2022,42006,2021,112779,0.3574883948204251,50161,7.898990936739746,10.645567744205252,11.633185430501504
96669,1063,92128,zip,CA,CA,San Diego,"San Diego-Chula Vista-Carlsbad, CA",San Diego County,2022-04-30,2771.7820366340675,92128,0,2022,42006,2021,112779,0.3574883948204251,50161,7.927245726855374,10.645567744205252,11.633185430501504
96669,1063,92128,zip,CA,CA,San Diego,"San Diego-Chula Vista-Carlsbad, CA",San Diego County,2022-05-31,2786.1964749882645,92128,0,2022,42006,2021,112779,0.3574883948204251,50161,7.932432674103089,10.645567744205252,11.633185430501504
96669,1063,92128,zip,CA,CA,San Diego,"San Diego-Chula Vista-Carlsbad, CA",San Diego County,2022-06-30,2819.128451082845,92128,0,2022,42006,2021,112779,0.3574883948204251,50161,7.944183056263606,10.645567744205252,11.633185430501504
96669,1063,92128,zip,CA,CA,San Diego,"San Diego-Chula Vista-Carlsbad, CA",San Diego County,2022-07-31,2807.712580748499,92128,0,2022,42006,2021,112779,0.3574883948204251,50161,7.940125402623539,10.645567744205252,11.633185430501504
96669,1063,92128,zip,CA,CA,San Diego,"San Diego-Chula Vista-Carlsbad, CA",San Diego County,2022-08-31,2821.3801315898977,92128,0,2022,42006,2021,112779,0.3574883948204251,50161,7.944981452576157,10.645567744205252,11.633185430501504
96669,1063,92128,zip,CA,CA,San Diego,"San Diego-Chula Vista-Carlsbad, CA",San Diego County,2022-09-30,2809.039609816032,92128,0,2022,42006,2021,112779,0.3574883948204251,50161,7.940597928042928,10.645567744205252,11.633185430501504
96669,1063,92128,zip,CA,CA,San Diego,"San Diego-Chula Vista-Carlsbad, CA",San Diego County,2022-10-31,2792.253957449043,92128,0,2022,42006,2021,112779,0.3574883948204251,50161,7.934604418717467,10.645567744205252,11.633185430501504
96669,1063,92128,zip,CA,CA,San Diego,"San Diego-Chula Vista-Carlsbad, CA",San Diego County,2022-11-30,2761.7842187340075,92128,0,2022,42006,2021,112779,0.3574883948204251,50161,7.92363220591153,10.645567744205252,11.633185430501504
96669,1063,92128,zip,CA,CA,San Diego,"San Diego-Chula Vista-Carlsbad, CA",San Diego County,2022-12-31,2777.471598990562,92128,0,2022,42006,2021,112779,0.3574883948204251,50161,7.929296296075569,10.645567744205252,11.633185430501504
96669,1063,92128,zip,CA,CA,San Diego,"San Diego-Chula Vista-Carlsbad, CA",San Diego County,2023-01-31,2783.9563095021213,92128,0,2023,42376,2023,128150,0.3451689155914508,48492,7.931628327905205,10.654337443224362,11.760956731792216
96669,1063,92128,zip,CA,CA,San Diego,"San Diego-Chula Vista-Carlsbad, CA",San Diego County,2023-02-28,2803.1586025033976,92128,0,2023,42376,2023,128150,0.3451689155914508,48492,7.938502132690458,10.654337443224362,11.760956731792216
96669,1063,92128,zip,CA,CA,San Diego,"San Diego-Chula Vista-Carlsbad, CA",San Diego County,2023-03-31,2817.2677637874044,92128,0,2023,42376,2023,128150,0.3451689155914508,48492,7.94352281617682,10.654337443224362,11.760956731792216
96669,1063,92128,zip,CA,CA,San Diego,"San Diego-Chula Vista-Carlsbad, CA",San Diego County,2023-04-30,2846.009152080975,92128,0,2023,42376,2023,128150,0.3451689155914508,48492,7.953672994414471,10.654337443224362,11.760956731792216
96669,1063,92128,zip,CA,CA,San Diego,"San Diego-Chula Vista-Carlsbad, CA",San Diego County,2023-05-31,2894.7187736495403,92128,0,2023,42376,2023,128150,0.3451689155914508,48492,7.970643243198529,10.654337443224362,11.760956731792216
96669,1063,92128,zip,CA,CA,San Diego,"San Diego-Chula Vista-Carlsbad, CA",San Diego County,2023-06-30,2911.619659977608,92128,0,2023,42376,2023,128150,0.3451689155914508,48492,7.976464789514756,10.654337443224362,11.760956731792216
96669,1063,92128,zip,CA,CA,San Diego,"San Diego-Chula Vista-Carlsbad, CA",San Diego County,2023-07-31,2926.543426754093,92128,0,2023,42376,2023,128150,0.3451689155914508,48492,7.981577287764895,10.654337443224362,11.760956731792216
96669,1063,92128,zip,CA,CA,San Diego,"San Diego-Chula Vista-Carlsbad, CA",San Diego County,2023-08-31,2924.726270725934,92128,0,2023,42376,2023,128150,0.3451689155914508,48492,7.980956172629027,10.654337443224362,11.760956731792216
96669,1063,92128,zip,CA,CA,San Diego,"San Diego-Chula Vista-Carlsbad, CA",San Diego County,2023-09-30,2900.2834659277028,92128,0,2023,42376,2023,128150,0.3451689155914508,48492,7.972563758069273,10.654337443224362,11.760956731792216
96669,1063,92128,zip,CA,CA,San Diego,"San Diego-Chula Vista-Carlsbad, CA",San Diego County,2023-10-31,2875.940176023584,92128,0,2023,42376,2023,128150,0.3451689155914508,48492,7.964134917520135,10.654337443224362,11.760956731792216
96669,1063,92128,zip,CA,CA,San Diego,"San Diego-Chula Vista-Carlsbad, CA",San Diego County,2023-11-30,2838.39309483821,92128,0,2023,42376,2023,128150,0.3451689155914508,48492,7.950993359346732,10.654337443224362,11.760956731792216
96669,1063,92128,zip,CA,CA,San Diego,"San Diego-Chula Vista-Carlsbad, CA",San Diego County,2023-12-31,2843.7501220277736,92128,0,2023,42376,2023,128150,0.3451689155914508,48492,7.952878925610125,10.654337443224362,11.760956731792216
96669,1063,92128,zip,CA,CA,San Diego,"San Diego-Chula Vista-Carlsbad, CA",San Diego County,2024-01-31,2848.200296305298,92128,0,2024,44256,2023,128150,0.3451689155914508,48492,7.954442598817798,10.697746234464486,11.760956731792216
96669,1063,92128,zip,CA,CA,San Diego,"San Diego-Chula Vista-Carlsbad, CA",San Diego County,2024-02-29,2871.24221735264,92128,0,2024,44256,2023,128150,0.3451689155914508,48492,7.962500043456366,10.697746234464486,11.760956731792216
96669,1063,92128,zip,CA,CA,San Diego,"San Diego-Chula Vista-Carlsbad, CA",San Diego County,2024-03-31,2909.580603559738,92128,0,2024,44256,2023,128150,0.3451689155914508,48492,7.975764227290832,10.697746234464486,11.760956731792216
96669,1063,92128,zip,CA,CA,San Diego,"San Diego-Chula Vista-Carlsbad, CA",San Diego County,2024-04-30,2923.080747634696,92128,0,2024,44256,2023,128150,0.3451689155914508,48492,7.980393389647474,10.697746234464486,11.760956731792216
96669,1063,92128,zip,CA,CA,San Diego,"San Diego-Chula Vista-Carlsbad, CA",San Diego County,2024-05-31,2936.246926625148,92128,0,2024,44256,2023,128150,0.3451689155914508,48492,7.984887489271902,10.697746234464486,11.760956731792216
96669,1063,92128,zip,CA,CA,San Diego,"San Diego-Chula Vista-Carlsbad, CA",San Diego County,2024-06-30,2932.700191805712,92128,0,2024,44256,2023,128150,0.3451689155914508,48492,7.983678844797986,10.697746234464486,11.760956731792216
96669,1063,92128,zip,CA,CA,San Diego,"San Diego-Chula Vista-Carlsbad, CA",San Diego County,2024-07-31,2946.4748117061845,92128,0,2024,44256,2023,128150,0.3451689155914508,48492,7.988364755694402,10.697746234464486,11.760956731792216
96669,1063,92128,zip,CA,CA,San Diego,"San Diego-Chula Vista-Carlsbad, CA",San Diego County,2024-08-31,2946.110681886056,92128,0,2024,44256,2023,128150,0.3451689155914508,48492,7.98824116654292,10.697746234464486,11.760956731792216
96669,1063,92128,zip,CA,CA,San Diego,"San Diego-Chula Vista-Carlsbad, CA",San Diego County,2024-09-30,2924.722694399993,92128,0,2024,44256,2023,128150,0.3451689155914508,48492,7.980954949838312,10.697746234464486,11.760956731792216
96669,1063,92128,zip,CA,CA,San Diego,"San Diego-Chula Vista-Carlsbad, CA",San Diego County,2024-10-31,2912.6192070514003,92128,0,2024,44256,2023,128150,0.3451689155914508,48492,7.976808026496077,10.697746234464486,11.760956731792216
96669,1063,92128,zip,CA,CA,San Diego,"San Diego-Chula Vista-Carlsbad, CA",San Diego County,2024-11-30,2906.5506266530883,92128,0,2024,44256,2023,128150,0.3451689155914508,48492,7.97472230541499,10.697746234464486,11.760956731792216
96669,1063,92128,zip,CA,CA,San Diego,"San Diego-Chula Vista-Carlsbad, CA",San Diego County,2024-12-31,2923.5360492055074,92128,0,2024,44256,2023,128150,0.3451689155914508,48492,7.980549138377911,10.697746234464486,11.760956731792216
