RegionID,SizeRank,RegionName,RegionType,StateName,State,City,Metro,CountyName,month,zori,zip,treated
96667,166,92126,zip,CA,CA,San Diego,"San Diego-Chula Vista-Carlsbad, CA",San Diego County,2015-01-31,1628.2371844574106,92126,1
96657,414,92115,zip,CA,CA,San Diego,"San Diego-Chula Vista-Carlsbad, CA",San Diego County,2015-01-31,1246.6811178218777,92115,0
96671,599,92130,zip,CA,CA,San Diego,"San Diego-Chula Vista-Carlsbad, CA",San Diego County,2015-01-31,2450.660163331117,92130,0
96670,651,92129,zip,CA,CA,San Diego,"San Diego-Chula Vista-Carlsbad, CA",San Diego County,2015-01-31,2085.2763370807666,92129,0
96613,662,92057,zip,CA,CA,Oceanside,"San Diego-Chula Vista-Carlsbad, CA",San Diego County,2015-01-31,1698.3123956656634,92057,0
96548,676,91913,zip,CA,CA,Chula Vista,"San Diego-Chula Vista-Carlsbad, CA",San Diego County,2015-01-31,1844.697720773632,91913,0
96669,1063,92128,zip,CA,CA,San Diego,"San Diego-Chula Vista-Carlsbad, CA",San Diego County,2015-01-31,1715.4565937007403,92128,0
96582,1105,92009,zip,CA,CA,Carlsbad,"San Diego-Chula Vista-Carlsbad, CA",San Diego County,2015-01-31,1903.1952315151527,92009,0
96646,1143,92104,zip,CA,CA,San Diego,"San Diego-Chula Vista-Carlsbad, CA",San Diego County,2015-01-31,1372.195153524434,92104,0
96664,1151,92122,zip,CA,CA,San Diego,"San Diego-Chula Vista-Carlsbad, CA",San Diego County,2015-01-31,1733.4896315976764,92122,1
96651,1290,92109,zip,CA,CA,San Diego,"San Diego-Chula Vista-Carlsbad, CA",San Diego County,2015-01-31,1639.4031674882417,92109,0
96643,1522,92101,zip,CA,CA,San Diego,"San Diego-Chula Vista-Carlsbad, CA",San Diego County,2015-01-31,1912.861130036644,92101,0
96610,2205,92054,zip,CA,CA,Oceanside,"San Diego-Chula Vista-Carlsbad, CA",San Diego County,2015-01-31,1444.005739352212,92054,0
96602,2270,92037,zip,CA,CA,San Diego,"San Diego-Chula Vista-Carlsbad, CA",San Diego County,2015-01-31,2316.4546615849977,92037,1
96645,2966,92103,zip,CA,CA,San Diego,"San Diego-Chula Vista-Carlsbad, CA",San Diego County,2015-01-31,1525.803563791604,92103,0
96658,3607,92116,zip,CA,CA,San Diego,"San Diego-Chula Vista-Carlsbad, CA",San Diego County,2015-01-31,1287.1018897411006,92116,0
96581,3914,92008,zip,CA,CA,Carlsbad,"San Diego-Chula Vista-Carlsbad, CA",San Diego County,2015-01-31,1547.719916541217,92008,0
96650,5900,92108,zip,CA,CA,San Diego,"San Diego-Chula Vista-Carlsbad, CA",San Diego County,2015-01-31,1778.0343827824458,92108,0
96667,166,92126,zip,CA,CA,San Diego,"San Diego-Chula Vista-Carlsbad, CA",San Diego County,2015-02-28,1661.3339685352153,92126,1
96657,414,92115,zip,CA,CA,San Diego,"San Diego-Chula Vista-Carlsbad, CA",San Diego County,2015-02-28,1263.4211920398743,92115,0
96671,599,92130,zip,CA,CA,San Diego,"San Diego-Chula Vista-Carlsbad, CA",San Diego County,2015-02-28,2463.0054896458887,92130,0
96670,651,92129,zip,CA,CA,San Diego,"San Diego-Chula Vista-Carlsbad, CA",San Diego County,2015-02-28,2088.4312327706643,92129,0
96613,662,92057,zip,CA,CA,Oceanside,"San Diego-Chula Vista-Carlsbad, CA",San Diego County,2015-02-28,1710.9782983292512,92057,0
96548,676,91913,zip,CA,CA,Chula Vista,"San Diego-Chula Vista-Carlsbad, CA",San Diego County,2015-02-28,1853.80057953756,91913,0
96669,1063,92128,zip,CA,CA,San Diego,"San Diego-Chula Vista-Carlsbad, CA",San Diego County,2015-02-28,1735.4564964327944,92128,0
96582,1105,92009,zip,CA,CA,Carlsbad,"San Diego-Chula Vista-Carlsbad, CA",San Diego County,2015-02-28,1860.421733502409,92009,0
96646,1143,92104,zip,CA,CA,San Diego,"San Diego-Chula Vista-Carlsbad, CA",San Diego County,2015-02-28,1382.5960622790071,92104,0
96664,1151,92122,zip,CA,CA,San Diego,"San Diego-Chula Vista-Carlsbad, CA",San Diego County,2015-02-28,1742.758840260214,92122,1
96651,1290,92109,zip,CA,CA,San Diego,"San Diego-Chula Vista-Carlsbad, CA",San Diego County,2015-02-28,1689.6316438166182,92109,0
96643,1522,92101,zip,CA,CA,San Diego,"San Diego-Chula Vista-Carlsbad, CA",San Diego County,2015-02-28,1936.877789492844,92101,0
96610,2205,92054,zip,CA,CA,Oceanside,"San Diego-Chula Vista-Carlsbad, CA",San Diego County,2015-02-28,1460.374602650492,92054,0
96602,2270,92037,zip,CA,CA,San Diego,"San Diego-Chula Vista-Carlsbad, CA",San Diego County,2015-02-28,2319.0598982673123,92037,1
96645,2966,92103,zip,CA,CA,San Diego,"San Diego-Chula Vista-Carlsbad, CA",San Diego County,2015-02-28,1560.7113712299783,92103,0
96658,3607,92116,zip,CA,CA,San Diego,"San Diego-Chula Vista-Carlsbad, CA",San Diego County,2015-02-28,1314.2204604598758,92116,0
96581,3914,92008,zip,CA,CA,Carlsbad,"San Diego-Chula Vista-Carlsbad, CA",San Diego County,2015-02-28,1601.105359550902,92008,0
96650,5900,92108,zip,CA,CA,San Diego,"San Diego-Chula Vista-Carlsbad, CA",San Diego County,2015-02-28,1798.7105426828305,92108,0
96667,166,92126,zip,CA,CA,San Diego,"San Diego-Chula Vista-Carlsbad, CA",San Diego County,2015-03-31,1668.367367192671,92126,1
96657,414,92115,zip,CA,CA,San Diego,"San Diego-Chula Vista-Carlsbad, CA",San Diego County,2015-03-31,1307.6511376524495,92115,0
96671,599,92130,zip,CA,CA,San Diego,"San Diego-Chula Vista-Carlsbad, CA",San Diego County,2015-03-31,2505.6073779091544,92130,0
96670,651,92129,zip,CA,CA,San Diego,"San Diego-Chula Vista-Carlsbad, CA",San Diego County,2015-03-31,2077.514877979184,92129,0
96613,662,92057,zip,CA,CA,Oceanside,"San Diego-Chula Vista-Carlsbad, CA",San Diego County,2015-03-31,1688.6474295486971,92057,0
96548,676,91913,zip,CA,CA,Chula Vista,"San Diego-Chula Vista-Carlsbad, CA",San Diego County,2015-03-31,1841.180007903834,91913,0
96669,1063,92128,zip,CA,CA,San Diego,"San Diego-Chula Vista-Carlsbad, CA",San Diego County,2015-03-31,1729.709832389835,92128,0
96582,1105,92009,zip,CA,CA,Carlsbad,"San Diego-Chula Vista-Carlsbad, CA",San Diego County,2015-03-31,1893.291522617785,92009,0
96646,1143,92104,zip,CA,CA,San Diego,"San Diego-Chula Vista-Carlsbad, CA",San Diego County,2015-03-31,1377.9790188929908,92104,0
96664,1151,92122,zip,CA,CA,San Diego,"San Diego-Chula Vista-Carlsbad, CA",San Diego County,2015-03-31,1773.3893856531768,92122,1
96651,1290,92109,zip,CA,CA,San Diego,"San Diego-Chula Vista-Carlsbad, CA",San Diego County,2015-03-31,1673.891677827323,92109,0
96643,1522,92101,zip,CA,CA,San Diego,"San Diego-Chula Vista-Carlsbad, CA",San Diego County,2015-03-31,1930.4750037552435,92101,0
96610,2205,92054,zip,CA,CA,Oceanside,"San Diego-Chula Vista-Carlsbad, CA",San Diego County,2015-03-31,1490.8793336137292,92054,0
96602,2270,92037,zip,CA,CA,San Diego,"San Diego-Chula Vista-Carlsbad, CA",San Diego County,2015-03-31,2352.793049357796,92037,1
96645,2966,92103,zip,CA,CA,San Diego,"San Diego-Chula Vista-Carlsbad, CA",San Diego County,2015-03-31,1573.120994472167,92103,0
96658,3607,92116,zip,CA,CA,San Diego,"San Diego-Chula Vista-Carlsbad, CA",San Diego County,2015-03-31,1328.5808064637886,92116,0
96581,3914,92008,zip,CA,CA,Carlsbad,"San Diego-Chula Vista-Carlsbad, CA",San Diego County,2015-03-31,1602.8751814503898,92008,0
96650,5900,92108,zip,CA,CA,San Diego,"San Diego-Chula Vista-Carlsbad, CA",San Diego County,2015-03-31,1789.750728912764,92108,0
96667,166,92126,zip,CA,CA,San Diego,"San Diego-Chula Vista-Carlsbad, CA",San Diego County,2015-04-30,1675.9618533549904,92126,1
96657,414,92115,zip,CA,CA,San Diego,"San Diego-Chula Vista-Carlsbad, CA",San Diego County,2015-04-30,1300.753422058716,92115,0
96671,599,92130,zip,CA,CA,San Diego,"San Diego-Chula Vista-Carlsbad, CA",San Diego County,2015-04-30,2510.859173152952,92130,0
96670,651,92129,zip,CA,CA,San Diego,"San Diego-Chula Vista-Carlsbad, CA",San Diego County,2015-04-30,2037.4481951735431,92129,0
96613,662,92057,zip,CA,CA,Oceanside,"San Diego-Chula Vista-Carlsbad, CA",San Diego County,2015-04-30,1692.9476682765312,92057,0
96548,676,91913,zip,CA,CA,Chula Vista,"San Diego-Chula Vista-Carlsbad, CA",San Diego County,2015-04-30,1821.1038257403152,91913,0
96669,1063,92128,zip,CA,CA,San Diego,"San Diego-Chula Vista-Carlsbad, CA",San Diego County,2015-04-30,1731.0593071979342,92128,0
96582,1105,92009,zip,CA,CA,Carlsbad,"San Diego-Chula Vista-Carlsbad, CA",San Diego County,2015-04-30,1902.8889837852084,92009,0
96646,1143,92104,zip,CA,CA,San Diego,"San Diego-Chula Vista-Carlsbad, CA",San Diego County,2015-04-30,1397.9754020965993,92104,0
96664,1151,92122,zip,CA,CA,San Diego,"San Diego-Chula Vista-Carlsbad, CA",San Diego County,2015-04-30,1778.1475353645374,92122,1
96651,1290,92109,zip,CA,CA,San Diego,"San Diego-Chula Vista-Carlsbad, CA",San Diego County,2015-04-30,1696.0096625461176,92109,0
96643,1522,92101,zip,CA,CA,San Diego,"San Diego-Chula Vista-Carlsbad, CA",San Diego County,2015-04-30,1932.906448988679,92101,0
96610,2205,92054,zip,CA,CA,Oceanside,"San Diego-Chula Vista-Carlsbad, CA",San Diego County,2015-04-30,1488.9639064099213,92054,0
96602,2270,92037,zip,CA,CA,San Diego,"San Diego-Chula Vista-Carlsbad, CA",San Diego County,2015-04-30,2363.2847604303465,92037,1
96672,2406,92131,zip,CA,CA,San Diego,"San Diego-Chula Vista-Carlsbad, CA",San Diego County,2015-04-30,1941.784172200276,92131,0
96645,2966,92103,zip,CA,CA,San Diego,"San Diego-Chula Vista-Carlsbad, CA",San Diego County,2015-04-30,1582.156231090756,92103,0
96658,3607,92116,zip,CA,CA,San Diego,"San Diego-Chula Vista-Carlsbad, CA",San Diego County,2015-04-30,1327.4613474940998,92116,0
96581,3914,92008,zip,CA,CA,Carlsbad,"San Diego-Chula Vista-Carlsbad, CA",San Diego County,2015-04-30,1644.2953968480133,92008,0
96584,5214,92011,zip,CA,CA,Carlsbad,"San Diego-Chula Vista-Carlsbad, CA",San Diego County,2015-04-30,2141.23577921642,92011,0
96650,5900,92108,zip,CA,CA,San Diego,"San Diego-Chula Vista-Carlsbad, CA",San Diego County,2015-04-30,1788.226146660013,92108,0
96667,166,92126,zip,CA,CA,San Diego,"San Diego-Chula Vista-Carlsbad, CA",San Diego County,2015-05-31,1669.8443721968654,92126,1
96657,414,92115,zip,CA,CA,San Diego,"San Diego-Chula Vista-Carlsbad, CA",San Diego County,2015-05-31,1329.5418712601502,92115,0
96671,599,92130,zip,CA,CA,San Diego,"San Diego-Chula Vista-Carlsbad, CA",San Diego County,2015-05-31,2516.1791882800308,92130,0
96670,651,92129,zip,CA,CA,San Diego,"San Diego-Chula Vista-Carlsbad, CA",San Diego County,2015-05-31,2045.397748379095,92129,0
96613,662,92057,zip,CA,CA,Oceanside,"San Diego-Chula Vista-Carlsbad, CA",San Diego County,2015-05-31,1698.5984175680333,92057,0
96548,676,91913,zip,CA,CA,Chula Vista,"San Diego-Chula Vista-Carlsbad, CA",San Diego County,2015-05-31,1818.529915270457,91913,0
96669,1063,92128,zip,CA,CA,San Diego,"San Diego-Chula Vista-Carlsbad, CA",San Diego County,2015-05-31,1732.8684476674364,92128,0
96582,1105,92009,zip,CA,CA,Carlsbad,"San Diego-Chula Vista-Carlsbad, CA",San Diego County,2015-05-31,1928.904888526644,92009,0
96646,1143,92104,zip,CA,CA,San Diego,"San Diego-Chula Vista-Carlsbad, CA",San Diego County,2015-05-31,1415.8195902405655,92104,0
96664,1151,92122,zip,CA,CA,San Diego,"San Diego-Chula Vista-Carlsbad, CA",San Diego County,2015-05-31,1795.147645779963,92122,1
96651,1290,92109,zip,CA,CA,San Diego,"San Diego-Chula Vista-Carlsbad, CA",San Diego County,2015-05-31,1703.9632447357803,92109,0
96643,1522,92101,zip,CA,CA,San Diego,"San Diego-Chula Vista-Carlsbad, CA",San Diego County,2015-05-31,1953.8708328651976,92101,0
96610,2205,92054,zip,CA,CA,Oceanside,"San Diego-Chula Vista-Carlsbad, CA",San Diego County,2015-05-31,1474.2379213077663,92054,0
96602,2270,92037,zip,CA,CA,San Diego,"San Diego-Chula Vista-Carlsbad, CA",San Diego County,2015-05-31,2388.740980571022,92037,1
96672,2406,92131,zip,CA,CA,San Diego,"San Diego-Chula Vista-Carlsbad, CA",San Diego County,2015-05-31,1979.9614095906895,92131,0
96645,2966,92103,zip,CA,CA,San Diego,"San Diego-Chula Vista-Carlsbad, CA",San Diego County,2015-05-31,1579.7985810295338,92103,0
96658,3607,92116,zip,CA,CA,San Diego,"San Diego-Chula Vista-Carlsbad, CA",San Diego County,2015-05-31,1324.4324236825423,92116,0
96581,3914,92008,zip,CA,CA,Carlsbad,"San Diego-Chula Vista-Carlsbad, CA",San Diego County,2015-05-31,1633.5517034960897,92008,0
96584,5214,92011,zip,CA,CA,Carlsbad,"San Diego-Chula Vista-Carlsbad, CA",San Diego County,2015-05-31,2159.7691709077985,92011,0
96650,5900,92108,zip,CA,CA,San Diego,"San Diego-Chula Vista-Carlsbad, CA",San Diego County,2015-05-31,1786.534711426799,92108,0
96667,166,92126,zip,CA,CA,San Diego,"San Diego-Chula Vista-Carlsbad, CA",San Diego County,2015-06-30,1666.261605034622,92126,1
96657,414,92115,zip,CA,CA,San Diego,"San Diego-Chula Vista-Carlsbad, CA",San Diego County,2015-06-30,1308.9461516337922,92115,0
96671,599,92130,zip,CA,CA,San Diego,"San Diego-Chula Vista-Carlsbad, CA",San Diego County,2015-06-30,2524.547331988785,92130,0
96670,651,92129,zip,CA,CA,San Diego,"San Diego-Chula Vista-Carlsbad, CA",San Diego County,2015-06-30,2058.9410856839154,92129,0
96613,662,92057,zip,CA,CA,Oceanside,"San Diego-Chula Vista-Carlsbad, CA",San Diego County,2015-06-30,1723.675882756089,92057,0
96548,676,91913,zip,CA,CA,Chula Vista,"San Diego-Chula Vista-Carlsbad, CA",San Diego County,2015-06-30,1822.2483238161471,91913,0
96669,1063,92128,zip,CA,CA,San Diego,"San Diego-Chula Vista-Carlsbad, CA",San Diego County,2015-06-30,1758.3850556993978,92128,0
96582,1105,92009,zip,CA,CA,Carlsbad,"San Diego-Chula Vista-Carlsbad, CA",San Diego County,2015-06-30,1908.2940348390985,92009,0
96646,1143,92104,zip,CA,CA,San Diego,"San Diego-Chula Vista-Carlsbad, CA",San Diego County,2015-06-30,1437.4826059582947,92104,0
96664,1151,92122,zip,CA,CA,San Diego,"San Diego-Chula Vista-Carlsbad, CA",San Diego County,2015-06-30,1797.0122251513396,92122,1
96651,1290,92109,zip,CA,CA,San Diego,"San Diego-Chula Vista-Carlsbad, CA",San Diego County,2015-06-30,1722.1782284112169,92109,0
96643,1522,92101,zip,CA,CA,San Diego,"San Diego-Chula Vista-Carlsbad, CA",San Diego County,2015-06-30,1950.3773124875293,92101,0
96610,2205,92054,zip,CA,CA,Oceanside,"San Diego-Chula Vista-Carlsbad, CA",San Diego County,2015-06-30,1477.9168759583265,92054,0
96602,2270,92037,zip,CA,CA,San Diego,"San Diego-Chula Vista-Carlsbad, CA",San Diego County,2015-06-30,2370.071794048982,92037,1
96672,2406,92131,zip,CA,CA,San Diego,"San Diego-Chula Vista-Carlsbad, CA",San Diego County,2015-06-30,2023.0198966864984,92131,0
96645,2966,92103,zip,CA,CA,San Diego,"San Diego-Chula Vista-Carlsbad, CA",San Diego County,2015-06-30,1584.0993719398875,92103,0
96658,3607,92116,zip,CA,CA,San Diego,"San Diego-Chula Vista-Carlsbad, CA",San Diego County,2015-06-30,1332.4987142914313,92116,0
96581,3914,92008,zip,CA,CA,Carlsbad,"San Diego-Chula Vista-Carlsbad, CA",San Diego County,2015-06-30,1644.216626215226,92008,0
96584,5214,92011,zip,CA,CA,Carlsbad,"San Diego-Chula Vista-Carlsbad, CA",San Diego County,2015-06-30,2188.979388669906,92011,0
96650,5900,92108,zip,CA,CA,San Diego,"San Diego-Chula Vista-Carlsbad, CA",San Diego County,2015-06-30,1801.6073410402043,92108,0
96667,166,92126,zip,CA,CA,San Diego,"San Diego-Chula Vista-Carlsbad, CA",San Diego County,2015-07-31,1686.4942181089834,92126,1
96657,414,92115,zip,CA,CA,San Diego,"San Diego-Chula Vista-Carlsbad, CA",San Diego County,2015-07-31,1359.2012979772296,92115,0
96671,599,92130,zip,CA,CA,San Diego,"San Diego-Chula Vista-Carlsbad, CA",San Diego County,2015-07-31,2549.578142334308,92130,0
96670,651,92129,zip,CA,CA,San Diego,"San Diego-Chula Vista-Carlsbad, CA",San Diego County,2015-07-31,2106.5319238140733,92129,0
96613,662,92057,zip,CA,CA,Oceanside,"San Diego-Chula Vista-Carlsbad, CA",San Diego County,2015-07-31,1727.178787118053,92057,0
96548,676,91913,zip,CA,CA,Chula Vista,"San Diego-Chula Vista-Carlsbad, CA",San Diego County,2015-07-31,1816.6093374461427,91913,0
96669,1063,92128,zip,CA,CA,San Diego,"San Diego-Chula Vista-Carlsbad, CA",San Diego County,2015-07-31,1776.8748264490885,92128,0
96582,1105,92009,zip,CA,CA,Carlsbad,"San Diego-Chula Vista-Carlsbad, CA",San Diego County,2015-07-31,1969.5997497895487,92009,0
96646,1143,92104,zip,CA,CA,San Diego,"San Diego-Chula Vista-Carlsbad, CA",San Diego County,2015-07-31,1445.841490923122,92104,0
96664,1151,92122,zip,CA,CA,San Diego,"San Diego-Chula Vista-Carlsbad, CA",San Diego County,2015-07-31,1816.591091860497,92122,1
96651,1290,92109,zip,CA,CA,San Diego,"San Diego-Chula Vista-Carlsbad, CA",San Diego County,2015-07-31,1735.574326186572,92109,0
96643,1522,92101,zip,CA,CA,San Diego,"San Diego-Chula Vista-Carlsbad, CA",San Diego County,2015-07-31,1977.789063143872,92101,0
96610,2205,92054,zip,CA,CA,Oceanside,"San Diego-Chula Vista-Carlsbad, CA",San Diego County,2015-07-31,1489.9129508352014,92054,0
96602,2270,92037,zip,CA,CA,San Diego,"San Diego-Chula Vista-Carlsbad, CA",San Diego County,2015-07-31,2366.3317755781773,92037,1
96672,2406,92131,zip,CA,CA,San Diego,"San Diego-Chula Vista-Carlsbad, CA",San Diego County,2015-07-31,2042.654790749349,92131,0
96645,2966,92103,zip,CA,CA,San Diego,"San Diego-Chula Vista-Carlsbad, CA",San Diego County,2015-07-31,1593.0125947576712,92103,0
96658,3607,92116,zip,CA,CA,San Diego,"San Diego-Chula Vista-Carlsbad, CA",San Diego County,2015-07-31,1354.0037357467825,92116,0
96581,3914,92008,zip,CA,CA,Carlsbad,"San Diego-Chula Vista-Carlsbad, CA",San Diego County,2015-07-31,1668.4507912595195,92008,0
96555,4492,91932,zip,CA,CA,Imperial Beach,"San Diego-Chula Vista-Carlsbad, CA",San Diego County,2015-07-31,1482.140407340488,91932,0
96584,5214,92011,zip,CA,CA,Carlsbad,"San Diego-Chula Vista-Carlsbad, CA",San Diego County,2015-07-31,2212.514615242547,92011,0
96650,5900,92108,zip,CA,CA,San Diego,"San Diego-Chula Vista-Carlsbad, CA",San Diego County,2015-07-31,1836.5411943761628,92108,0
96667,166,92126,zip,CA,CA,San Diego,"San Diego-Chula Vista-Carlsbad, CA",San Diego County,2015-08-31,1695.8227126309432,92126,1
96657,414,92115,zip,CA,CA,San Diego,"San Diego-Chula Vista-Carlsbad, CA",San Diego County,2015-08-31,1371.1109564349215,92115,0
96671,599,92130,zip,CA,CA,San Diego,"San Diego-Chula Vista-Carlsbad, CA",San Diego County,2015-08-31,2558.516089728438,92130,0
96670,651,92129,zip,CA,CA,San Diego,"San Diego-Chula Vista-Carlsbad, CA",San Diego County,2015-08-31,2150.183489519434,92129,0
96613,662,92057,zip,CA,CA,Oceanside,"San Diego-Chula Vista-Carlsbad, CA",San Diego County,2015-08-31,1739.2280924807385,92057,0
96548,676,91913,zip,CA,CA,Chula Vista,"San Diego-Chula Vista-Carlsbad, CA",San Diego County,2015-08-31,1831.199702933608,91913,0
96669,1063,92128,zip,CA,CA,San Diego,"San Diego-Chula Vista-Carlsbad, CA",San Diego County,2015-08-31,1778.0923743007268,92128,0
96582,1105,92009,zip,CA,CA,Carlsbad,"San Diego-Chula Vista-Carlsbad, CA",San Diego County,2015-08-31,1974.204601889812,92009,0
96646,1143,92104,zip,CA,CA,San Diego,"San Diego-Chula Vista-Carlsbad, CA",San Diego County,2015-08-31,1447.2138943479565,92104,0
96664,1151,92122,zip,CA,CA,San Diego,"San Diego-Chula Vista-Carlsbad, CA",San Diego County,2015-08-31,1834.2719552157896,92122,1
96651,1290,92109,zip,CA,CA,San Diego,"San Diego-Chula Vista-Carlsbad, CA",San Diego County,2015-08-31,1758.583590445241,92109,0
96643,1522,92101,zip,CA,CA,San Diego,"San Diego-Chula Vista-Carlsbad, CA",San Diego County,2015-08-31,1983.604884973724,92101,0
96610,2205,92054,zip,CA,CA,Oceanside,"San Diego-Chula Vista-Carlsbad, CA",San Diego County,2015-08-31,1503.4818609904876,92054,0
96602,2270,92037,zip,CA,CA,San Diego,"San Diego-Chula Vista-Carlsbad, CA",San Diego County,2015-08-31,2335.630830074071,92037,1
96672,2406,92131,zip,CA,CA,San Diego,"San Diego-Chula Vista-Carlsbad, CA",San Diego County,2015-08-31,2063.629704397226,92131,0
96645,2966,92103,zip,CA,CA,San Diego,"San Diego-Chula Vista-Carlsbad, CA",San Diego County,2015-08-31,1604.9106343427586,92103,0
96658,3607,92116,zip,CA,CA,San Diego,"San Diego-Chula Vista-Carlsbad, CA",San Diego County,2015-08-31,1381.3908743933273,92116,0
96581,3914,92008,zip,CA,CA,Carlsbad,"San Diego-Chula Vista-Carlsbad, CA",San Diego County,2015-08-31,1663.223009490176,92008,0
96555,4492,91932,zip,CA,CA,Imperial Beach,"San Diego-Chula Vista-Carlsbad, CA",San Diego County,2015-08-31,1500.055005023578,91932,0
96584,5214,92011,zip,CA,CA,Carlsbad,"San Diego-Chula Vista-Carlsbad, CA",San Diego County,2015-08-31,2220.9335707756304,92011,0
96650,5900,92108,zip,CA,CA,San Diego,"San Diego-Chula Vista-Carlsbad, CA",San Diego County,2015-08-31,1870.56978982264,92108,0
96667,166,92126,zip,CA,CA,San Diego,"San Diego-Chula Vista-Carlsbad, CA",San Diego County,2015-09-30,1711.6673673827397,92126,1
96657,414,92115,zip,CA,CA,San Diego,"San Diego-Chula Vista-Carlsbad, CA",San Diego County,2015-09-30,1380.0175940076583,92115,0
96671,599,92130,zip,CA,CA,San Diego,"San Diego-Chula Vista-Carlsbad, CA",San Diego County,2015-09-30,2567.5727723632463,92130,0
96670,651,92129,zip,CA,CA,San Diego,"San Diego-Chula Vista-Carlsbad, CA",San Diego County,2015-09-30,2142.420059307602,92129,0
96613,662,92057,zip,CA,CA,Oceanside,"San Diego-Chula Vista-Carlsbad, CA",San Diego County,2015-09-30,1741.485515147892,92057,0
96548,676,91913,zip,CA,CA,Chula Vista,"San Diego-Chula Vista-Carlsbad, CA",San Diego County,2015-09-30,1850.0986354621743,91913,0
96669,1063,92128,zip,CA,CA,San Diego,"San Diego-Chula Vista-Carlsbad, CA",San Diego County,2015-09-30,1789.369360962381,92128,0
96582,1105,92009,zip,CA,CA,Carlsbad,"San Diego-Chula Vista-Carlsbad, CA",San Diego County,2015-09-30,1976.2350595797568,92009,0
96646,1143,92104,zip,CA,CA,San Diego,"San Diego-Chula Vista-Carlsbad, CA",San Diego County,2015-09-30,1456.4744278280511,92104,0
96664,1151,92122,zip,CA,CA,San Diego,"San Diego-Chula Vista-Carlsbad, CA",San Diego County,2015-09-30,1865.5333562567123,92122,1
96651,1290,92109,zip,CA,CA,San Diego,"San Diego-Chula Vista-Carlsbad, CA",San Diego County,2015-09-30,1759.9801164603869,92109,0
96643,1522,92101,zip,CA,CA,San Diego,"San Diego-Chula Vista-Carlsbad, CA",San Diego County,2015-09-30,1993.442177631399,92101,0
96602,2270,92037,zip,CA,CA,San Diego,"San Diego-Chula Vista-Carlsbad, CA",San Diego County,2015-09-30,2320.4037997298965,92037,1
96672,2406,92131,zip,CA,CA,San Diego,"San Diego-Chula Vista-Carlsbad, CA",San Diego County,2015-09-30,2110.233546303667,92131,0
96645,2966,92103,zip,CA,CA,San Diego,"San Diego-Chula Vista-Carlsbad, CA",San Diego County,2015-09-30,1615.2455029292653,92103,0
96658,3607,92116,zip,CA,CA,San Diego,"San Diego-Chula Vista-Carlsbad, CA",San Diego County,2015-09-30,1414.359048237896,92116,0
96581,3914,92008,zip,CA,CA,Carlsbad,"San Diego-Chula Vista-Carlsbad, CA",San Diego County,2015-09-30,1646.8416978171704,92008,0
96555,4492,91932,zip,CA,CA,Imperial Beach,"San Diego-Chula Vista-Carlsbad, CA",San Diego County,2015-09-30,1516.5222505903837,91932,0
96584,5214,92011,zip,CA,CA,Carlsbad,"San Diego-Chula Vista-Carlsbad, CA",San Diego County,2015-09-30,2238.545244385165,92011,0
96650,5900,92108,zip,CA,CA,San Diego,"San Diego-Chula Vista-Carlsbad, CA",San Diego County,2015-09-30,1885.5552340056847,92108,0
96667,166,92126,zip,CA,CA,San Diego,"San Diego-Chula Vista-Carlsbad, CA",San Diego County,2015-10-31,1722.688044982209,92126,1
96657,414,92115,zip,CA,CA,San Diego,"San Diego-Chula Vista-Carlsbad, CA",San Diego County,2015-10-31,1365.721298590591,92115,0
96671,599,92130,zip,CA,CA,San Diego,"San Diego-Chula Vista-Carlsbad, CA",San Diego County,2015-10-31,2548.1811206376383,92130,0
96670,651,92129,zip,CA,CA,San Diego,"San Diego-Chula Vista-Carlsbad, CA",San Diego County,2015-10-31,2147.1279768763266,92129,0
96613,662,92057,zip,CA,CA,Oceanside,"San Diego-Chula Vista-Carlsbad, CA",San Diego County,2015-10-31,1734.3699558132832,92057,0
96548,676,91913,zip,CA,CA,Chula Vista,"San Diego-Chula Vista-Carlsbad, CA",San Diego County,2015-10-31,1865.806080669213,91913,0
96669,1063,92128,zip,CA,CA,San Diego,"San Diego-Chula Vista-Carlsbad, CA",San Diego County,2015-10-31,1782.3673597945842,92128,0
96582,1105,92009,zip,CA,CA,Carlsbad,"San Diego-Chula Vista-Carlsbad, CA",San Diego County,2015-10-31,1949.0040978653935,92009,0
96646,1143,92104,zip,CA,CA,San Diego,"San Diego-Chula Vista-Carlsbad, CA",San Diego County,2015-10-31,1460.581057501786,92104,0
96664,1151,92122,zip,CA,CA,San Diego,"San Diego-Chula Vista-Carlsbad, CA",San Diego County,2015-10-31,1885.9434852604525,92122,1
96651,1290,92109,zip,CA,CA,San Diego,"San Diego-Chula Vista-Carlsbad, CA",San Diego County,2015-10-31,1778.238526448628,92109,0
96643,1522,92101,zip,CA,CA,San Diego,"San Diego-Chula Vista-Carlsbad, CA",San Diego County,2015-10-31,1975.0404707213297,92101,0
96610,2205,92054,zip,CA,CA,Oceanside,"San Diego-Chula Vista-Carlsbad, CA",San Diego County,2015-10-31,1529.9780156240186,92054,0
96602,2270,92037,zip,CA,CA,San Diego,"San Diego-Chula Vista-Carlsbad, CA",San Diego County,2015-10-31,2302.836220066863,92037,1
96672,2406,92131,zip,CA,CA,San Diego,"San Diego-Chula Vista-Carlsbad, CA",San Diego County,2015-10-31,2104.5311263580065,92131,0
96645,2966,92103,zip,CA,CA,San Diego,"San Diego-Chula Vista-Carlsbad, CA",San Diego County,2015-10-31,1653.6585345618796,92103,0
96658,3607,92116,zip,CA,CA,San Diego,"San Diego-Chula Vista-Carlsbad, CA",San Diego County,2015-10-31,1424.904896856759,92116,0
96581,3914,92008,zip,CA,CA,Carlsbad,"San Diego-Chula Vista-Carlsbad, CA",San Diego County,2015-10-31,1634.658220532056,92008,0
96555,4492,91932,zip,CA,CA,Imperial Beach,"San Diego-Chula Vista-Carlsbad, CA",San Diego County,2015-10-31,1554.265186273141,91932,0
96584,5214,92011,zip,CA,CA,Carlsbad,"San Diego-Chula Vista-Carlsbad, CA",San Diego County,2015-10-31,2229.556143280043,92011,0
96650,5900,92108,zip,CA,CA,San Diego,"San Diego-Chula Vista-Carlsbad, CA",San Diego County,2015-10-31,1882.0473815058765,92108,0
96667,166,92126,zip,CA,CA,San Diego,"San Diego-Chula Vista-Carlsbad, CA",San Diego County,2015-11-30,1723.3570272227107,92126,1
96657,414,92115,zip,CA,CA,San Diego,"San Diego-Chula Vista-Carlsbad, CA",San Diego County,2015-11-30,1356.69319513782,92115,0
96671,599,92130,zip,CA,CA,San Diego,"San Diego-Chula Vista-Carlsbad, CA",San Diego County,2015-11-30,2546.7697646370766,92130,0
96670,651,92129,zip,CA,CA,San Diego,"San Diego-Chula Vista-Carlsbad, CA",San Diego County,2015-11-30,2134.81486080317,92129,0
96613,662,92057,zip,CA,CA,Oceanside,"San Diego-Chula Vista-Carlsbad, CA",San Diego County,2015-11-30,1725.4422511674134,92057,0
96548,676,91913,zip,CA,CA,Chula Vista,"San Diego-Chula Vista-Carlsbad, CA",San Diego County,2015-11-30,1863.66607984129,91913,0
96669,1063,92128,zip,CA,CA,San Diego,"San Diego-Chula Vista-Carlsbad, CA",San Diego County,2015-11-30,1793.3509225887565,92128,0
96582,1105,92009,zip,CA,CA,Carlsbad,"San Diego-Chula Vista-Carlsbad, CA",San Diego County,2015-11-30,1906.8547440341456,92009,0
96646,1143,92104,zip,CA,CA,San Diego,"San Diego-Chula Vista-Carlsbad, CA",San Diego County,2015-11-30,1473.035602180575,92104,0
96664,1151,92122,zip,CA,CA,San Diego,"San Diego-Chula Vista-Carlsbad, CA",San Diego County,2015-11-30,1875.283654403712,92122,1
96651,1290,92109,zip,CA,CA,San Diego,"San Diego-Chula Vista-Carlsbad, CA",San Diego County,2015-11-30,1752.6065256340898,92109,0
96643,1522,92101,zip,CA,CA,San Diego,"San Diego-Chula Vista-Carlsbad, CA",San Diego County,2015-11-30,1979.624543574692,92101,0
96610,2205,92054,zip,CA,CA,Oceanside,"San Diego-Chula Vista-Carlsbad, CA",San Diego County,2015-11-30,1553.3464940899314,92054,0
96602,2270,92037,zip,CA,CA,San Diego,"San Diego-Chula Vista-Carlsbad, CA",San Diego County,2015-11-30,2349.1743016998435,92037,1
96672,2406,92131,zip,CA,CA,San Diego,"San Diego-Chula Vista-Carlsbad, CA",San Diego County,2015-11-30,2077.460464717636,92131,0
96645,2966,92103,zip,CA,CA,San Diego,"San Diego-Chula Vista-Carlsbad, CA",San Diego County,2015-11-30,1664.3173970138382,92103,0
96658,3607,92116,zip,CA,CA,San Diego,"San Diego-Chula Vista-Carlsbad, CA",San Diego County,2015-11-30,1423.4323588381988,92116,0
96581,3914,92008,zip,CA,CA,Carlsbad,"San Diego-Chula Vista-Carlsbad, CA",San Diego County,2015-11-30,1645.1906555464325,92008,0
96555,4492,91932,zip,CA,CA,Imperial Beach,"San Diego-Chula Vista-Carlsbad, CA",San Diego County,2015-11-30,1535.46549126396,91932,0
96584,5214,92011,zip,CA,CA,Carlsbad,"San Diego-Chula Vista-Carlsbad, CA",San Diego County,2015-11-30,2203.85760059134,92011,0
96650,5900,92108,zip,CA,CA,San Diego,"San Diego-Chula Vista-Carlsbad, CA",San Diego County,2015-11-30,1868.39199924602,92108,0
96667,166,92126,zip,CA,CA,San Diego,"San Diego-Chula Vista-Carlsbad, CA",San Diego County,2015-12-31,1743.473080085727,92126,1
96657,414,92115,zip,CA,CA,San Diego,"San Diego-Chula Vista-Carlsbad, CA",San Diego County,2015-12-31,1364.44034805893,92115,0
96671,599,92130,zip,CA,CA,San Diego,"San Diego-Chula Vista-Carlsbad, CA",San Diego County,2015-12-31,2528.390262035496,92130,0
96670,651,92129,zip,CA,CA,San Diego,"San Diego-Chula Vista-Carlsbad, CA",San Diego County,2015-12-31,2158.5838077506246,92129,0
96613,662,92057,zip,CA,CA,Oceanside,"San Diego-Chula Vista-Carlsbad, CA",San Diego County,2015-12-31,1736.5813325699578,92057,0
96548,676,91913,zip,CA,CA,Chula Vista,"San Diego-Chula Vista-Carlsbad, CA",San Diego County,2015-12-31,1860.620517938817,91913,0
96669,1063,92128,zip,CA,CA,San Diego,"San Diego-Chula Vista-Carlsbad, CA",San Diego County,2015-12-31,1800.8789661261503,92128,0
96582,1105,92009,zip,CA,CA,Carlsbad,"San Diego-Chula Vista-Carlsbad, CA",San Diego County,2015-12-31,1925.3225375211468,92009,0
96646,1143,92104,zip,CA,CA,San Diego,"San Diego-Chula Vista-Carlsbad, CA",San Diego County,2015-12-31,1484.8998601141177,92104,0
96664,1151,92122,zip,CA,CA,San Diego,"San Diego-Chula Vista-Carlsbad, CA",San Diego County,2015-12-31,1879.0987477183007,92122,1
96651,1290,92109,zip,CA,CA,San Diego,"San Diego-Chula Vista-Carlsbad, CA",San Diego County,2015-12-31,1761.21243479933,92109,0
96643,1522,92101,zip,CA,CA,San Diego,"San Diego-Chula Vista-Carlsbad, CA",San Diego County,2015-12-31,1995.5827022058563,92101,0
96610,2205,92054,zip,CA,CA,Oceanside,"San Diego-Chula Vista-Carlsbad, CA",San Diego County,2015-12-31,1544.1663444321389,92054,0
96602,2270,92037,zip,CA,CA,San Diego,"San Diego-Chula Vista-Carlsbad, CA",San Diego County,2015-12-31,2387.0046338114275,92037,1
96672,2406,92131,zip,CA,CA,San Diego,"San Diego-Chula Vista-Carlsbad, CA",San Diego County,2015-12-31,1998.6098649771047,92131,0
96645,2966,92103,zip,CA,CA,San Diego,"San Diego-Chula Vista-Carlsbad, CA",San Diego County,2015-12-31,1666.5996470483155,92103,0
96658,3607,92116,zip,CA,CA,San Diego,"San Diego-Chula Vista-Carlsbad, CA",San Diego County,2015-12-31,1408.300666994955,92116,0
96581,3914,92008,zip,CA,CA,Carlsbad,"San Diego-Chula Vista-Carlsbad, CA",San Diego County,2015-12-31,1639.7250982038922,92008,0
96555,4492,91932,zip,CA,CA,Imperial Beach,"San Diego-Chula Vista-Carlsbad, CA",San Diego County,2015-12-31,1523.3354783969655,91932,0
96584,5214,92011,zip,CA,CA,Carlsbad,"San Diego-Chula Vista-Carlsbad, CA",San Diego County,2015-12-31,2181.8216504756188,92011,0
96650,5900,92108,zip,CA,CA,San Diego,"San Diego-Chula Vista-Carlsbad, CA",San Diego County,2015-12-31,1845.9586789217144,92108,0
96667,166,92126,zip,CA,CA,San Diego,"San Diego-Chula Vista-Carlsbad, CA",San Diego County,2016-01-31,1759.1384606661054,92126,1
96657,414,92115,zip,CA,CA,San Diego,"San Diego-Chula Vista-Carlsbad, CA",San Diego County,2016-01-31,1391.3733125476897,92115,0
96671,599,92130,zip,CA,CA,San Diego,"San Diego-Chula Vista-Carlsbad, CA",San Diego County,2016-01-31,2552.4064055659605,92130,0
96670,651,92129,zip,CA,CA,San Diego,"San Diego-Chula Vista-Carlsbad, CA",San Diego County,2016-01-31,2170.4358060682885,92129,0
96613,662,92057,zip,CA,CA,Oceanside,"San Diego-Chula Vista-Carlsbad, CA",San Diego County,2016-01-31,1753.5852817166185,92057,0
96548,676,91913,zip,CA,CA,Chula Vista,"San Diego-Chula Vista-Carlsbad, CA",San Diego County,2016-01-31,1868.6075209147011,91913,0
96653,960,92111,zip,CA,CA,San Diego,"San Diego-Chula Vista-Carlsbad, CA",San Diego County,2016-01-31,1607.8137096994687,92111,0
96629,996,92078,zip,CA,CA,San Marcos,"San Diego-Chula Vista-Carlsbad, CA",San Diego County,2016-01-31,1979.7642515741088,92078,0
96669,1063,92128,zip,CA,CA,San Diego,"San Diego-Chula Vista-Carlsbad, CA",San Diego County,2016-01-31,1814.154257680252,92128,0
96582,1105,92009,zip,CA,CA,Carlsbad,"San Diego-Chula Vista-Carlsbad, CA",San Diego County,2016-01-31,1930.388194356492,92009,0
96646,1143,92104,zip,CA,CA,San Diego,"San Diego-Chula Vista-Carlsbad, CA",San Diego County,2016-01-31,1491.1108224356683,92104,0
96664,1151,92122,zip,CA,CA,San Diego,"San Diego-Chula Vista-Carlsbad, CA",San Diego County,2016-01-31,1887.181206899076,92122,1
96651,1290,92109,zip,CA,CA,San Diego,"San Diego-Chula Vista-Carlsbad, CA",San Diego County,2016-01-31,1752.163372876627,92109,0
96643,1522,92101,zip,CA,CA,San Diego,"San Diego-Chula Vista-Carlsbad, CA",San Diego County,2016-01-31,2001.900798266284,92101,0
96610,2205,92054,zip,CA,CA,Oceanside,"San Diego-Chula Vista-Carlsbad, CA",San Diego County,2016-01-31,1559.2324818993702,92054,0
96602,2270,92037,zip,CA,CA,San Diego,"San Diego-Chula Vista-Carlsbad, CA",San Diego County,2016-01-31,2400.4435029831666,92037,1
96672,2406,92131,zip,CA,CA,San Diego,"San Diego-Chula Vista-Carlsbad, CA",San Diego County,2016-01-31,2001.2809812626133,92131,0
96645,2966,92103,zip,CA,CA,San Diego,"San Diego-Chula Vista-Carlsbad, CA",San Diego County,2016-01-31,1659.7379588988065,92103,0
96649,3605,92107,zip,CA,CA,San Diego,"San Diego-Chula Vista-Carlsbad, CA",San Diego County,2016-01-31,1548.7979929067667,92107,0
96658,3607,92116,zip,CA,CA,San Diego,"San Diego-Chula Vista-Carlsbad, CA",San Diego County,2016-01-31,1402.9263955897509,92116,0
96581,3914,92008,zip,CA,CA,Carlsbad,"San Diego-Chula Vista-Carlsbad, CA",San Diego County,2016-01-31,1640.36741274846,92008,0
96555,4492,91932,zip,CA,CA,Imperial Beach,"San Diego-Chula Vista-Carlsbad, CA",San Diego County,2016-01-31,1534.3563147069056,91932,0
96584,5214,92011,zip,CA,CA,Carlsbad,"San Diego-Chula Vista-Carlsbad, CA",San Diego County,2016-01-31,2192.1508033747004,92011,0
96650,5900,92108,zip,CA,CA,San Diego,"San Diego-Chula Vista-Carlsbad, CA",San Diego County,2016-01-31,1859.2252249443695,92108,0
96667,166,92126,zip,CA,CA,San Diego,"San Diego-Chula Vista-Carlsbad, CA",San Diego County,2016-02-29,1760.1830533172922,92126,1
96657,414,92115,zip,CA,CA,San Diego,"San Diego-Chula Vista-Carlsbad, CA",San Diego County,2016-02-29,1390.6947403099848,92115,0
96671,599,92130,zip,CA,CA,San Diego,"San Diego-Chula Vista-Carlsbad, CA",San Diego County,2016-02-29,2565.668431442008,92130,0
96670,651,92129,zip,CA,CA,San Diego,"San Diego-Chula Vista-Carlsbad, CA",San Diego County,2016-02-29,2162.97605625519,92129,0
96613,662,92057,zip,CA,CA,Oceanside,"San Diego-Chula Vista-Carlsbad, CA",San Diego County,2016-02-29,1760.5299049589096,92057,0
96548,676,91913,zip,CA,CA,Chula Vista,"San Diego-Chula Vista-Carlsbad, CA",San Diego County,2016-02-29,1878.9164216126449,91913,0
96653,960,92111,zip,CA,CA,San Diego,"San Diego-Chula Vista-Carlsbad, CA",San Diego County,2016-02-29,1587.809680671212,92111,0
96629,996,92078,zip,CA,CA,San Marcos,"San Diego-Chula Vista-Carlsbad, CA",San Diego County,2016-02-29,2016.6820595727115,92078,0
96669,1063,92128,zip,CA,CA,San Diego,"San Diego-Chula Vista-Carlsbad, CA",San Diego County,2016-02-29,1824.473398423148,92128,0
96582,1105,92009,zip,CA,CA,Carlsbad,"San Diego-Chula Vista-Carlsbad, CA",San Diego County,2016-02-29,1986.1629538454129,92009,0
96646,1143,92104,zip,CA,CA,San Diego,"San Diego-Chula Vista-Carlsbad, CA",San Diego County,2016-02-29,1491.389279928455,92104,0
96664,1151,92122,zip,CA,CA,San Diego,"San Diego-Chula Vista-Carlsbad, CA",San Diego County,2016-02-29,1914.4716664233977,92122,1
96651,1290,92109,zip,CA,CA,San Diego,"San Diego-Chula Vista-Carlsbad, CA",San Diego County,2016-02-29,1766.93067308952,92109,0
96643,1522,92101,zip,CA,CA,San Diego,"San Diego-Chula Vista-Carlsbad, CA",San Diego County,2016-02-29,2006.791320453637,92101,0
96610,2205,92054,zip,CA,CA,Oceanside,"San Diego-Chula Vista-Carlsbad, CA",San Diego County,2016-02-29,1539.663818347249,92054,0
96602,2270,92037,zip,CA,CA,San Diego,"San Diego-Chula Vista-Carlsbad, CA",San Diego County,2016-02-29,2387.2397402293504,92037,1
96672,2406,92131,zip,CA,CA,San Diego,"San Diego-Chula Vista-Carlsbad, CA",San Diego County,2016-02-29,2017.4946321147004,92131,0
96645,2966,92103,zip,CA,CA,San Diego,"San Diego-Chula Vista-Carlsbad, CA",San Diego County,2016-02-29,1642.0936637688617,92103,0
96649,3605,92107,zip,CA,CA,San Diego,"San Diego-Chula Vista-Carlsbad, CA",San Diego County,2016-02-29,1595.984549461135,92107,0
96658,3607,92116,zip,CA,CA,San Diego,"San Diego-Chula Vista-Carlsbad, CA",San Diego County,2016-02-29,1417.2826734257817,92116,0
96581,3914,92008,zip,CA,CA,Carlsbad,"San Diego-Chula Vista-Carlsbad, CA",San Diego County,2016-02-29,1657.3020077202968,92008,0
96555,4492,91932,zip,CA,CA,Imperial Beach,"San Diego-Chula Vista-Carlsbad, CA",San Diego County,2016-02-29,1562.8064302235225,91932,0
96584,5214,92011,zip,CA,CA,Carlsbad,"San Diego-Chula Vista-Carlsbad, CA",San Diego County,2016-02-29,2216.516429081267,92011,0
96650,5900,92108,zip,CA,CA,San Diego,"San Diego-Chula Vista-Carlsbad, CA",San Diego County,2016-02-29,1860.170741846071,92108,0
96667,166,92126,zip,CA,CA,San Diego,"San Diego-Chula Vista-Carlsbad, CA",San Diego County,2016-03-31,1762.8824862799331,92126,1
96657,414,92115,zip,CA,CA,San Diego,"San Diego-Chula Vista-Carlsbad, CA",San Diego County,2016-03-31,1395.210069466931,92115,0
96671,599,92130,zip,CA,CA,San Diego,"San Diego-Chula Vista-Carlsbad, CA",San Diego County,2016-03-31,2601.7993749752336,92130,0
96670,651,92129,zip,CA,CA,San Diego,"San Diego-Chula Vista-Carlsbad, CA",San Diego County,2016-03-31,2159.2846590219738,92129,0
96613,662,92057,zip,CA,CA,Oceanside,"San Diego-Chula Vista-Carlsbad, CA",San Diego County,2016-03-31,1773.090635207583,92057,0
96548,676,91913,zip,CA,CA,Chula Vista,"San Diego-Chula Vista-Carlsbad, CA",San Diego County,2016-03-31,1922.0350065374969,91913,0
96653,960,92111,zip,CA,CA,San Diego,"San Diego-Chula Vista-Carlsbad, CA",San Diego County,2016-03-31,1554.1770923674303,92111,0
96629,996,92078,zip,CA,CA,San Marcos,"San Diego-Chula Vista-Carlsbad, CA",San Diego County,2016-03-31,1941.0307250434928,92078,0
96669,1063,92128,zip,CA,CA,San Diego,"San Diego-Chula Vista-Carlsbad, CA",San Diego County,2016-03-31,1830.2414549334628,92128,0
96582,1105,92009,zip,CA,CA,Carlsbad,"San Diego-Chula Vista-Carlsbad, CA",San Diego County,2016-03-31,2004.8457191058808,92009,0
96646,1143,92104,zip,CA,CA,San Diego,"San Diego-Chula Vista-Carlsbad, CA",San Diego County,2016-03-31,1505.553224612658,92104,0
96664,1151,92122,zip,CA,CA,San Diego,"San Diego-Chula Vista-Carlsbad, CA",San Diego County,2016-03-31,1910.528250670507,92122,1
96651,1290,92109,zip,CA,CA,San Diego,"San Diego-Chula Vista-Carlsbad, CA",San Diego County,2016-03-31,1776.4294164487862,92109,0
96643,1522,92101,zip,CA,CA,San Diego,"San Diego-Chula Vista-Carlsbad, CA",San Diego County,2016-03-31,2020.6978269792128,92101,0
96610,2205,92054,zip,CA,CA,Oceanside,"San Diego-Chula Vista-Carlsbad, CA",San Diego County,2016-03-31,1593.9587257222038,92054,0
96602,2270,92037,zip,CA,CA,San Diego,"San Diego-Chula Vista-Carlsbad, CA",San Diego County,2016-03-31,2420.2865666069497,92037,1
96672,2406,92131,zip,CA,CA,San Diego,"San Diego-Chula Vista-Carlsbad, CA",San Diego County,2016-03-31,2071.685031229165,92131,0
96645,2966,92103,zip,CA,CA,San Diego,"San Diego-Chula Vista-Carlsbad, CA",San Diego County,2016-03-31,1657.0572666264725,92103,0
96649,3605,92107,zip,CA,CA,San Diego,"San Diego-Chula Vista-Carlsbad, CA",San Diego County,2016-03-31,1633.8472785937506,92107,0
96658,3607,92116,zip,CA,CA,San Diego,"San Diego-Chula Vista-Carlsbad, CA",San Diego County,2016-03-31,1428.701807489604,92116,0
96581,3914,92008,zip,CA,CA,Carlsbad,"San Diego-Chula Vista-Carlsbad, CA",San Diego County,2016-03-31,1688.005342865163,92008,0
96555,4492,91932,zip,CA,CA,Imperial Beach,"San Diego-Chula Vista-Carlsbad, CA",San Diego County,2016-03-31,1557.0912042143625,91932,0
96584,5214,92011,zip,CA,CA,Carlsbad,"San Diego-Chula Vista-Carlsbad, CA",San Diego County,2016-03-31,2230.866917393001,92011,0
96650,5900,92108,zip,CA,CA,San Diego,"San Diego-Chula Vista-Carlsbad, CA",San Diego County,2016-03-31,1876.1202626581744,92108,0
96667,166,92126,zip,CA,CA,San Diego,"San Diego-Chula Vista-Carlsbad, CA",San Diego County,2016-04-30,1747.917653407788,92126,1
96657,414,92115,zip,CA,CA,San Diego,"San Diego-Chula Vista-Carlsbad, CA",San Diego County,2016-04-30,1392.78777338282,92115,0
96625,475,92071,zip,CA,CA,Santee,"San Diego-Chula Vista-Carlsbad, CA",San Diego County,2016-04-30,1681.5758517503689,92071,0
96671,599,92130,zip,CA,CA,San Diego,"San Diego-Chula Vista-Carlsbad, CA",San Diego County,2016-04-30,2596.8175314164146,92130,0
96670,651,92129,zip,CA,CA,San Diego,"San Diego-Chula Vista-Carlsbad, CA",San Diego County,2016-04-30,2175.4442229233514,92129,0
96612,655,92056,zip,CA,CA,Oceanside,"San Diego-Chula Vista-Carlsbad, CA",San Diego County,2016-04-30,1609.908082878258,92056,0
96613,662,92057,zip,CA,CA,Oceanside,"San Diego-Chula Vista-Carlsbad, CA",San Diego County,2016-04-30,1794.0223061011395,92057,0
96548,676,91913,zip,CA,CA,Chula Vista,"San Diego-Chula Vista-Carlsbad, CA",San Diego County,2016-04-30,1946.0941178993623,91913,0
96653,960,92111,zip,CA,CA,San Diego,"San Diego-Chula Vista-Carlsbad, CA",San Diego County,2016-04-30,1568.7495095814768,92111,0
96668,995,92127,zip,CA,CA,San Diego,"San Diego-Chula Vista-Carlsbad, CA",San Diego County,2016-04-30,2039.4332931521103,92127,0
96629,996,92078,zip,CA,CA,San Marcos,"San Diego-Chula Vista-Carlsbad, CA",San Diego County,2016-04-30,1916.0980411865644,92078,0
96669,1063,92128,zip,CA,CA,San Diego,"San Diego-Chula Vista-Carlsbad, CA",San Diego County,2016-04-30,1842.798680637324,92128,0
96582,1105,92009,zip,CA,CA,Carlsbad,"San Diego-Chula Vista-Carlsbad, CA",San Diego County,2016-04-30,2036.906743847138,92009,0
96646,1143,92104,zip,CA,CA,San Diego,"San Diego-Chula Vista-Carlsbad, CA",San Diego County,2016-04-30,1521.44663762275,92104,0
96664,1151,92122,zip,CA,CA,San Diego,"San Diego-Chula Vista-Carlsbad, CA",San Diego County,2016-04-30,1886.1691047500287,92122,1
96651,1290,92109,zip,CA,CA,San Diego,"San Diego-Chula Vista-Carlsbad, CA",San Diego County,2016-04-30,1768.5903899312052,92109,0
96643,1522,92101,zip,CA,CA,San Diego,"San Diego-Chula Vista-Carlsbad, CA",San Diego County,2016-04-30,2039.133749513618,92101,0
96644,1622,92102,zip,CA,CA,San Diego,"San Diego-Chula Vista-Carlsbad, CA",San Diego County,2016-04-30,1349.3800074988724,92102,0
96560,1738,91942,zip,CA,CA,La Mesa,"San Diego-Chula Vista-Carlsbad, CA",San Diego County,2016-04-30,1511.945457245381,91942,0
96610,2205,92054,zip,CA,CA,Oceanside,"San Diego-Chula Vista-Carlsbad, CA",San Diego County,2016-04-30,1615.79341351144,92054,0
96602,2270,92037,zip,CA,CA,San Diego,"San Diego-Chula Vista-Carlsbad, CA",San Diego County,2016-04-30,2435.4955689385065,92037,1
96672,2406,92131,zip,CA,CA,San Diego,"San Diego-Chula Vista-Carlsbad, CA",San Diego County,2016-04-30,2075.7975092732754,92131,0
96645,2966,92103,zip,CA,CA,San Diego,"San Diego-Chula Vista-Carlsbad, CA",San Diego County,2016-04-30,1648.0461285195622,92103,0
96649,3605,92107,zip,CA,CA,San Diego,"San Diego-Chula Vista-Carlsbad, CA",San Diego County,2016-04-30,1669.0296473994897,92107,0
96658,3607,92116,zip,CA,CA,San Diego,"San Diego-Chula Vista-Carlsbad, CA",San Diego County,2016-04-30,1454.8452333017085,92116,0
96581,3914,92008,zip,CA,CA,Carlsbad,"San Diego-Chula Vista-Carlsbad, CA",San Diego County,2016-04-30,1730.0696984184108,92008,0
96555,4492,91932,zip,CA,CA,Imperial Beach,"San Diego-Chula Vista-Carlsbad, CA",San Diego County,2016-04-30,1563.1407266497936,91932,0
96584,5214,92011,zip,CA,CA,Carlsbad,"San Diego-Chula Vista-Carlsbad, CA",San Diego County,2016-04-30,2235.579446285433,92011,0
96650,5900,92108,zip,CA,CA,San Diego,"San Diego-Chula Vista-Carlsbad, CA",San Diego County,2016-04-30,1875.8101549971664,92108,0
96660,7608,92118,zip,CA,CA,Coronado,"San Diego-Chula Vista-Carlsbad, CA",San Diego County,2016-04-30,2430.108414288387,92118,0
96667,166,92126,zip,CA,CA,San Diego,"San Diego-Chula Vista-Carlsbad, CA",San Diego County,2016-05-31,1755.3360234806264,92126,1
96589,396,92020,zip,CA,CA,El Cajon,"San Diego-Chula Vista-Carlsbad, CA",San Diego County,2016-05-31,1229.8563657894838,92020,0
96657,414,92115,zip,CA,CA,San Diego,"San Diego-Chula Vista-Carlsbad, CA",San Diego County,2016-05-31,1413.0301562740226,92115,0
96625,475,92071,zip,CA,CA,Santee,"San Diego-Chula Vista-Carlsbad, CA",San Diego County,2016-05-31,1695.4817480589425,92071,0
96671,599,92130,zip,CA,CA,San Diego,"San Diego-Chula Vista-Carlsbad, CA",San Diego County,2016-05-31,2617.2623545745846,92130,0
96670,651,92129,zip,CA,CA,San Diego,"San Diego-Chula Vista-Carlsbad, CA",San Diego County,2016-05-31,2213.7649322756483,92129,0
96612,655,92056,zip,CA,CA,Oceanside,"San Diego-Chula Vista-Carlsbad, CA",San Diego County,2016-05-31,1637.739463219301,92056,0
96613,662,92057,zip,CA,CA,Oceanside,"San Diego-Chula Vista-Carlsbad, CA",San Diego County,2016-05-31,1825.597736732023,92057,0
96548,676,91913,zip,CA,CA,Chula Vista,"San Diego-Chula Vista-Carlsbad, CA",San Diego County,2016-05-31,1946.4861667774144,91913,0
96593,834,92024,zip,CA,CA,Encinitas,"San Diego-Chula Vista-Carlsbad, CA",San Diego County,2016-05-31,2102.647218985472,92024,0
96653,960,92111,zip,CA,CA,San Diego,"San Diego-Chula Vista-Carlsbad, CA",San Diego County,2016-05-31,1572.33251109536,92111,0
96668,995,92127,zip,CA,CA,San Diego,"San Diego-Chula Vista-Carlsbad, CA",San Diego County,2016-05-31,2057.802719480661,92127,0
96629,996,92078,zip,CA,CA,San Marcos,"San Diego-Chula Vista-Carlsbad, CA",San Diego County,2016-05-31,1915.099651639887,92078,0
96669,1063,92128,zip,CA,CA,San Diego,"San Diego-Chula Vista-Carlsbad, CA",San Diego County,2016-05-31,1858.6112769018537,92128,0
96582,1105,92009,zip,CA,CA,Carlsbad,"San Diego-Chula Vista-Carlsbad, CA",San Diego County,2016-05-31,2019.57787019834,92009,0
96646,1143,92104,zip,CA,CA,San Diego,"San Diego-Chula Vista-Carlsbad, CA",San Diego County,2016-05-31,1530.7246723619005,92104,0
96664,1151,92122,zip,CA,CA,San Diego,"San Diego-Chula Vista-Carlsbad, CA",San Diego County,2016-05-31,1895.7236603536808,92122,1
96651,1290,92109,zip,CA,CA,San Diego,"San Diego-Chula Vista-Carlsbad, CA",San Diego County,2016-05-31,1774.4735194270615,92109,0
96643,1522,92101,zip,CA,CA,San Diego,"San Diego-Chula Vista-Carlsbad, CA",San Diego County,2016-05-31,2045.866739494589,92101,0
96644,1622,92102,zip,CA,CA,San Diego,"San Diego-Chula Vista-Carlsbad, CA",San Diego County,2016-05-31,1392.1212643382323,92102,0
96560,1738,91942,zip,CA,CA,La Mesa,"San Diego-Chula Vista-Carlsbad, CA",San Diego County,2016-05-31,1542.7859697279257,91942,0
96610,2205,92054,zip,CA,CA,Oceanside,"San Diego-Chula Vista-Carlsbad, CA",San Diego County,2016-05-31,1649.5041590394223,92054,0
96602,2270,92037,zip,CA,CA,San Diego,"San Diego-Chula Vista-Carlsbad, CA",San Diego County,2016-05-31,2426.305423491315,92037,1
96672,2406,92131,zip,CA,CA,San Diego,"San Diego-Chula Vista-Carlsbad, CA",San Diego County,2016-05-31,2077.587921978674,92131,0
96645,2966,92103,zip,CA,CA,San Diego,"San Diego-Chula Vista-Carlsbad, CA",San Diego County,2016-05-31,1648.5528235815086,92103,0
96649,3605,92107,zip,CA,CA,San Diego,"San Diego-Chula Vista-Carlsbad, CA",San Diego County,2016-05-31,1626.2101283487414,92107,0
96658,3607,92116,zip,CA,CA,San Diego,"San Diego-Chula Vista-Carlsbad, CA",San Diego County,2016-05-31,1459.8766605971505,92116,0
96581,3914,92008,zip,CA,CA,Carlsbad,"San Diego-Chula Vista-Carlsbad, CA",San Diego County,2016-05-31,1749.5116193819033,92008,0
96555,4492,91932,zip,CA,CA,Imperial Beach,"San Diego-Chula Vista-Carlsbad, CA",San Diego County,2016-05-31,1546.653390835583,91932,0
96584,5214,92011,zip,CA,CA,Carlsbad,"San Diego-Chula Vista-Carlsbad, CA",San Diego County,2016-05-31,2246.711806492095,92011,0
96650,5900,92108,zip,CA,CA,San Diego,"San Diego-Chula Vista-Carlsbad, CA",San Diego County,2016-05-31,1887.0965921164493,92108,0
96660,7608,92118,zip,CA,CA,Coronado,"San Diego-Chula Vista-Carlsbad, CA",San Diego County,2016-05-31,2519.491273918737,92118,0
96667,166,92126,zip,CA,CA,San Diego,"San Diego-Chula Vista-Carlsbad, CA",San Diego County,2016-06-30,1770.1012412844357,92126,1
96589,396,92020,zip,CA,CA,El Cajon,"San Diego-Chula Vista-Carlsbad, CA",San Diego County,2016-06-30,1223.0786757443177,92020,0
96657,414,92115,zip,CA,CA,San Diego,"San Diego-Chula Vista-Carlsbad, CA",San Diego County,2016-06-30,1448.4611873572676,92115,0
96625,475,92071,zip,CA,CA,Santee,"San Diego-Chula Vista-Carlsbad, CA",San Diego County,2016-06-30,1714.407990341814,92071,0
96671,599,92130,zip,CA,CA,San Diego,"San Diego-Chula Vista-Carlsbad, CA",San Diego County,2016-06-30,2638.8029850028333,92130,0
96670,651,92129,zip,CA,CA,San Diego,"San Diego-Chula Vista-Carlsbad, CA",San Diego County,2016-06-30,2258.9545496545816,92129,0
96612,655,92056,zip,CA,CA,Oceanside,"San Diego-Chula Vista-Carlsbad, CA",San Diego County,2016-06-30,1643.7706839881823,92056,0
96613,662,92057,zip,CA,CA,Oceanside,"San Diego-Chula Vista-Carlsbad, CA",San Diego County,2016-06-30,1837.088050734157,92057,0
96548,676,91913,zip,CA,CA,Chula Vista,"San Diego-Chula Vista-Carlsbad, CA",San Diego County,2016-06-30,1923.8629175782744,91913,0
96593,834,92024,zip,CA,CA,Encinitas,"San Diego-Chula Vista-Carlsbad, CA",San Diego County,2016-06-30,2134.602635645373,92024,0
96653,960,92111,zip,CA,CA,San Diego,"San Diego-Chula Vista-Carlsbad, CA",San Diego County,2016-06-30,1604.8573106785316,92111,0
96668,995,92127,zip,CA,CA,San Diego,"San Diego-Chula Vista-Carlsbad, CA",San Diego County,2016-06-30,2074.173574437444,92127,0
96629,996,92078,zip,CA,CA,San Marcos,"San Diego-Chula Vista-Carlsbad, CA",San Diego County,2016-06-30,1944.9660290595743,92078,0
96669,1063,92128,zip,CA,CA,San Diego,"San Diego-Chula Vista-Carlsbad, CA",San Diego County,2016-06-30,1868.945040943693,92128,0
96582,1105,92009,zip,CA,CA,Carlsbad,"San Diego-Chula Vista-Carlsbad, CA",San Diego County,2016-06-30,2003.6090529201003,92009,0
96646,1143,92104,zip,CA,CA,San Diego,"San Diego-Chula Vista-Carlsbad, CA",San Diego County,2016-06-30,1529.5321194382575,92104,0
96664,1151,92122,zip,CA,CA,San Diego,"San Diego-Chula Vista-Carlsbad, CA",San Diego County,2016-06-30,1920.6548009888877,92122,1
96651,1290,92109,zip,CA,CA,San Diego,"San Diego-Chula Vista-Carlsbad, CA",San Diego County,2016-06-30,1790.5421723118457,92109,0
96643,1522,92101,zip,CA,CA,San Diego,"San Diego-Chula Vista-Carlsbad, CA",San Diego County,2016-06-30,2042.9585142348117,92101,0
96644,1622,92102,zip,CA,CA,San Diego,"San Diego-Chula Vista-Carlsbad, CA",San Diego County,2016-06-30,1415.0500510559557,92102,0
96560,1738,91942,zip,CA,CA,La Mesa,"San Diego-Chula Vista-Carlsbad, CA",San Diego County,2016-06-30,1534.110682026007,91942,0
96610,2205,92054,zip,CA,CA,Oceanside,"San Diego-Chula Vista-Carlsbad, CA",San Diego County,2016-06-30,1612.5667195841568,92054,0
96602,2270,92037,zip,CA,CA,San Diego,"San Diego-Chula Vista-Carlsbad, CA",San Diego County,2016-06-30,2418.3413394312106,92037,1
96672,2406,92131,zip,CA,CA,San Diego,"San Diego-Chula Vista-Carlsbad, CA",San Diego County,2016-06-30,2073.7997095116616,92131,0
96645,2966,92103,zip,CA,CA,San Diego,"San Diego-Chula Vista-Carlsbad, CA",San Diego County,2016-06-30,1654.8677903207144,92103,0
96649,3605,92107,zip,CA,CA,San Diego,"San Diego-Chula Vista-Carlsbad, CA",San Diego County,2016-06-30,1660.6805555742924,92107,0
96658,3607,92116,zip,CA,CA,San Diego,"San Diego-Chula Vista-Carlsbad, CA",San Diego County,2016-06-30,1485.223247619111,92116,0
96581,3914,92008,zip,CA,CA,Carlsbad,"San Diego-Chula Vista-Carlsbad, CA",San Diego County,2016-06-30,1782.225261389444,92008,0
96555,4492,91932,zip,CA,CA,Imperial Beach,"San Diego-Chula Vista-Carlsbad, CA",San Diego County,2016-06-30,1559.1842786479829,91932,0
96584,5214,92011,zip,CA,CA,Carlsbad,"San Diego-Chula Vista-Carlsbad, CA",San Diego County,2016-06-30,2269.234192568019,92011,0
96650,5900,92108,zip,CA,CA,San Diego,"San Diego-Chula Vista-Carlsbad, CA",San Diego County,2016-06-30,1904.441887030556,92108,0
96660,7608,92118,zip,CA,CA,Coronado,"San Diego-Chula Vista-Carlsbad, CA",San Diego County,2016-06-30,2661.186825280523,92118,0
96667,166,92126,zip,CA,CA,San Diego,"San Diego-Chula Vista-Carlsbad, CA",San Diego County,2016-07-31,1785.0483952317977,92126,1
96589,396,92020,zip,CA,CA,El Cajon,"San Diego-Chula Vista-Carlsbad, CA",San Diego County,2016-07-31,1249.6455440625425,92020,0
96657,414,92115,zip,CA,CA,San Diego,"San Diego-Chula Vista-Carlsbad, CA",San Diego County,2016-07-31,1457.7450839064809,92115,0
96625,475,92071,zip,CA,CA,Santee,"San Diego-Chula Vista-Carlsbad, CA",San Diego County,2016-07-31,1741.3076370752951,92071,0
96671,599,92130,zip,CA,CA,San Diego,"San Diego-Chula Vista-Carlsbad, CA",San Diego County,2016-07-31,2674.6837560463,92130,0
96670,651,92129,zip,CA,CA,San Diego,"San Diego-Chula Vista-Carlsbad, CA",San Diego County,2016-07-31,2260.436846751394,92129,0
96612,655,92056,zip,CA,CA,Oceanside,"San Diego-Chula Vista-Carlsbad, CA",San Diego County,2016-07-31,1638.6469278878385,92056,0
96613,662,92057,zip,CA,CA,Oceanside,"San Diego-Chula Vista-Carlsbad, CA",San Diego County,2016-07-31,1828.9944361252628,92057,0
96548,676,91913,zip,CA,CA,Chula Vista,"San Diego-Chula Vista-Carlsbad, CA",San Diego County,2016-07-31,1917.1044143752872,91913,0
96593,834,92024,zip,CA,CA,Encinitas,"San Diego-Chula Vista-Carlsbad, CA",San Diego County,2016-07-31,2129.224944357251,92024,0
96653,960,92111,zip,CA,CA,San Diego,"San Diego-Chula Vista-Carlsbad, CA",San Diego County,2016-07-31,1599.184414333429,92111,0
96668,995,92127,zip,CA,CA,San Diego,"San Diego-Chula Vista-Carlsbad, CA",San Diego County,2016-07-31,2067.654558187827,92127,0
96629,996,92078,zip,CA,CA,San Marcos,"San Diego-Chula Vista-Carlsbad, CA",San Diego County,2016-07-31,1981.0517289986888,92078,0
96669,1063,92128,zip,CA,CA,San Diego,"San Diego-Chula Vista-Carlsbad, CA",San Diego County,2016-07-31,1863.5381103761008,92128,0
96582,1105,92009,zip,CA,CA,Carlsbad,"San Diego-Chula Vista-Carlsbad, CA",San Diego County,2016-07-31,2039.6052880203015,92009,0
96646,1143,92104,zip,CA,CA,San Diego,"San Diego-Chula Vista-Carlsbad, CA",San Diego County,2016-07-31,1536.7995336431263,92104,0
96664,1151,92122,zip,CA,CA,San Diego,"San Diego-Chula Vista-Carlsbad, CA",San Diego County,2016-07-31,1952.116986303297,92122,1
96651,1290,92109,zip,CA,CA,San Diego,"San Diego-Chula Vista-Carlsbad, CA",San Diego County,2016-07-31,1832.634972417262,92109,0
96643,1522,92101,zip,CA,CA,San Diego,"San Diego-Chula Vista-Carlsbad, CA",San Diego County,2016-07-31,2040.8429322178283,92101,0
96644,1622,92102,zip,CA,CA,San Diego,"San Diego-Chula Vista-Carlsbad, CA",San Diego County,2016-07-31,1439.3527943733525,92102,0
96560,1738,91942,zip,CA,CA,La Mesa,"San Diego-Chula Vista-Carlsbad, CA",San Diego County,2016-07-31,1538.7725571324636,91942,0
96610,2205,92054,zip,CA,CA,Oceanside,"San Diego-Chula Vista-Carlsbad, CA",San Diego County,2016-07-31,1644.64030524644,92054,0
96602,2270,92037,zip,CA,CA,San Diego,"San Diego-Chula Vista-Carlsbad, CA",San Diego County,2016-07-31,2432.6312649805222,92037,1
96672,2406,92131,zip,CA,CA,San Diego,"San Diego-Chula Vista-Carlsbad, CA",San Diego County,2016-07-31,2113.70694719882,92131,0
96645,2966,92103,zip,CA,CA,San Diego,"San Diego-Chula Vista-Carlsbad, CA",San Diego County,2016-07-31,1683.5566583357825,92103,0
96649,3605,92107,zip,CA,CA,San Diego,"San Diego-Chula Vista-Carlsbad, CA",San Diego County,2016-07-31,1683.255304872196,92107,0
96658,3607,92116,zip,CA,CA,San Diego,"San Diego-Chula Vista-Carlsbad, CA",San Diego County,2016-07-31,1494.226909326861,92116,0
96581,3914,92008,zip,CA,CA,Carlsbad,"San Diego-Chula Vista-Carlsbad, CA",San Diego County,2016-07-31,1764.0871202677288,92008,0
96555,4492,91932,zip,CA,CA,Imperial Beach,"San Diego-Chula Vista-Carlsbad, CA",San Diego County,2016-07-31,1573.820711608296,91932,0
96584,5214,92011,zip,CA,CA,Carlsbad,"San Diego-Chula Vista-Carlsbad, CA",San Diego County,2016-07-31,2281.6408628547915,92011,0
96650,5900,92108,zip,CA,CA,San Diego,"San Diego-Chula Vista-Carlsbad, CA",San Diego County,2016-07-31,1914.5899147188125,92108,0
96660,7608,92118,zip,CA,CA,Coronado,"San Diego-Chula Vista-Carlsbad, CA",San Diego County,2016-07-31,2659.7214898721218,92118,0
96667,166,92126,zip,CA,CA,San Diego,"San Diego-Chula Vista-Carlsbad, CA",San Diego County,2016-08-31,1802.1974454553435,92126,1
96589,396,92020,zip,CA,CA,El Cajon,"San Diego-Chula Vista-Carlsbad, CA",San Diego County,2016-08-31,1273.9677652975608,92020,0
96657,414,92115,zip,CA,CA,San Diego,"San Diego-Chula Vista-Carlsbad, CA",San Diego County,2016-08-31,1459.0762980460547,92115,0
96625,475,92071,zip,CA,CA,Santee,"San Diego-Chula Vista-Carlsbad, CA",San Diego County,2016-08-31,1742.2162244298802,92071,0
96671,599,92130,zip,CA,CA,San Diego,"San Diego-Chula Vista-Carlsbad, CA",San Diego County,2016-08-31,2662.6975077443,92130,0
96670,651,92129,zip,CA,CA,San Diego,"San Diego-Chula Vista-Carlsbad, CA",San Diego County,2016-08-31,2269.190153457552,92129,0
96612,655,92056,zip,CA,CA,Oceanside,"San Diego-Chula Vista-Carlsbad, CA",San Diego County,2016-08-31,1637.0914504083587,92056,0
96613,662,92057,zip,CA,CA,Oceanside,"San Diego-Chula Vista-Carlsbad, CA",San Diego County,2016-08-31,1830.49084919653,92057,0
96548,676,91913,zip,CA,CA,Chula Vista,"San Diego-Chula Vista-Carlsbad, CA",San Diego County,2016-08-31,1935.9899277637576,91913,0
96593,834,92024,zip,CA,CA,Encinitas,"San Diego-Chula Vista-Carlsbad, CA",San Diego County,2016-08-31,2145.9573766901026,92024,0
96653,960,92111,zip,CA,CA,San Diego,"San Diego-Chula Vista-Carlsbad, CA",San Diego County,2016-08-31,1610.6736247998413,92111,0
96668,995,92127,zip,CA,CA,San Diego,"San Diego-Chula Vista-Carlsbad, CA",San Diego County,2016-08-31,2067.188762885332,92127,0
96629,996,92078,zip,CA,CA,San Marcos,"San Diego-Chula Vista-Carlsbad, CA",San Diego County,2016-08-31,2000.55564212074,92078,0
96669,1063,92128,zip,CA,CA,San Diego,"San Diego-Chula Vista-Carlsbad, CA",San Diego County,2016-08-31,1862.6988872826732,92128,0
96582,1105,92009,zip,CA,CA,Carlsbad,"San Diego-Chula Vista-Carlsbad, CA",San Diego County,2016-08-31,2095.8313656020296,92009,0
96646,1143,92104,zip,CA,CA,San Diego,"San Diego-Chula Vista-Carlsbad, CA",San Diego County,2016-08-31,1558.1922762737745,92104,0
96664,1151,92122,zip,CA,CA,San Diego,"San Diego-Chula Vista-Carlsbad, CA",San Diego County,2016-08-31,1951.208852494292,92122,1
96651,1290,92109,zip,CA,CA,San Diego,"San Diego-Chula Vista-Carlsbad, CA",San Diego County,2016-08-31,1851.5517268121744,92109,0
96643,1522,92101,zip,CA,CA,San Diego,"San Diego-Chula Vista-Carlsbad, CA",San Diego County,2016-08-31,2045.2934116169863,92101,0
96644,1622,92102,zip,CA,CA,San Diego,"San Diego-Chula Vista-Carlsbad, CA",San Diego County,2016-08-31,1429.2168195498464,92102,0
96560,1738,91942,zip,CA,CA,La Mesa,"San Diego-Chula Vista-Carlsbad, CA",San Diego County,2016-08-31,1533.5084807241135,91942,0
96610,2205,92054,zip,CA,CA,Oceanside,"San Diego-Chula Vista-Carlsbad, CA",San Diego County,2016-08-31,1667.855737768347,92054,0
96602,2270,92037,zip,CA,CA,San Diego,"San Diego-Chula Vista-Carlsbad, CA",San Diego County,2016-08-31,2430.9256922507548,92037,1
96672,2406,92131,zip,CA,CA,San Diego,"San Diego-Chula Vista-Carlsbad, CA",San Diego County,2016-08-31,2128.419552833079,92131,0
96645,2966,92103,zip,CA,CA,San Diego,"San Diego-Chula Vista-Carlsbad, CA",San Diego County,2016-08-31,1726.4922511189402,92103,0
96649,3605,92107,zip,CA,CA,San Diego,"San Diego-Chula Vista-Carlsbad, CA",San Diego County,2016-08-31,1748.2721555157812,92107,0
96658,3607,92116,zip,CA,CA,San Diego,"San Diego-Chula Vista-Carlsbad, CA",San Diego County,2016-08-31,1506.7929381209726,92116,0
96581,3914,92008,zip,CA,CA,Carlsbad,"San Diego-Chula Vista-Carlsbad, CA",San Diego County,2016-08-31,1743.067454468958,92008,0
96555,4492,91932,zip,CA,CA,Imperial Beach,"San Diego-Chula Vista-Carlsbad, CA",San Diego County,2016-08-31,1604.1275608240255,91932,0
96584,5214,92011,zip,CA,CA,Carlsbad,"San Diego-Chula Vista-Carlsbad, CA",San Diego County,2016-08-31,2264.547446897386,92011,0
96650,5900,92108,zip,CA,CA,San Diego,"San Diego-Chula Vista-Carlsbad, CA",San Diego County,2016-08-31,1917.9560294684163,92108,0
96660,7608,92118,zip,CA,CA,Coronado,"San Diego-Chula Vista-Carlsbad, CA",San Diego County,2016-08-31,2612.380414238838,92118,0
96667,166,92126,zip,CA,CA,San Diego,"San Diego-Chula Vista-Carlsbad, CA",San Diego County,2016-09-30,1805.696335510104,92126,1
96589,396,92020,zip,CA,CA,El Cajon,"San Diego-Chula Vista-Carlsbad, CA",San Diego County,2016-09-30,1306.7527437041745,92020,0
96657,414,92115,zip,CA,CA,San Diego,"San Diego-Chula Vista-Carlsbad, CA",San Diego County,2016-09-30,1454.9650406516098,92115,0
96625,475,92071,zip,CA,CA,Santee,"San Diego-Chula Vista-Carlsbad, CA",San Diego County,2016-09-30,1745.1734681933856,92071,0
96671,599,92130,zip,CA,CA,San Diego,"San Diego-Chula Vista-Carlsbad, CA",San Diego County,2016-09-30,2653.346530805014,92130,0
96670,651,92129,zip,CA,CA,San Diego,"San Diego-Chula Vista-Carlsbad, CA",San Diego County,2016-09-30,2229.077341247217,92129,0
96612,655,92056,zip,CA,CA,Oceanside,"San Diego-Chula Vista-Carlsbad, CA",San Diego County,2016-09-30,1646.1346900371632,92056,0
96613,662,92057,zip,CA,CA,Oceanside,"San Diego-Chula Vista-Carlsbad, CA",San Diego County,2016-09-30,1855.3050722021576,92057,0
96548,676,91913,zip,CA,CA,Chula Vista,"San Diego-Chula Vista-Carlsbad, CA",San Diego County,2016-09-30,1946.906404311108,91913,0
96593,834,92024,zip,CA,CA,Encinitas,"San Diego-Chula Vista-Carlsbad, CA",San Diego County,2016-09-30,2134.439546914208,92024,0
96653,960,92111,zip,CA,CA,San Diego,"San Diego-Chula Vista-Carlsbad, CA",San Diego County,2016-09-30,1615.8318897980116,92111,0
96668,995,92127,zip,CA,CA,San Diego,"San Diego-Chula Vista-Carlsbad, CA",San Diego County,2016-09-30,2068.378136354112,92127,0
96629,996,92078,zip,CA,CA,San Marcos,"San Diego-Chula Vista-Carlsbad, CA",San Diego County,2016-09-30,2003.8987985588235,92078,0
96669,1063,92128,zip,CA,CA,San Diego,"San Diego-Chula Vista-Carlsbad, CA",San Diego County,2016-09-30,1854.0430554313912,92128,0
96582,1105,92009,zip,CA,CA,Carlsbad,"San Diego-Chula Vista-Carlsbad, CA",San Diego County,2016-09-30,2127.9192861493857,92009,0
96646,1143,92104,zip,CA,CA,San Diego,"San Diego-Chula Vista-Carlsbad, CA",San Diego County,2016-09-30,1552.1577759808204,92104,0
96664,1151,92122,zip,CA,CA,San Diego,"San Diego-Chula Vista-Carlsbad, CA",San Diego County,2016-09-30,1967.354517877656,92122,1
96651,1290,92109,zip,CA,CA,San Diego,"San Diego-Chula Vista-Carlsbad, CA",San Diego County,2016-09-30,1869.937501454633,92109,0
96643,1522,92101,zip,CA,CA,San Diego,"San Diego-Chula Vista-Carlsbad, CA",San Diego County,2016-09-30,2053.312274581356,92101,0
96644,1622,92102,zip,CA,CA,San Diego,"San Diego-Chula Vista-Carlsbad, CA",San Diego County,2016-09-30,1438.308437173496,92102,0
96560,1738,91942,zip,CA,CA,La Mesa,"San Diego-Chula Vista-Carlsbad, CA",San Diego County,2016-09-30,1533.3854135875836,91942,0
96610,2205,92054,zip,CA,CA,Oceanside,"San Diego-Chula Vista-Carlsbad, CA",San Diego County,2016-09-30,1690.4104949613943,92054,0
96602,2270,92037,zip,CA,CA,San Diego,"San Diego-Chula Vista-Carlsbad, CA",San Diego County,2016-09-30,2436.132619111008,92037,1
96672,2406,92131,zip,CA,CA,San Diego,"San Diego-Chula Vista-Carlsbad, CA",San Diego County,2016-09-30,2120.6309909917877,92131,0
96645,2966,92103,zip,CA,CA,San Diego,"San Diego-Chula Vista-Carlsbad, CA",San Diego County,2016-09-30,1735.168591809281,92103,0
96649,3605,92107,zip,CA,CA,San Diego,"San Diego-Chula Vista-Carlsbad, CA",San Diego County,2016-09-30,1749.2555064497449,92107,0
96658,3607,92116,zip,CA,CA,San Diego,"San Diego-Chula Vista-Carlsbad, CA",San Diego County,2016-09-30,1508.0817833930878,92116,0
96581,3914,92008,zip,CA,CA,Carlsbad,"San Diego-Chula Vista-Carlsbad, CA",San Diego County,2016-09-30,1739.0235331609374,92008,0
96555,4492,91932,zip,CA,CA,Imperial Beach,"San Diego-Chula Vista-Carlsbad, CA",San Diego County,2016-09-30,1649.5516523341307,91932,0
96584,5214,92011,zip,CA,CA,Carlsbad,"San Diego-Chula Vista-Carlsbad, CA",San Diego County,2016-09-30,2275.750858554936,92011,0
96650,5900,92108,zip,CA,CA,San Diego,"San Diego-Chula Vista-Carlsbad, CA",San Diego County,2016-09-30,1919.802546675266,92108,0
96660,7608,92118,zip,CA,CA,Coronado,"San Diego-Chula Vista-Carlsbad, CA",San Diego County,2016-09-30,2636.350714524758,92118,0
96667,166,92126,zip,CA,CA,San Diego,"San Diego-Chula Vista-Carlsbad, CA",San Diego County,2016-10-31,1816.656954984354,92126,1
96589,396,92020,zip,CA,CA,El Cajon,"San Diego-Chula Vista-Carlsbad, CA",San Diego County,2016-10-31,1336.0552352774976,92020,0
96657,414,92115,zip,CA,CA,San Diego,"San Diego-Chula Vista-Carlsbad, CA",San Diego County,2016-10-31,1457.4842753933494,92115,0
96625,475,92071,zip,CA,CA,Santee,"San Diego-Chula Vista-Carlsbad, CA",San Diego County,2016-10-31,1731.4894953809087,92071,0
96671,599,92130,zip,CA,CA,San Diego,"San Diego-Chula Vista-Carlsbad, CA",San Diego County,2016-10-31,2624.864255175187,92130,0
96670,651,92129,zip,CA,CA,San Diego,"San Diego-Chula Vista-Carlsbad, CA",San Diego County,2016-10-31,2229.1932351387272,92129,0
96612,655,92056,zip,CA,CA,Oceanside,"San Diego-Chula Vista-Carlsbad, CA",San Diego County,2016-10-31,1672.9536783712258,92056,0
96613,662,92057,zip,CA,CA,Oceanside,"San Diego-Chula Vista-Carlsbad, CA",San Diego County,2016-10-31,1867.012725258216,92057,0
96548,676,91913,zip,CA,CA,Chula Vista,"San Diego-Chula Vista-Carlsbad, CA",San Diego County,2016-10-31,1952.2154645525095,91913,0
96593,834,92024,zip,CA,CA,Encinitas,"San Diego-Chula Vista-Carlsbad, CA",San Diego County,2016-10-31,2169.79748771179,92024,0
96653,960,92111,zip,CA,CA,San Diego,"San Diego-Chula Vista-Carlsbad, CA",San Diego County,2016-10-31,1633.8092508207376,92111,0
96668,995,92127,zip,CA,CA,San Diego,"San Diego-Chula Vista-Carlsbad, CA",San Diego County,2016-10-31,2092.2985123174863,92127,0
96629,996,92078,zip,CA,CA,San Marcos,"San Diego-Chula Vista-Carlsbad, CA",San Diego County,2016-10-31,2007.417463324614,92078,0
96669,1063,92128,zip,CA,CA,San Diego,"San Diego-Chula Vista-Carlsbad, CA",San Diego County,2016-10-31,1858.247303638152,92128,0
96582,1105,92009,zip,CA,CA,Carlsbad,"San Diego-Chula Vista-Carlsbad, CA",San Diego County,2016-10-31,2077.823160243881,92009,0
96646,1143,92104,zip,CA,CA,San Diego,"San Diego-Chula Vista-Carlsbad, CA",San Diego County,2016-10-31,1546.6009272565173,92104,0
96664,1151,92122,zip,CA,CA,San Diego,"San Diego-Chula Vista-Carlsbad, CA",San Diego County,2016-10-31,1975.363284772263,92122,1
96651,1290,92109,zip,CA,CA,San Diego,"San Diego-Chula Vista-Carlsbad, CA",San Diego County,2016-10-31,1872.6902261330367,92109,0
96643,1522,92101,zip,CA,CA,San Diego,"San Diego-Chula Vista-Carlsbad, CA",San Diego County,2016-10-31,2066.6752367049894,92101,0
96644,1622,92102,zip,CA,CA,San Diego,"San Diego-Chula Vista-Carlsbad, CA",San Diego County,2016-10-31,1446.6326182586215,92102,0
96560,1738,91942,zip,CA,CA,La Mesa,"San Diego-Chula Vista-Carlsbad, CA",San Diego County,2016-10-31,1519.8316881091705,91942,0
96610,2205,92054,zip,CA,CA,Oceanside,"San Diego-Chula Vista-Carlsbad, CA",San Diego County,2016-10-31,1662.4008475025332,92054,0
96602,2270,92037,zip,CA,CA,San Diego,"San Diego-Chula Vista-Carlsbad, CA",San Diego County,2016-10-31,2473.708518973579,92037,1
96672,2406,92131,zip,CA,CA,San Diego,"San Diego-Chula Vista-Carlsbad, CA",San Diego County,2016-10-31,2107.938754183174,92131,0
96645,2966,92103,zip,CA,CA,San Diego,"San Diego-Chula Vista-Carlsbad, CA",San Diego County,2016-10-31,1729.5852656803015,92103,0
96652,3560,92110,zip,CA,CA,San Diego,"San Diego-Chula Vista-Carlsbad, CA",San Diego County,2016-10-31,1749.174958117004,92110,0
96649,3605,92107,zip,CA,CA,San Diego,"San Diego-Chula Vista-Carlsbad, CA",San Diego County,2016-10-31,1747.9842876518137,92107,0
96658,3607,92116,zip,CA,CA,San Diego,"San Diego-Chula Vista-Carlsbad, CA",San Diego County,2016-10-31,1502.9971394003414,92116,0
96581,3914,92008,zip,CA,CA,Carlsbad,"San Diego-Chula Vista-Carlsbad, CA",San Diego County,2016-10-31,1706.5860738257882,92008,0
96555,4492,91932,zip,CA,CA,Imperial Beach,"San Diego-Chula Vista-Carlsbad, CA",San Diego County,2016-10-31,1662.8239332037165,91932,0
96584,5214,92011,zip,CA,CA,Carlsbad,"San Diego-Chula Vista-Carlsbad, CA",San Diego County,2016-10-31,2266.267398335824,92011,0
96650,5900,92108,zip,CA,CA,San Diego,"San Diego-Chula Vista-Carlsbad, CA",San Diego County,2016-10-31,1930.7146498376544,92108,0
96660,7608,92118,zip,CA,CA,Coronado,"San Diego-Chula Vista-Carlsbad, CA",San Diego County,2016-10-31,2530.699701218934,92118,0
96667,166,92126,zip,CA,CA,San Diego,"San Diego-Chula Vista-Carlsbad, CA",San Diego County,2016-11-30,1825.1245927277655,92126,1
96589,396,92020,zip,CA,CA,El Cajon,"San Diego-Chula Vista-Carlsbad, CA",San Diego County,2016-11-30,1313.926965314757,92020,0
96657,414,92115,zip,CA,CA,San Diego,"San Diego-Chula Vista-Carlsbad, CA",San Diego County,2016-11-30,1495.3278792705862,92115,0
96625,475,92071,zip,CA,CA,Santee,"San Diego-Chula Vista-Carlsbad, CA",San Diego County,2016-11-30,1737.345864476586,92071,0
96671,599,92130,zip,CA,CA,San Diego,"San Diego-Chula Vista-Carlsbad, CA",San Diego County,2016-11-30,2617.661619485264,92130,0
96670,651,92129,zip,CA,CA,San Diego,"San Diego-Chula Vista-Carlsbad, CA",San Diego County,2016-11-30,2222.855900766549,92129,0
96612,655,92056,zip,CA,CA,Oceanside,"San Diego-Chula Vista-Carlsbad, CA",San Diego County,2016-11-30,1674.4447564725274,92056,0
96613,662,92057,zip,CA,CA,Oceanside,"San Diego-Chula Vista-Carlsbad, CA",San Diego County,2016-11-30,1884.5940143559212,92057,0
96548,676,91913,zip,CA,CA,Chula Vista,"San Diego-Chula Vista-Carlsbad, CA",San Diego County,2016-11-30,1935.2516860880537,91913,0
96593,834,92024,zip,CA,CA,Encinitas,"San Diego-Chula Vista-Carlsbad, CA",San Diego County,2016-11-30,2179.4959367791066,92024,0
96653,960,92111,zip,CA,CA,San Diego,"San Diego-Chula Vista-Carlsbad, CA",San Diego County,2016-11-30,1654.34472218302,92111,0
96668,995,92127,zip,CA,CA,San Diego,"San Diego-Chula Vista-Carlsbad, CA",San Diego County,2016-11-30,2085.75010132277,92127,0
96629,996,92078,zip,CA,CA,San Marcos,"San Diego-Chula Vista-Carlsbad, CA",San Diego County,2016-11-30,1967.595101856087,92078,0
96669,1063,92128,zip,CA,CA,San Diego,"San Diego-Chula Vista-Carlsbad, CA",San Diego County,2016-11-30,1879.4453892241204,92128,0
96582,1105,92009,zip,CA,CA,Carlsbad,"San Diego-Chula Vista-Carlsbad, CA",San Diego County,2016-11-30,2050.529274715414,92009,0
96646,1143,92104,zip,CA,CA,San Diego,"San Diego-Chula Vista-Carlsbad, CA",San Diego County,2016-11-30,1525.2514934662606,92104,0
96664,1151,92122,zip,CA,CA,San Diego,"San Diego-Chula Vista-Carlsbad, CA",San Diego County,2016-11-30,1943.6036477368616,92122,1
96651,1290,92109,zip,CA,CA,San Diego,"San Diego-Chula Vista-Carlsbad, CA",San Diego County,2016-11-30,1868.806853267891,92109,0
96643,1522,92101,zip,CA,CA,San Diego,"San Diego-Chula Vista-Carlsbad, CA",San Diego County,2016-11-30,2061.380847608564,92101,0
96644,1622,92102,zip,CA,CA,San Diego,"San Diego-Chula Vista-Carlsbad, CA",San Diego County,2016-11-30,1428.5612603809138,92102,0
96560,1738,91942,zip,CA,CA,La Mesa,"San Diego-Chula Vista-Carlsbad, CA",San Diego County,2016-11-30,1550.435078412484,91942,0
96610,2205,92054,zip,CA,CA,Oceanside,"San Diego-Chula Vista-Carlsbad, CA",San Diego County,2016-11-30,1684.6081154652209,92054,0
96602,2270,92037,zip,CA,CA,San Diego,"San Diego-Chula Vista-Carlsbad, CA",San Diego County,2016-11-30,2482.1889928234086,92037,1
96672,2406,92131,zip,CA,CA,San Diego,"San Diego-Chula Vista-Carlsbad, CA",San Diego County,2016-11-30,2122.5278740809995,92131,0
96645,2966,92103,zip,CA,CA,San Diego,"San Diego-Chula Vista-Carlsbad, CA",San Diego County,2016-11-30,1720.28752653734,92103,0
96652,3560,92110,zip,CA,CA,San Diego,"San Diego-Chula Vista-Carlsbad, CA",San Diego County,2016-11-30,1720.5834408740288,92110,0
96649,3605,92107,zip,CA,CA,San Diego,"San Diego-Chula Vista-Carlsbad, CA",San Diego County,2016-11-30,1714.3934787607006,92107,0
96658,3607,92116,zip,CA,CA,San Diego,"San Diego-Chula Vista-Carlsbad, CA",San Diego County,2016-11-30,1498.9037116037227,92116,0
96581,3914,92008,zip,CA,CA,Carlsbad,"San Diego-Chula Vista-Carlsbad, CA",San Diego County,2016-11-30,1718.6876219088026,92008,0
96555,4492,91932,zip,CA,CA,Imperial Beach,"San Diego-Chula Vista-Carlsbad, CA",San Diego County,2016-11-30,1663.4166806428634,91932,0
96584,5214,92011,zip,CA,CA,Carlsbad,"San Diego-Chula Vista-Carlsbad, CA",San Diego County,2016-11-30,2308.926668707153,92011,0
96650,5900,92108,zip,CA,CA,San Diego,"San Diego-Chula Vista-Carlsbad, CA",San Diego County,2016-11-30,1931.4801540199496,92108,0
96660,7608,92118,zip,CA,CA,Coronado,"San Diego-Chula Vista-Carlsbad, CA",San Diego County,2016-11-30,2518.042264077254,92118,0
96667,166,92126,zip,CA,CA,San Diego,"San Diego-Chula Vista-Carlsbad, CA",San Diego County,2016-12-31,1807.1959416138209,92126,1
96647,207,92105,zip,CA,CA,San Diego,"San Diego-Chula Vista-Carlsbad, CA",San Diego County,2016-12-31,1282.2162306963764,92105,0
96589,396,92020,zip,CA,CA,El Cajon,"San Diego-Chula Vista-Carlsbad, CA",San Diego County,2016-12-31,1306.3176582786466,92020,0
96657,414,92115,zip,CA,CA,San Diego,"San Diego-Chula Vista-Carlsbad, CA",San Diego County,2016-12-31,1511.5468673377818,92115,0
96625,475,92071,zip,CA,CA,Santee,"San Diego-Chula Vista-Carlsbad, CA",San Diego County,2016-12-31,1731.807263238696,92071,0
96671,599,92130,zip,CA,CA,San Diego,"San Diego-Chula Vista-Carlsbad, CA",San Diego County,2016-12-31,2647.126721598001,92130,0
96670,651,92129,zip,CA,CA,San Diego,"San Diego-Chula Vista-Carlsbad, CA",San Diego County,2016-12-31,2252.967721733697,92129,0
96612,655,92056,zip,CA,CA,Oceanside,"San Diego-Chula Vista-Carlsbad, CA",San Diego County,2016-12-31,1662.4221138612274,92056,0
96613,662,92057,zip,CA,CA,Oceanside,"San Diego-Chula Vista-Carlsbad, CA",San Diego County,2016-12-31,1854.5345180275208,92057,0
96548,676,91913,zip,CA,CA,Chula Vista,"San Diego-Chula Vista-Carlsbad, CA",San Diego County,2016-12-31,1947.2972928188476,91913,0
96659,787,92117,zip,CA,CA,San Diego,"San Diego-Chula Vista-Carlsbad, CA",San Diego County,2016-12-31,1601.3070589029608,92117,0
96593,834,92024,zip,CA,CA,Encinitas,"San Diego-Chula Vista-Carlsbad, CA",San Diego County,2016-12-31,2181.415620427474,92024,0
96653,960,92111,zip,CA,CA,San Diego,"San Diego-Chula Vista-Carlsbad, CA",San Diego County,2016-12-31,1651.2314755078255,92111,0
96668,995,92127,zip,CA,CA,San Diego,"San Diego-Chula Vista-Carlsbad, CA",San Diego County,2016-12-31,2094.6235080923934,92127,0
96629,996,92078,zip,CA,CA,San Marcos,"San Diego-Chula Vista-Carlsbad, CA",San Diego County,2016-12-31,1968.1756405965907,92078,0
96669,1063,92128,zip,CA,CA,San Diego,"San Diego-Chula Vista-Carlsbad, CA",San Diego County,2016-12-31,1882.020165253875,92128,0
96582,1105,92009,zip,CA,CA,Carlsbad,"San Diego-Chula Vista-Carlsbad, CA",San Diego County,2016-12-31,2048.7624503937373,92009,0
96646,1143,92104,zip,CA,CA,San Diego,"San Diego-Chula Vista-Carlsbad, CA",San Diego County,2016-12-31,1542.955672753569,92104,0
96664,1151,92122,zip,CA,CA,San Diego,"San Diego-Chula Vista-Carlsbad, CA",San Diego County,2016-12-31,1916.861180165443,92122,1
96651,1290,92109,zip,CA,CA,San Diego,"San Diego-Chula Vista-Carlsbad, CA",San Diego County,2016-12-31,1843.9014616268569,92109,0
96643,1522,92101,zip,CA,CA,San Diego,"San Diego-Chula Vista-Carlsbad, CA",San Diego County,2016-12-31,2059.151678421067,92101,0
96644,1622,92102,zip,CA,CA,San Diego,"San Diego-Chula Vista-Carlsbad, CA",San Diego County,2016-12-31,1446.091674511926,92102,0
96560,1738,91942,zip,CA,CA,La Mesa,"San Diego-Chula Vista-Carlsbad, CA",San Diego County,2016-12-31,1577.284662808776,91942,0
96610,2205,92054,zip,CA,CA,Oceanside,"San Diego-Chula Vista-Carlsbad, CA",San Diego County,2016-12-31,1724.2081172774276,92054,0
96602,2270,92037,zip,CA,CA,San Diego,"San Diego-Chula Vista-Carlsbad, CA",San Diego County,2016-12-31,2469.7115117380126,92037,1
96672,2406,92131,zip,CA,CA,San Diego,"San Diego-Chula Vista-Carlsbad, CA",San Diego County,2016-12-31,2132.262718605436,92131,0
96645,2966,92103,zip,CA,CA,San Diego,"San Diego-Chula Vista-Carlsbad, CA",San Diego County,2016-12-31,1708.580523776936,92103,0
96652,3560,92110,zip,CA,CA,San Diego,"San Diego-Chula Vista-Carlsbad, CA",San Diego County,2016-12-31,1711.413145315322,92110,0
96649,3605,92107,zip,CA,CA,San Diego,"San Diego-Chula Vista-Carlsbad, CA",San Diego County,2016-12-31,1718.051290590544,92107,0
96658,3607,92116,zip,CA,CA,San Diego,"San Diego-Chula Vista-Carlsbad, CA",San Diego County,2016-12-31,1502.8353184273117,92116,0
96581,3914,92008,zip,CA,CA,Carlsbad,"San Diego-Chula Vista-Carlsbad, CA",San Diego County,2016-12-31,1722.371048576704,92008,0
96555,4492,91932,zip,CA,CA,Imperial Beach,"San Diego-Chula Vista-Carlsbad, CA",San Diego County,2016-12-31,1635.2964957374256,91932,0
96584,5214,92011,zip,CA,CA,Carlsbad,"San Diego-Chula Vista-Carlsbad, CA",San Diego County,2016-12-31,2318.8382607167537,92011,0
96650,5900,92108,zip,CA,CA,San Diego,"San Diego-Chula Vista-Carlsbad, CA",San Diego County,2016-12-31,1937.3825610948295,92108,0
96660,7608,92118,zip,CA,CA,Coronado,"San Diego-Chula Vista-Carlsbad, CA",San Diego County,2016-12-31,2462.6124174237384,92118,0
96667,166,92126,zip,CA,CA,San Diego,"San Diego-Chula Vista-Carlsbad, CA",San Diego County,2017-01-31,1813.15929837151,92126,1
96647,207,92105,zip,CA,CA,San Diego,"San Diego-Chula Vista-Carlsbad, CA",San Diego County,2017-01-31,1285.8251796902546,92105,0
96589,396,92020,zip,CA,CA,El Cajon,"San Diego-Chula Vista-Carlsbad, CA",San Diego County,2017-01-31,1292.27668640626,92020,0
96657,414,92115,zip,CA,CA,San Diego,"San Diego-Chula Vista-Carlsbad, CA",San Diego County,2017-01-31,1524.511197054092,92115,0
96625,475,92071,zip,CA,CA,Santee,"San Diego-Chula Vista-Carlsbad, CA",San Diego County,2017-01-31,1736.473976779926,92071,0
96671,599,92130,zip,CA,CA,San Diego,"San Diego-Chula Vista-Carlsbad, CA",San Diego County,2017-01-31,2660.3137951020144,92130,0
96670,651,92129,zip,CA,CA,San Diego,"San Diego-Chula Vista-Carlsbad, CA",San Diego County,2017-01-31,2268.2659603229245,92129,0
96612,655,92056,zip,CA,CA,Oceanside,"San Diego-Chula Vista-Carlsbad, CA",San Diego County,2017-01-31,1662.0113765288352,92056,0
96613,662,92057,zip,CA,CA,Oceanside,"San Diego-Chula Vista-Carlsbad, CA",San Diego County,2017-01-31,1859.822081660669,92057,0
96548,676,91913,zip,CA,CA,Chula Vista,"San Diego-Chula Vista-Carlsbad, CA",San Diego County,2017-01-31,1963.6950892833072,91913,0
96659,787,92117,zip,CA,CA,San Diego,"San Diego-Chula Vista-Carlsbad, CA",San Diego County,2017-01-31,1611.2994385150043,92117,0
96593,834,92024,zip,CA,CA,Encinitas,"San Diego-Chula Vista-Carlsbad, CA",San Diego County,2017-01-31,2155.051739488784,92024,0
96653,960,92111,zip,CA,CA,San Diego,"San Diego-Chula Vista-Carlsbad, CA",San Diego County,2017-01-31,1681.2873745635704,92111,0
96668,995,92127,zip,CA,CA,San Diego,"San Diego-Chula Vista-Carlsbad, CA",San Diego County,2017-01-31,2110.4203082778167,92127,0
96629,996,92078,zip,CA,CA,San Marcos,"San Diego-Chula Vista-Carlsbad, CA",San Diego County,2017-01-31,1980.4379613137564,92078,0
96669,1063,92128,zip,CA,CA,San Diego,"San Diego-Chula Vista-Carlsbad, CA",San Diego County,2017-01-31,1899.0977596203884,92128,0
96582,1105,92009,zip,CA,CA,Carlsbad,"San Diego-Chula Vista-Carlsbad, CA",San Diego County,2017-01-31,2059.9677686591785,92009,0
96646,1143,92104,zip,CA,CA,San Diego,"San Diego-Chula Vista-Carlsbad, CA",San Diego County,2017-01-31,1559.1965752678666,92104,0
96664,1151,92122,zip,CA,CA,San Diego,"San Diego-Chula Vista-Carlsbad, CA",San Diego County,2017-01-31,1899.8790603915131,92122,1
96651,1290,92109,zip,CA,CA,San Diego,"San Diego-Chula Vista-Carlsbad, CA",San Diego County,2017-01-31,1849.891331530277,92109,0
96643,1522,92101,zip,CA,CA,San Diego,"San Diego-Chula Vista-Carlsbad, CA",San Diego County,2017-01-31,2040.826908704324,92101,0
96644,1622,92102,zip,CA,CA,San Diego,"San Diego-Chula Vista-Carlsbad, CA",San Diego County,2017-01-31,1436.14360325429,92102,0
96560,1738,91942,zip,CA,CA,La Mesa,"San Diego-Chula Vista-Carlsbad, CA",San Diego County,2017-01-31,1594.7435096574138,91942,0
96610,2205,92054,zip,CA,CA,Oceanside,"San Diego-Chula Vista-Carlsbad, CA",San Diego County,2017-01-31,1737.5856836870887,92054,0
96602,2270,92037,zip,CA,CA,San Diego,"San Diego-Chula Vista-Carlsbad, CA",San Diego County,2017-01-31,2409.33375498803,92037,1
96672,2406,92131,zip,CA,CA,San Diego,"San Diego-Chula Vista-Carlsbad, CA",San Diego County,2017-01-31,2134.690747429393,92131,0
96645,2966,92103,zip,CA,CA,San Diego,"San Diego-Chula Vista-Carlsbad, CA",San Diego County,2017-01-31,1717.051870230954,92103,0
96652,3560,92110,zip,CA,CA,San Diego,"San Diego-Chula Vista-Carlsbad, CA",San Diego County,2017-01-31,1699.1874107121137,92110,0
96649,3605,92107,zip,CA,CA,San Diego,"San Diego-Chula Vista-Carlsbad, CA",San Diego County,2017-01-31,1753.6401948441344,92107,0
96658,3607,92116,zip,CA,CA,San Diego,"San Diego-Chula Vista-Carlsbad, CA",San Diego County,2017-01-31,1505.370756823223,92116,0
96581,3914,92008,zip,CA,CA,Carlsbad,"San Diego-Chula Vista-Carlsbad, CA",San Diego County,2017-01-31,1768.6863641070215,92008,0
96555,4492,91932,zip,CA,CA,Imperial Beach,"San Diego-Chula Vista-Carlsbad, CA",San Diego County,2017-01-31,1619.31710631259,91932,0
96584,5214,92011,zip,CA,CA,Carlsbad,"San Diego-Chula Vista-Carlsbad, CA",San Diego County,2017-01-31,2354.97347111058,92011,0
96650,5900,92108,zip,CA,CA,San Diego,"San Diego-Chula Vista-Carlsbad, CA",San Diego County,2017-01-31,1948.0452818779568,92108,0
96660,7608,92118,zip,CA,CA,Coronado,"San Diego-Chula Vista-Carlsbad, CA",San Diego County,2017-01-31,2592.195210626081,92118,0
96667,166,92126,zip,CA,CA,San Diego,"San Diego-Chula Vista-Carlsbad, CA",San Diego County,2017-02-28,1824.0521519966544,92126,1
96647,207,92105,zip,CA,CA,San Diego,"San Diego-Chula Vista-Carlsbad, CA",San Diego County,2017-02-28,1261.2679137777268,92105,0
96589,396,92020,zip,CA,CA,El Cajon,"San Diego-Chula Vista-Carlsbad, CA",San Diego County,2017-02-28,1313.776553867864,92020,0
96657,414,92115,zip,CA,CA,San Diego,"San Diego-Chula Vista-Carlsbad, CA",San Diego County,2017-02-28,1533.6021332360572,92115,0
96625,475,92071,zip,CA,CA,Santee,"San Diego-Chula Vista-Carlsbad, CA",San Diego County,2017-02-28,1752.581971748475,92071,0
96671,599,92130,zip,CA,CA,San Diego,"San Diego-Chula Vista-Carlsbad, CA",San Diego County,2017-02-28,2681.0147922879387,92130,0
96670,651,92129,zip,CA,CA,San Diego,"San Diego-Chula Vista-Carlsbad, CA",San Diego County,2017-02-28,2268.3884275052696,92129,0
96612,655,92056,zip,CA,CA,Oceanside,"San Diego-Chula Vista-Carlsbad, CA",San Diego County,2017-02-28,1682.5733975263604,92056,0
96613,662,92057,zip,CA,CA,Oceanside,"San Diego-Chula Vista-Carlsbad, CA",San Diego County,2017-02-28,1842.86939778606,92057,0
96548,676,91913,zip,CA,CA,Chula Vista,"San Diego-Chula Vista-Carlsbad, CA",San Diego County,2017-02-28,1990.726853901316,91913,0
96659,787,92117,zip,CA,CA,San Diego,"San Diego-Chula Vista-Carlsbad, CA",San Diego County,2017-02-28,1615.7375055911964,92117,0
96593,834,92024,zip,CA,CA,Encinitas,"San Diego-Chula Vista-Carlsbad, CA",San Diego County,2017-02-28,2143.242461034461,92024,0
96653,960,92111,zip,CA,CA,San Diego,"San Diego-Chula Vista-Carlsbad, CA",San Diego County,2017-02-28,1682.0302253801392,92111,0
96668,995,92127,zip,CA,CA,San Diego,"San Diego-Chula Vista-Carlsbad, CA",San Diego County,2017-02-28,2124.7115891275425,92127,0
96629,996,92078,zip,CA,CA,San Marcos,"San Diego-Chula Vista-Carlsbad, CA",San Diego County,2017-02-28,2023.040786733584,92078,0
96669,1063,92128,zip,CA,CA,San Diego,"San Diego-Chula Vista-Carlsbad, CA",San Diego County,2017-02-28,1902.2572684211525,92128,0
96582,1105,92009,zip,CA,CA,Carlsbad,"San Diego-Chula Vista-Carlsbad, CA",San Diego County,2017-02-28,2089.495266539902,92009,0
96646,1143,92104,zip,CA,CA,San Diego,"San Diego-Chula Vista-Carlsbad, CA",San Diego County,2017-02-28,1584.196097967273,92104,0
96664,1151,92122,zip,CA,CA,San Diego,"San Diego-Chula Vista-Carlsbad, CA",San Diego County,2017-02-28,1937.685727093736,92122,1
96651,1290,92109,zip,CA,CA,San Diego,"San Diego-Chula Vista-Carlsbad, CA",San Diego County,2017-02-28,1864.9486883435848,92109,0
96643,1522,92101,zip,CA,CA,San Diego,"San Diego-Chula Vista-Carlsbad, CA",San Diego County,2017-02-28,2064.7669938053155,92101,0
96644,1622,92102,zip,CA,CA,San Diego,"San Diego-Chula Vista-Carlsbad, CA",San Diego County,2017-02-28,1473.267929372455,92102,0
96560,1738,91942,zip,CA,CA,La Mesa,"San Diego-Chula Vista-Carlsbad, CA",San Diego County,2017-02-28,1585.6007337576266,91942,0
96610,2205,92054,zip,CA,CA,Oceanside,"San Diego-Chula Vista-Carlsbad, CA",San Diego County,2017-02-28,1726.0495763212616,92054,0
96602,2270,92037,zip,CA,CA,San Diego,"San Diego-Chula Vista-Carlsbad, CA",San Diego County,2017-02-28,2494.8657891004946,92037,1
96672,2406,92131,zip,CA,CA,San Diego,"San Diego-Chula Vista-Carlsbad, CA",San Diego County,2017-02-28,2136.6013476380067,92131,0
96645,2966,92103,zip,CA,CA,San Diego,"San Diego-Chula Vista-Carlsbad, CA",San Diego County,2017-02-28,1736.4117616453625,92103,0
96652,3560,92110,zip,CA,CA,San Diego,"San Diego-Chula Vista-Carlsbad, CA",San Diego County,2017-02-28,1738.3459958937106,92110,0
96649,3605,92107,zip,CA,CA,San Diego,"San Diego-Chula Vista-Carlsbad, CA",San Diego County,2017-02-28,1797.7822085321277,92107,0
96658,3607,92116,zip,CA,CA,San Diego,"San Diego-Chula Vista-Carlsbad, CA",San Diego County,2017-02-28,1518.4121127614053,92116,0
96581,3914,92008,zip,CA,CA,Carlsbad,"San Diego-Chula Vista-Carlsbad, CA",San Diego County,2017-02-28,1785.9733637242684,92008,0
96555,4492,91932,zip,CA,CA,Imperial Beach,"San Diego-Chula Vista-Carlsbad, CA",San Diego County,2017-02-28,1610.679763842218,91932,0
96584,5214,92011,zip,CA,CA,Carlsbad,"San Diego-Chula Vista-Carlsbad, CA",San Diego County,2017-02-28,2368.530750317072,92011,0
96650,5900,92108,zip,CA,CA,San Diego,"San Diego-Chula Vista-Carlsbad, CA",San Diego County,2017-02-28,1945.842448649324,92108,0
96660,7608,92118,zip,CA,CA,Coronado,"San Diego-Chula Vista-Carlsbad, CA",San Diego County,2017-02-28,2642.902729168552,92118,0
96667,166,92126,zip,CA,CA,San Diego,"San Diego-Chula Vista-Carlsbad, CA",San Diego County,2017-03-31,1855.109709715403,92126,1
96647,207,92105,zip,CA,CA,San Diego,"San Diego-Chula Vista-Carlsbad, CA",San Diego County,2017-03-31,1266.898766084418,92105,0
96589,396,92020,zip,CA,CA,El Cajon,"San Diego-Chula Vista-Carlsbad, CA",San Diego County,2017-03-31,1314.9010478523442,92020,0
96657,414,92115,zip,CA,CA,San Diego,"San Diego-Chula Vista-Carlsbad, CA",San Diego County,2017-03-31,1531.240931481359,92115,0
96625,475,92071,zip,CA,CA,Santee,"San Diego-Chula Vista-Carlsbad, CA",San Diego County,2017-03-31,1765.6962050917775,92071,0
96671,599,92130,zip,CA,CA,San Diego,"San Diego-Chula Vista-Carlsbad, CA",San Diego County,2017-03-31,2678.8538060990527,92130,0
96670,651,92129,zip,CA,CA,San Diego,"San Diego-Chula Vista-Carlsbad, CA",San Diego County,2017-03-31,2294.0977503945314,92129,0
96612,655,92056,zip,CA,CA,Oceanside,"San Diego-Chula Vista-Carlsbad, CA",San Diego County,2017-03-31,1702.7254067619112,92056,0
96613,662,92057,zip,CA,CA,Oceanside,"San Diego-Chula Vista-Carlsbad, CA",San Diego County,2017-03-31,1876.9159395693705,92057,0
96548,676,91913,zip,CA,CA,Chula Vista,"San Diego-Chula Vista-Carlsbad, CA",San Diego County,2017-03-31,1989.2443440942773,91913,0
96659,787,92117,zip,CA,CA,San Diego,"San Diego-Chula Vista-Carlsbad, CA",San Diego County,2017-03-31,1613.7000195748817,92117,0
96593,834,92024,zip,CA,CA,Encinitas,"San Diego-Chula Vista-Carlsbad, CA",San Diego County,2017-03-31,2179.556756016804,92024,0
96653,960,92111,zip,CA,CA,San Diego,"San Diego-Chula Vista-Carlsbad, CA",San Diego County,2017-03-31,1719.969787088114,92111,0
96668,995,92127,zip,CA,CA,San Diego,"San Diego-Chula Vista-Carlsbad, CA",San Diego County,2017-03-31,2121.314312353197,92127,0
96629,996,92078,zip,CA,CA,San Marcos,"San Diego-Chula Vista-Carlsbad, CA",San Diego County,2017-03-31,2056.57302627902,92078,0
96669,1063,92128,zip,CA,CA,San Diego,"San Diego-Chula Vista-Carlsbad, CA",San Diego County,2017-03-31,1919.94875546298,92128,0
96582,1105,92009,zip,CA,CA,Carlsbad,"San Diego-Chula Vista-Carlsbad, CA",San Diego County,2017-03-31,2123.7070959491834,92009,0
96646,1143,92104,zip,CA,CA,San Diego,"San Diego-Chula Vista-Carlsbad, CA",San Diego County,2017-03-31,1599.9168655176325,92104,0
96664,1151,92122,zip,CA,CA,San Diego,"San Diego-Chula Vista-Carlsbad, CA",San Diego County,2017-03-31,1959.8772307500888,92122,1
96651,1290,92109,zip,CA,CA,San Diego,"San Diego-Chula Vista-Carlsbad, CA",San Diego County,2017-03-31,1894.905386696085,92109,0
96643,1522,92101,zip,CA,CA,San Diego,"San Diego-Chula Vista-Carlsbad, CA",San Diego County,2017-03-31,2102.701542953459,92101,0
96644,1622,92102,zip,CA,CA,San Diego,"San Diego-Chula Vista-Carlsbad, CA",San Diego County,2017-03-31,1493.524560884788,92102,0
96560,1738,91942,zip,CA,CA,La Mesa,"San Diego-Chula Vista-Carlsbad, CA",San Diego County,2017-03-31,1610.4327846938404,91942,0
96610,2205,92054,zip,CA,CA,Oceanside,"San Diego-Chula Vista-Carlsbad, CA",San Diego County,2017-03-31,1714.7642127712486,92054,0
96602,2270,92037,zip,CA,CA,San Diego,"San Diego-Chula Vista-Carlsbad, CA",San Diego County,2017-03-31,2553.238225213377,92037,1
96672,2406,92131,zip,CA,CA,San Diego,"San Diego-Chula Vista-Carlsbad, CA",San Diego County,2017-03-31,2164.305385402428,92131,0
96645,2966,92103,zip,CA,CA,San Diego,"San Diego-Chula Vista-Carlsbad, CA",San Diego County,2017-03-31,1756.0974587249882,92103,0
96652,3560,92110,zip,CA,CA,San Diego,"San Diego-Chula Vista-Carlsbad, CA",San Diego County,2017-03-31,1720.5514659404682,92110,0
96649,3605,92107,zip,CA,CA,San Diego,"San Diego-Chula Vista-Carlsbad, CA",San Diego County,2017-03-31,1789.9740804379387,92107,0
96658,3607,92116,zip,CA,CA,San Diego,"San Diego-Chula Vista-Carlsbad, CA",San Diego County,2017-03-31,1524.08491087547,92116,0
96581,3914,92008,zip,CA,CA,Carlsbad,"San Diego-Chula Vista-Carlsbad, CA",San Diego County,2017-03-31,1793.7159524127587,92008,0
96555,4492,91932,zip,CA,CA,Imperial Beach,"San Diego-Chula Vista-Carlsbad, CA",San Diego County,2017-03-31,1637.3124758604465,91932,0
96584,5214,92011,zip,CA,CA,Carlsbad,"San Diego-Chula Vista-Carlsbad, CA",San Diego County,2017-03-31,2406.2566184844186,92011,0
96650,5900,92108,zip,CA,CA,San Diego,"San Diego-Chula Vista-Carlsbad, CA",San Diego County,2017-03-31,1978.908409359526,92108,0
96660,7608,92118,zip,CA,CA,Coronado,"San Diego-Chula Vista-Carlsbad, CA",San Diego County,2017-03-31,2699.665103868329,92118,0
96546,52,91911,zip,CA,CA,Chula Vista,"San Diego-Chula Vista-Carlsbad, CA",San Diego County,2017-04-30,1650.038391979878,91911,0
96667,166,92126,zip,CA,CA,San Diego,"San Diego-Chula Vista-Carlsbad, CA",San Diego County,2017-04-30,1874.5646987372284,92126,1
96647,207,92105,zip,CA,CA,San Diego,"San Diego-Chula Vista-Carlsbad, CA",San Diego County,2017-04-30,1273.4367974471402,92105,0
96589,396,92020,zip,CA,CA,El Cajon,"San Diego-Chula Vista-Carlsbad, CA",San Diego County,2017-04-30,1320.689722178593,92020,0
96657,414,92115,zip,CA,CA,San Diego,"San Diego-Chula Vista-Carlsbad, CA",San Diego County,2017-04-30,1537.787018051644,92115,0
96625,475,92071,zip,CA,CA,Santee,"San Diego-Chula Vista-Carlsbad, CA",San Diego County,2017-04-30,1785.774247436921,92071,0
96596,494,92027,zip,CA,CA,Escondido,"San Diego-Chula Vista-Carlsbad, CA",San Diego County,2017-04-30,1376.3737786770018,92027,0
96671,599,92130,zip,CA,CA,San Diego,"San Diego-Chula Vista-Carlsbad, CA",San Diego County,2017-04-30,2727.424687814589,92130,0
96670,651,92129,zip,CA,CA,San Diego,"San Diego-Chula Vista-Carlsbad, CA",San Diego County,2017-04-30,2318.350584009239,92129,0
96612,655,92056,zip,CA,CA,Oceanside,"San Diego-Chula Vista-Carlsbad, CA",San Diego County,2017-04-30,1717.6965557740434,92056,0
96613,662,92057,zip,CA,CA,Oceanside,"San Diego-Chula Vista-Carlsbad, CA",San Diego County,2017-04-30,1884.405680747888,92057,0
96548,676,91913,zip,CA,CA,Chula Vista,"San Diego-Chula Vista-Carlsbad, CA",San Diego County,2017-04-30,1988.996843249378,91913,0
96659,787,92117,zip,CA,CA,San Diego,"San Diego-Chula Vista-Carlsbad, CA",San Diego County,2017-04-30,1627.0297846716023,92117,0
96593,834,92024,zip,CA,CA,Encinitas,"San Diego-Chula Vista-Carlsbad, CA",San Diego County,2017-04-30,2205.499453178987,92024,0
96653,960,92111,zip,CA,CA,San Diego,"San Diego-Chula Vista-Carlsbad, CA",San Diego County,2017-04-30,1704.212408748283,92111,0
96668,995,92127,zip,CA,CA,San Diego,"San Diego-Chula Vista-Carlsbad, CA",San Diego County,2017-04-30,2156.1643287591155,92127,0
96629,996,92078,zip,CA,CA,San Marcos,"San Diego-Chula Vista-Carlsbad, CA",San Diego County,2017-04-30,2075.8237964066197,92078,0
96669,1063,92128,zip,CA,CA,San Diego,"San Diego-Chula Vista-Carlsbad, CA",San Diego County,2017-04-30,1935.0600772547432,92128,0
96582,1105,92009,zip,CA,CA,Carlsbad,"San Diego-Chula Vista-Carlsbad, CA",San Diego County,2017-04-30,2158.2334738707355,92009,0
96646,1143,92104,zip,CA,CA,San Diego,"San Diego-Chula Vista-Carlsbad, CA",San Diego County,2017-04-30,1612.7670924060783,92104,0
96664,1151,92122,zip,CA,CA,San Diego,"San Diego-Chula Vista-Carlsbad, CA",San Diego County,2017-04-30,1995.99931901292,92122,1
96651,1290,92109,zip,CA,CA,San Diego,"San Diego-Chula Vista-Carlsbad, CA",San Diego County,2017-04-30,1909.5044065481848,92109,0
96643,1522,92101,zip,CA,CA,San Diego,"San Diego-Chula Vista-Carlsbad, CA",San Diego County,2017-04-30,2131.418662197936,92101,0
96644,1622,92102,zip,CA,CA,San Diego,"San Diego-Chula Vista-Carlsbad, CA",San Diego County,2017-04-30,1506.5942840410503,92102,0
96560,1738,91942,zip,CA,CA,La Mesa,"San Diego-Chula Vista-Carlsbad, CA",San Diego County,2017-04-30,1631.546908281769,91942,0
96610,2205,92054,zip,CA,CA,Oceanside,"San Diego-Chula Vista-Carlsbad, CA",San Diego County,2017-04-30,1735.9548382657156,92054,0
96602,2270,92037,zip,CA,CA,San Diego,"San Diego-Chula Vista-Carlsbad, CA",San Diego County,2017-04-30,2612.491111917472,92037,1
96672,2406,92131,zip,CA,CA,San Diego,"San Diego-Chula Vista-Carlsbad, CA",San Diego County,2017-04-30,2195.938727198149,92131,0
96645,2966,92103,zip,CA,CA,San Diego,"San Diego-Chula Vista-Carlsbad, CA",San Diego County,2017-04-30,1776.2609099882932,92103,0
96652,3560,92110,zip,CA,CA,San Diego,"San Diego-Chula Vista-Carlsbad, CA",San Diego County,2017-04-30,1764.292215692981,92110,0
96649,3605,92107,zip,CA,CA,San Diego,"San Diego-Chula Vista-Carlsbad, CA",San Diego County,2017-04-30,1794.6304124497533,92107,0
96658,3607,92116,zip,CA,CA,San Diego,"San Diego-Chula Vista-Carlsbad, CA",San Diego County,2017-04-30,1547.5560834654966,92116,0
96581,3914,92008,zip,CA,CA,Carlsbad,"San Diego-Chula Vista-Carlsbad, CA",San Diego County,2017-04-30,1827.3434627803024,92008,0
96555,4492,91932,zip,CA,CA,Imperial Beach,"San Diego-Chula Vista-Carlsbad, CA",San Diego County,2017-04-30,1659.147217326972,91932,0
96584,5214,92011,zip,CA,CA,Carlsbad,"San Diego-Chula Vista-Carlsbad, CA",San Diego County,2017-04-30,2416.371894733432,92011,0
96650,5900,92108,zip,CA,CA,San Diego,"San Diego-Chula Vista-Carlsbad, CA",San Diego County,2017-04-30,1979.96327902073,92108,0
96660,7608,92118,zip,CA,CA,Coronado,"San Diego-Chula Vista-Carlsbad, CA",San Diego County,2017-04-30,2734.972355033184,92118,0
96546,52,91911,zip,CA,CA,Chula Vista,"San Diego-Chula Vista-Carlsbad, CA",San Diego County,2017-05-31,1651.4019432022883,91911,0
96545,153,91910,zip,CA,CA,Chula Vista,"San Diego-Chula Vista-Carlsbad, CA",San Diego County,2017-05-31,1527.1302552408786,91910,0
96667,166,92126,zip,CA,CA,San Diego,"San Diego-Chula Vista-Carlsbad, CA",San Diego County,2017-05-31,1892.0980343734336,92126,1
96647,207,92105,zip,CA,CA,San Diego,"San Diego-Chula Vista-Carlsbad, CA",San Diego County,2017-05-31,1306.9454960211765,92105,0
96589,396,92020,zip,CA,CA,El Cajon,"San Diego-Chula Vista-Carlsbad, CA",San Diego County,2017-05-31,1342.046265071257,92020,0
96657,414,92115,zip,CA,CA,San Diego,"San Diego-Chula Vista-Carlsbad, CA",San Diego County,2017-05-31,1531.0765251521022,92115,0
96625,475,92071,zip,CA,CA,Santee,"San Diego-Chula Vista-Carlsbad, CA",San Diego County,2017-05-31,1809.71127252062,92071,0
96596,494,92027,zip,CA,CA,Escondido,"San Diego-Chula Vista-Carlsbad, CA",San Diego County,2017-05-31,1371.3582866773436,92027,0
96671,599,92130,zip,CA,CA,San Diego,"San Diego-Chula Vista-Carlsbad, CA",San Diego County,2017-05-31,2755.943537184282,92130,0
96670,651,92129,zip,CA,CA,San Diego,"San Diego-Chula Vista-Carlsbad, CA",San Diego County,2017-05-31,2345.1672755050054,92129,0
96612,655,92056,zip,CA,CA,Oceanside,"San Diego-Chula Vista-Carlsbad, CA",San Diego County,2017-05-31,1719.0060727555951,92056,0
96613,662,92057,zip,CA,CA,Oceanside,"San Diego-Chula Vista-Carlsbad, CA",San Diego County,2017-05-31,1898.092819892545,92057,0
96548,676,91913,zip,CA,CA,Chula Vista,"San Diego-Chula Vista-Carlsbad, CA",San Diego County,2017-05-31,2016.1276133452093,91913,0
96659,787,92117,zip,CA,CA,San Diego,"San Diego-Chula Vista-Carlsbad, CA",San Diego County,2017-05-31,1687.0732400496872,92117,0
96593,834,92024,zip,CA,CA,Encinitas,"San Diego-Chula Vista-Carlsbad, CA",San Diego County,2017-05-31,2263.7272473536045,92024,0
96653,960,92111,zip,CA,CA,San Diego,"San Diego-Chula Vista-Carlsbad, CA",San Diego County,2017-05-31,1684.791331339383,92111,0
96668,995,92127,zip,CA,CA,San Diego,"San Diego-Chula Vista-Carlsbad, CA",San Diego County,2017-05-31,2180.99035062574,92127,0
96629,996,92078,zip,CA,CA,San Marcos,"San Diego-Chula Vista-Carlsbad, CA",San Diego County,2017-05-31,2095.549630530703,92078,0
96669,1063,92128,zip,CA,CA,San Diego,"San Diego-Chula Vista-Carlsbad, CA",San Diego County,2017-05-31,1949.747654480312,92128,0
96582,1105,92009,zip,CA,CA,Carlsbad,"San Diego-Chula Vista-Carlsbad, CA",San Diego County,2017-05-31,2161.4569677184104,92009,0
96646,1143,92104,zip,CA,CA,San Diego,"San Diego-Chula Vista-Carlsbad, CA",San Diego County,2017-05-31,1623.2883466036612,92104,0
96664,1151,92122,zip,CA,CA,San Diego,"San Diego-Chula Vista-Carlsbad, CA",San Diego County,2017-05-31,2021.2621083574077,92122,1
96651,1290,92109,zip,CA,CA,San Diego,"San Diego-Chula Vista-Carlsbad, CA",San Diego County,2017-05-31,1933.1697350280183,92109,0
96643,1522,92101,zip,CA,CA,San Diego,"San Diego-Chula Vista-Carlsbad, CA",San Diego County,2017-05-31,2128.750416171409,92101,0
96644,1622,92102,zip,CA,CA,San Diego,"San Diego-Chula Vista-Carlsbad, CA",San Diego County,2017-05-31,1523.760149652507,92102,0
96560,1738,91942,zip,CA,CA,La Mesa,"San Diego-Chula Vista-Carlsbad, CA",San Diego County,2017-05-31,1637.639626666137,91942,0
96610,2205,92054,zip,CA,CA,Oceanside,"San Diego-Chula Vista-Carlsbad, CA",San Diego County,2017-05-31,1764.091040016555,92054,0
96602,2270,92037,zip,CA,CA,San Diego,"San Diego-Chula Vista-Carlsbad, CA",San Diego County,2017-05-31,2591.6367452252643,92037,1
96672,2406,92131,zip,CA,CA,San Diego,"San Diego-Chula Vista-Carlsbad, CA",San Diego County,2017-05-31,2207.756188859328,92131,0
96645,2966,92103,zip,CA,CA,San Diego,"San Diego-Chula Vista-Carlsbad, CA",San Diego County,2017-05-31,1786.5758283011903,92103,0
96652,3560,92110,zip,CA,CA,San Diego,"San Diego-Chula Vista-Carlsbad, CA",San Diego County,2017-05-31,1761.2351796799487,92110,0
96649,3605,92107,zip,CA,CA,San Diego,"San Diego-Chula Vista-Carlsbad, CA",San Diego County,2017-05-31,1784.537274729352,92107,0
96658,3607,92116,zip,CA,CA,San Diego,"San Diego-Chula Vista-Carlsbad, CA",San Diego County,2017-05-31,1557.2324569418402,92116,0
96581,3914,92008,zip,CA,CA,Carlsbad,"San Diego-Chula Vista-Carlsbad, CA",San Diego County,2017-05-31,1859.1744521561795,92008,0
96555,4492,91932,zip,CA,CA,Imperial Beach,"San Diego-Chula Vista-Carlsbad, CA",San Diego County,2017-05-31,1701.5650410066369,91932,0
96584,5214,92011,zip,CA,CA,Carlsbad,"San Diego-Chula Vista-Carlsbad, CA",San Diego County,2017-05-31,2427.203464562801,92011,0
96650,5900,92108,zip,CA,CA,San Diego,"San Diego-Chula Vista-Carlsbad, CA",San Diego County,2017-05-31,2009.3699656126653,92108,0
96660,7608,92118,zip,CA,CA,Coronado,"San Diego-Chula Vista-Carlsbad, CA",San Diego County,2017-05-31,2769.262314501805,92118,0
96546,52,91911,zip,CA,CA,Chula Vista,"San Diego-Chula Vista-Carlsbad, CA",San Diego County,2017-06-30,1675.009034973525,91911,0
96545,153,91910,zip,CA,CA,Chula Vista,"San Diego-Chula Vista-Carlsbad, CA",San Diego County,2017-06-30,1521.4361138684842,91910,0
96667,166,92126,zip,CA,CA,San Diego,"San Diego-Chula Vista-Carlsbad, CA",San Diego County,2017-06-30,1907.980589905511,92126,1
96647,207,92105,zip,CA,CA,San Diego,"San Diego-Chula Vista-Carlsbad, CA",San Diego County,2017-06-30,1316.4855276335682,92105,0
96589,396,92020,zip,CA,CA,El Cajon,"San Diego-Chula Vista-Carlsbad, CA",San Diego County,2017-06-30,1341.9839868523188,92020,0
96657,414,92115,zip,CA,CA,San Diego,"San Diego-Chula Vista-Carlsbad, CA",San Diego County,2017-06-30,1540.8351414121655,92115,0
96625,475,92071,zip,CA,CA,Santee,"San Diego-Chula Vista-Carlsbad, CA",San Diego County,2017-06-30,1832.0318875466664,92071,0
96596,494,92027,zip,CA,CA,Escondido,"San Diego-Chula Vista-Carlsbad, CA",San Diego County,2017-06-30,1357.4261768591127,92027,0
96671,599,92130,zip,CA,CA,San Diego,"San Diego-Chula Vista-Carlsbad, CA",San Diego County,2017-06-30,2767.277320274362,92130,0
96670,651,92129,zip,CA,CA,San Diego,"San Diego-Chula Vista-Carlsbad, CA",San Diego County,2017-06-30,2346.04248036106,92129,0
96612,655,92056,zip,CA,CA,Oceanside,"San Diego-Chula Vista-Carlsbad, CA",San Diego County,2017-06-30,1719.5649660372349,92056,0
96613,662,92057,zip,CA,CA,Oceanside,"San Diego-Chula Vista-Carlsbad, CA",San Diego County,2017-06-30,1892.3841135930952,92057,0
96548,676,91913,zip,CA,CA,Chula Vista,"San Diego-Chula Vista-Carlsbad, CA",San Diego County,2017-06-30,2061.484419175953,91913,0
96659,787,92117,zip,CA,CA,San Diego,"San Diego-Chula Vista-Carlsbad, CA",San Diego County,2017-06-30,1708.939179689367,92117,0
96593,834,92024,zip,CA,CA,Encinitas,"San Diego-Chula Vista-Carlsbad, CA",San Diego County,2017-06-30,2271.886937852492,92024,0
96653,960,92111,zip,CA,CA,San Diego,"San Diego-Chula Vista-Carlsbad, CA",San Diego County,2017-06-30,1714.361783371967,92111,0
96668,995,92127,zip,CA,CA,San Diego,"San Diego-Chula Vista-Carlsbad, CA",San Diego County,2017-06-30,2196.23426055978,92127,0
96629,996,92078,zip,CA,CA,San Marcos,"San Diego-Chula Vista-Carlsbad, CA",San Diego County,2017-06-30,2097.22101348492,92078,0
96669,1063,92128,zip,CA,CA,San Diego,"San Diego-Chula Vista-Carlsbad, CA",San Diego County,2017-06-30,1967.434505143812,92128,0
96582,1105,92009,zip,CA,CA,Carlsbad,"San Diego-Chula Vista-Carlsbad, CA",San Diego County,2017-06-30,2172.08659409367,92009,0
96646,1143,92104,zip,CA,CA,San Diego,"San Diego-Chula Vista-Carlsbad, CA",San Diego County,2017-06-30,1642.4955386865777,92104,0
96664,1151,92122,zip,CA,CA,San Diego,"San Diego-Chula Vista-Carlsbad, CA",San Diego County,2017-06-30,2048.192159086384,92122,1
96651,1290,92109,zip,CA,CA,San Diego,"San Diego-Chula Vista-Carlsbad, CA",San Diego County,2017-06-30,1948.8745792627524,92109,0
96643,1522,92101,zip,CA,CA,San Diego,"San Diego-Chula Vista-Carlsbad, CA",San Diego County,2017-06-30,2123.775796805771,92101,0
96644,1622,92102,zip,CA,CA,San Diego,"San Diego-Chula Vista-Carlsbad, CA",San Diego County,2017-06-30,1526.0416174366026,92102,0
96560,1738,91942,zip,CA,CA,La Mesa,"San Diego-Chula Vista-Carlsbad, CA",San Diego County,2017-06-30,1638.3490275631543,91942,0
96610,2205,92054,zip,CA,CA,Oceanside,"San Diego-Chula Vista-Carlsbad, CA",San Diego County,2017-06-30,1787.956001662756,92054,0
96602,2270,92037,zip,CA,CA,San Diego,"San Diego-Chula Vista-Carlsbad, CA",San Diego County,2017-06-30,2594.5489729911264,92037,1
96672,2406,92131,zip,CA,CA,San Diego,"San Diego-Chula Vista-Carlsbad, CA",San Diego County,2017-06-30,2220.1552074806946,92131,0
96645,2966,92103,zip,CA,CA,San Diego,"San Diego-Chula Vista-Carlsbad, CA",San Diego County,2017-06-30,1813.9411669906356,92103,0
96652,3560,92110,zip,CA,CA,San Diego,"San Diego-Chula Vista-Carlsbad, CA",San Diego County,2017-06-30,1808.4633912653612,92110,0
96649,3605,92107,zip,CA,CA,San Diego,"San Diego-Chula Vista-Carlsbad, CA",San Diego County,2017-06-30,1811.3610515666044,92107,0
96658,3607,92116,zip,CA,CA,San Diego,"San Diego-Chula Vista-Carlsbad, CA",San Diego County,2017-06-30,1572.813524327294,92116,0
96581,3914,92008,zip,CA,CA,Carlsbad,"San Diego-Chula Vista-Carlsbad, CA",San Diego County,2017-06-30,1885.1794573351956,92008,0
96555,4492,91932,zip,CA,CA,Imperial Beach,"San Diego-Chula Vista-Carlsbad, CA",San Diego County,2017-06-30,1716.530507523233,91932,0
96584,5214,92011,zip,CA,CA,Carlsbad,"San Diego-Chula Vista-Carlsbad, CA",San Diego County,2017-06-30,2386.438659857146,92011,0
96650,5900,92108,zip,CA,CA,San Diego,"San Diego-Chula Vista-Carlsbad, CA",San Diego County,2017-06-30,2004.8458544078007,92108,0
96660,7608,92118,zip,CA,CA,Coronado,"San Diego-Chula Vista-Carlsbad, CA",San Diego County,2017-06-30,2866.804981001902,92118,0
96546,52,91911,zip,CA,CA,Chula Vista,"San Diego-Chula Vista-Carlsbad, CA",San Diego County,2017-07-31,1655.597300167289,91911,0
96545,153,91910,zip,CA,CA,Chula Vista,"San Diego-Chula Vista-Carlsbad, CA",San Diego County,2017-07-31,1560.984212176883,91910,0
96667,166,92126,zip,CA,CA,San Diego,"San Diego-Chula Vista-Carlsbad, CA",San Diego County,2017-07-31,1907.4481701258685,92126,1
96647,207,92105,zip,CA,CA,San Diego,"San Diego-Chula Vista-Carlsbad, CA",San Diego County,2017-07-31,1328.6559202400372,92105,0
96589,396,92020,zip,CA,CA,El Cajon,"San Diego-Chula Vista-Carlsbad, CA",San Diego County,2017-07-31,1400.515724728667,92020,0
96657,414,92115,zip,CA,CA,San Diego,"San Diego-Chula Vista-Carlsbad, CA",San Diego County,2017-07-31,1553.511521781301,92115,0
96625,475,92071,zip,CA,CA,Santee,"San Diego-Chula Vista-Carlsbad, CA",San Diego County,2017-07-31,1846.270186977228,92071,0
96596,494,92027,zip,CA,CA,Escondido,"San Diego-Chula Vista-Carlsbad, CA",San Diego County,2017-07-31,1347.0347589035937,92027,0
96671,599,92130,zip,CA,CA,San Diego,"San Diego-Chula Vista-Carlsbad, CA",San Diego County,2017-07-31,2769.758154807263,92130,0
96670,651,92129,zip,CA,CA,San Diego,"San Diego-Chula Vista-Carlsbad, CA",San Diego County,2017-07-31,2346.823197779675,92129,0
96612,655,92056,zip,CA,CA,Oceanside,"San Diego-Chula Vista-Carlsbad, CA",San Diego County,2017-07-31,1713.926878651784,92056,0
96613,662,92057,zip,CA,CA,Oceanside,"San Diego-Chula Vista-Carlsbad, CA",San Diego County,2017-07-31,1910.9682069097723,92057,0
96548,676,91913,zip,CA,CA,Chula Vista,"San Diego-Chula Vista-Carlsbad, CA",San Diego County,2017-07-31,2080.926527294314,91913,0
96659,787,92117,zip,CA,CA,San Diego,"San Diego-Chula Vista-Carlsbad, CA",San Diego County,2017-07-31,1732.2790532714046,92117,0
96593,834,92024,zip,CA,CA,Encinitas,"San Diego-Chula Vista-Carlsbad, CA",San Diego County,2017-07-31,2289.693421720276,92024,0
96653,960,92111,zip,CA,CA,San Diego,"San Diego-Chula Vista-Carlsbad, CA",San Diego County,2017-07-31,1768.6951955629254,92111,0
96668,995,92127,zip,CA,CA,San Diego,"San Diego-Chula Vista-Carlsbad, CA",San Diego County,2017-07-31,2218.586913829105,92127,0
96629,996,92078,zip,CA,CA,San Marcos,"San Diego-Chula Vista-Carlsbad, CA",San Diego County,2017-07-31,2097.7293046796585,92078,0
96669,1063,92128,zip,CA,CA,San Diego,"San Diego-Chula Vista-Carlsbad, CA",San Diego County,2017-07-31,1981.360504525086,92128,0
96582,1105,92009,zip,CA,CA,Carlsbad,"San Diego-Chula Vista-Carlsbad, CA",San Diego County,2017-07-31,2169.433358884392,92009,0
96646,1143,92104,zip,CA,CA,San Diego,"San Diego-Chula Vista-Carlsbad, CA",San Diego County,2017-07-31,1651.6048580974784,92104,0
96664,1151,92122,zip,CA,CA,San Diego,"San Diego-Chula Vista-Carlsbad, CA",San Diego County,2017-07-31,2067.161750072167,92122,1
96651,1290,92109,zip,CA,CA,San Diego,"San Diego-Chula Vista-Carlsbad, CA",San Diego County,2017-07-31,1971.2316786905883,92109,0
96643,1522,92101,zip,CA,CA,San Diego,"San Diego-Chula Vista-Carlsbad, CA",San Diego County,2017-07-31,2135.6762303708847,92101,0
96644,1622,92102,zip,CA,CA,San Diego,"San Diego-Chula Vista-Carlsbad, CA",San Diego County,2017-07-31,1543.5153242110073,92102,0
96560,1738,91942,zip,CA,CA,La Mesa,"San Diego-Chula Vista-Carlsbad, CA",San Diego County,2017-07-31,1636.1862686825305,91942,0
96610,2205,92054,zip,CA,CA,Oceanside,"San Diego-Chula Vista-Carlsbad, CA",San Diego County,2017-07-31,1806.7240225364133,92054,0
96602,2270,92037,zip,CA,CA,San Diego,"San Diego-Chula Vista-Carlsbad, CA",San Diego County,2017-07-31,2623.8471452118943,92037,1
96672,2406,92131,zip,CA,CA,San Diego,"San Diego-Chula Vista-Carlsbad, CA",San Diego County,2017-07-31,2230.4925411831778,92131,0
96645,2966,92103,zip,CA,CA,San Diego,"San Diego-Chula Vista-Carlsbad, CA",San Diego County,2017-07-31,1820.717653033709,92103,0
96652,3560,92110,zip,CA,CA,San Diego,"San Diego-Chula Vista-Carlsbad, CA",San Diego County,2017-07-31,1824.2572692370368,92110,0
96649,3605,92107,zip,CA,CA,San Diego,"San Diego-Chula Vista-Carlsbad, CA",San Diego County,2017-07-31,1827.1849933817368,92107,0
96658,3607,92116,zip,CA,CA,San Diego,"San Diego-Chula Vista-Carlsbad, CA",San Diego County,2017-07-31,1577.7296845974656,92116,0
96581,3914,92008,zip,CA,CA,Carlsbad,"San Diego-Chula Vista-Carlsbad, CA",San Diego County,2017-07-31,1886.404032813636,92008,0
96555,4492,91932,zip,CA,CA,Imperial Beach,"San Diego-Chula Vista-Carlsbad, CA",San Diego County,2017-07-31,1719.1991773893296,91932,0
96584,5214,92011,zip,CA,CA,Carlsbad,"San Diego-Chula Vista-Carlsbad, CA",San Diego County,2017-07-31,2396.742619447309,92011,0
96650,5900,92108,zip,CA,CA,San Diego,"San Diego-Chula Vista-Carlsbad, CA",San Diego County,2017-07-31,2037.275380443408,92108,0
96660,7608,92118,zip,CA,CA,Coronado,"San Diego-Chula Vista-Carlsbad, CA",San Diego County,2017-07-31,2847.111066840965,92118,0
96546,52,91911,zip,CA,CA,Chula Vista,"San Diego-Chula Vista-Carlsbad, CA",San Diego County,2017-08-31,1686.028558788861,91911,0
96545,153,91910,zip,CA,CA,Chula Vista,"San Diego-Chula Vista-Carlsbad, CA",San Diego County,2017-08-31,1568.382264310835,91910,0
96667,166,92126,zip,CA,CA,San Diego,"San Diego-Chula Vista-Carlsbad, CA",San Diego County,2017-08-31,1912.614816492557,92126,1
96647,207,92105,zip,CA,CA,San Diego,"San Diego-Chula Vista-Carlsbad, CA",San Diego County,2017-08-31,1332.5441117581524,92105,0
96589,396,92020,zip,CA,CA,El Cajon,"San Diego-Chula Vista-Carlsbad, CA",San Diego County,2017-08-31,1409.1644897474166,92020,0
96657,414,92115,zip,CA,CA,San Diego,"San Diego-Chula Vista-Carlsbad, CA",San Diego County,2017-08-31,1563.1690520643956,92115,0
96625,475,92071,zip,CA,CA,Santee,"San Diego-Chula Vista-Carlsbad, CA",San Diego County,2017-08-31,1842.2713171777475,92071,0
96596,494,92027,zip,CA,CA,Escondido,"San Diego-Chula Vista-Carlsbad, CA",San Diego County,2017-08-31,1350.1369268886556,92027,0
96671,599,92130,zip,CA,CA,San Diego,"San Diego-Chula Vista-Carlsbad, CA",San Diego County,2017-08-31,2781.2569488986264,92130,0
96670,651,92129,zip,CA,CA,San Diego,"San Diego-Chula Vista-Carlsbad, CA",San Diego County,2017-08-31,2357.2489230803444,92129,0
96612,655,92056,zip,CA,CA,Oceanside,"San Diego-Chula Vista-Carlsbad, CA",San Diego County,2017-08-31,1731.9371667010755,92056,0
96613,662,92057,zip,CA,CA,Oceanside,"San Diego-Chula Vista-Carlsbad, CA",San Diego County,2017-08-31,1930.0889014299469,92057,0
96548,676,91913,zip,CA,CA,Chula Vista,"San Diego-Chula Vista-Carlsbad, CA",San Diego County,2017-08-31,2083.167488471928,91913,0
96659,787,92117,zip,CA,CA,San Diego,"San Diego-Chula Vista-Carlsbad, CA",San Diego County,2017-08-31,1718.7362486461493,92117,0
96593,834,92024,zip,CA,CA,Encinitas,"San Diego-Chula Vista-Carlsbad, CA",San Diego County,2017-08-31,2304.6285704573093,92024,0
96653,960,92111,zip,CA,CA,San Diego,"San Diego-Chula Vista-Carlsbad, CA",San Diego County,2017-08-31,1796.0523841435431,92111,0
96668,995,92127,zip,CA,CA,San Diego,"San Diego-Chula Vista-Carlsbad, CA",San Diego County,2017-08-31,2240.360696899824,92127,0
96629,996,92078,zip,CA,CA,San Marcos,"San Diego-Chula Vista-Carlsbad, CA",San Diego County,2017-08-31,2085.735498493246,92078,0
96669,1063,92128,zip,CA,CA,San Diego,"San Diego-Chula Vista-Carlsbad, CA",San Diego County,2017-08-31,1979.6370672273088,92128,0
96582,1105,92009,zip,CA,CA,Carlsbad,"San Diego-Chula Vista-Carlsbad, CA",San Diego County,2017-08-31,2162.7181722506584,92009,0
96646,1143,92104,zip,CA,CA,San Diego,"San Diego-Chula Vista-Carlsbad, CA",San Diego County,2017-08-31,1668.37853160287,92104,0
96664,1151,92122,zip,CA,CA,San Diego,"San Diego-Chula Vista-Carlsbad, CA",San Diego County,2017-08-31,2082.104094608558,92122,1
96651,1290,92109,zip,CA,CA,San Diego,"San Diego-Chula Vista-Carlsbad, CA",San Diego County,2017-08-31,2000.8774442439876,92109,0
96643,1522,92101,zip,CA,CA,San Diego,"San Diego-Chula Vista-Carlsbad, CA",San Diego County,2017-08-31,2147.26373461242,92101,0
96644,1622,92102,zip,CA,CA,San Diego,"San Diego-Chula Vista-Carlsbad, CA",San Diego County,2017-08-31,1544.0974859813691,92102,0
96560,1738,91942,zip,CA,CA,La Mesa,"San Diego-Chula Vista-Carlsbad, CA",San Diego County,2017-08-31,1637.837403809273,91942,0
96610,2205,92054,zip,CA,CA,Oceanside,"San Diego-Chula Vista-Carlsbad, CA",San Diego County,2017-08-31,1801.4796609543505,92054,0
96602,2270,92037,zip,CA,CA,San Diego,"San Diego-Chula Vista-Carlsbad, CA",San Diego County,2017-08-31,2627.974571443104,92037,1
96672,2406,92131,zip,CA,CA,San Diego,"San Diego-Chula Vista-Carlsbad, CA",San Diego County,2017-08-31,2242.178203333183,92131,0
96645,2966,92103,zip,CA,CA,San Diego,"San Diego-Chula Vista-Carlsbad, CA",San Diego County,2017-08-31,1829.6999388938584,92103,0
96652,3560,92110,zip,CA,CA,San Diego,"San Diego-Chula Vista-Carlsbad, CA",San Diego County,2017-08-31,1847.9741721771927,92110,0
96649,3605,92107,zip,CA,CA,San Diego,"San Diego-Chula Vista-Carlsbad, CA",San Diego County,2017-08-31,1841.913906509867,92107,0
96658,3607,92116,zip,CA,CA,San Diego,"San Diego-Chula Vista-Carlsbad, CA",San Diego County,2017-08-31,1579.085315195624,92116,0
96581,3914,92008,zip,CA,CA,Carlsbad,"San Diego-Chula Vista-Carlsbad, CA",San Diego County,2017-08-31,1876.0505337706768,92008,0
96555,4492,91932,zip,CA,CA,Imperial Beach,"San Diego-Chula Vista-Carlsbad, CA",San Diego County,2017-08-31,1731.213280838024,91932,0
96584,5214,92011,zip,CA,CA,Carlsbad,"San Diego-Chula Vista-Carlsbad, CA",San Diego County,2017-08-31,2426.89382263245,92011,0
96650,5900,92108,zip,CA,CA,San Diego,"San Diego-Chula Vista-Carlsbad, CA",San Diego County,2017-08-31,2072.4338548824758,92108,0
96660,7608,92118,zip,CA,CA,Coronado,"San Diego-Chula Vista-Carlsbad, CA",San Diego County,2017-08-31,2794.185814501008,92118,0
96546,52,91911,zip,CA,CA,Chula Vista,"San Diego-Chula Vista-Carlsbad, CA",San Diego County,2017-09-30,1681.572015820022,91911,0
96545,153,91910,zip,CA,CA,Chula Vista,"San Diego-Chula Vista-Carlsbad, CA",San Diego County,2017-09-30,1590.8982607482485,91910,0
96667,166,92126,zip,CA,CA,San Diego,"San Diego-Chula Vista-Carlsbad, CA",San Diego County,2017-09-30,1910.968108245533,92126,1
96647,207,92105,zip,CA,CA,San Diego,"San Diego-Chula Vista-Carlsbad, CA",San Diego County,2017-09-30,1338.173111641147,92105,0
96589,396,92020,zip,CA,CA,El Cajon,"San Diego-Chula Vista-Carlsbad, CA",San Diego County,2017-09-30,1440.149664868302,92020,0
96657,414,92115,zip,CA,CA,San Diego,"San Diego-Chula Vista-Carlsbad, CA",San Diego County,2017-09-30,1541.943305512517,92115,0
96625,475,92071,zip,CA,CA,Santee,"San Diego-Chula Vista-Carlsbad, CA",San Diego County,2017-09-30,1866.5040595675605,92071,0
96596,494,92027,zip,CA,CA,Escondido,"San Diego-Chula Vista-Carlsbad, CA",San Diego County,2017-09-30,1370.8603085454922,92027,0
96671,599,92130,zip,CA,CA,San Diego,"San Diego-Chula Vista-Carlsbad, CA",San Diego County,2017-09-30,2792.0322935334248,92130,0
96670,651,92129,zip,CA,CA,San Diego,"San Diego-Chula Vista-Carlsbad, CA",San Diego County,2017-09-30,2355.604925027625,92129,0
96612,655,92056,zip,CA,CA,Oceanside,"San Diego-Chula Vista-Carlsbad, CA",San Diego County,2017-09-30,1759.2273949674427,92056,0
96613,662,92057,zip,CA,CA,Oceanside,"San Diego-Chula Vista-Carlsbad, CA",San Diego County,2017-09-30,1952.979633984893,92057,0
96548,676,91913,zip,CA,CA,Chula Vista,"San Diego-Chula Vista-Carlsbad, CA",San Diego County,2017-09-30,2062.6853770846224,91913,0
96659,787,92117,zip,CA,CA,San Diego,"San Diego-Chula Vista-Carlsbad, CA",San Diego County,2017-09-30,1729.744178406744,92117,0
96593,834,92024,zip,CA,CA,Encinitas,"San Diego-Chula Vista-Carlsbad, CA",San Diego County,2017-09-30,2327.953436273669,92024,0
96653,960,92111,zip,CA,CA,San Diego,"San Diego-Chula Vista-Carlsbad, CA",San Diego County,2017-09-30,1790.658260690607,92111,0
96668,995,92127,zip,CA,CA,San Diego,"San Diego-Chula Vista-Carlsbad, CA",San Diego County,2017-09-30,2255.5708175293425,92127,0
96629,996,92078,zip,CA,CA,San Marcos,"San Diego-Chula Vista-Carlsbad, CA",San Diego County,2017-09-30,2092.7357007045857,92078,0
96669,1063,92128,zip,CA,CA,San Diego,"San Diego-Chula Vista-Carlsbad, CA",San Diego County,2017-09-30,1991.979898350624,92128,0
96582,1105,92009,zip,CA,CA,Carlsbad,"San Diego-Chula Vista-Carlsbad, CA",San Diego County,2017-09-30,2157.462940769814,92009,0
96646,1143,92104,zip,CA,CA,San Diego,"San Diego-Chula Vista-Carlsbad, CA",San Diego County,2017-09-30,1668.2984392872131,92104,0
96664,1151,92122,zip,CA,CA,San Diego,"San Diego-Chula Vista-Carlsbad, CA",San Diego County,2017-09-30,2072.9930237269496,92122,1
96651,1290,92109,zip,CA,CA,San Diego,"San Diego-Chula Vista-Carlsbad, CA",San Diego County,2017-09-30,2002.0311402769396,92109,0
96643,1522,92101,zip,CA,CA,San Diego,"San Diego-Chula Vista-Carlsbad, CA",San Diego County,2017-09-30,2146.1032372186637,92101,0
96644,1622,92102,zip,CA,CA,San Diego,"San Diego-Chula Vista-Carlsbad, CA",San Diego County,2017-09-30,1539.4629826548737,92102,0
96560,1738,91942,zip,CA,CA,La Mesa,"San Diego-Chula Vista-Carlsbad, CA",San Diego County,2017-09-30,1638.7386907274536,91942,0
96610,2205,92054,zip,CA,CA,Oceanside,"San Diego-Chula Vista-Carlsbad, CA",San Diego County,2017-09-30,1821.8584479866488,92054,0
96602,2270,92037,zip,CA,CA,San Diego,"San Diego-Chula Vista-Carlsbad, CA",San Diego County,2017-09-30,2647.060362639584,92037,1
96672,2406,92131,zip,CA,CA,San Diego,"San Diego-Chula Vista-Carlsbad, CA",San Diego County,2017-09-30,2241.325525600408,92131,0
96645,2966,92103,zip,CA,CA,San Diego,"San Diego-Chula Vista-Carlsbad, CA",San Diego County,2017-09-30,1836.538211087333,92103,0
96652,3560,92110,zip,CA,CA,San Diego,"San Diego-Chula Vista-Carlsbad, CA",San Diego County,2017-09-30,1839.0272421796587,92110,0
96649,3605,92107,zip,CA,CA,San Diego,"San Diego-Chula Vista-Carlsbad, CA",San Diego County,2017-09-30,1822.6277980689176,92107,0
96658,3607,92116,zip,CA,CA,San Diego,"San Diego-Chula Vista-Carlsbad, CA",San Diego County,2017-09-30,1573.5721391928507,92116,0
96581,3914,92008,zip,CA,CA,Carlsbad,"San Diego-Chula Vista-Carlsbad, CA",San Diego County,2017-09-30,1864.453055179036,92008,0
96555,4492,91932,zip,CA,CA,Imperial Beach,"San Diego-Chula Vista-Carlsbad, CA",San Diego County,2017-09-30,1730.2470596245598,91932,0
96584,5214,92011,zip,CA,CA,Carlsbad,"San Diego-Chula Vista-Carlsbad, CA",San Diego County,2017-09-30,2449.8288002533222,92011,0
96650,5900,92108,zip,CA,CA,San Diego,"San Diego-Chula Vista-Carlsbad, CA",San Diego County,2017-09-30,2098.1304290518515,92108,0
96660,7608,92118,zip,CA,CA,Coronado,"San Diego-Chula Vista-Carlsbad, CA",San Diego County,2017-09-30,2624.46982997782,92118,0
96546,52,91911,zip,CA,CA,Chula Vista,"San Diego-Chula Vista-Carlsbad, CA",San Diego County,2017-10-31,1683.9116677322124,91911,0
96545,153,91910,zip,CA,CA,Chula Vista,"San Diego-Chula Vista-Carlsbad, CA",San Diego County,2017-10-31,1589.1397823342725,91910,0
96667,166,92126,zip,CA,CA,San Diego,"San Diego-Chula Vista-Carlsbad, CA",San Diego County,2017-10-31,1927.3180447391967,92126,1
96647,207,92105,zip,CA,CA,San Diego,"San Diego-Chula Vista-Carlsbad, CA",San Diego County,2017-10-31,1351.4858994566698,92105,0
96589,396,92020,zip,CA,CA,El Cajon,"San Diego-Chula Vista-Carlsbad, CA",San Diego County,2017-10-31,1401.786647082474,92020,0
96657,414,92115,zip,CA,CA,San Diego,"San Diego-Chula Vista-Carlsbad, CA",San Diego County,2017-10-31,1543.7229345604785,92115,0
96625,475,92071,zip,CA,CA,Santee,"San Diego-Chula Vista-Carlsbad, CA",San Diego County,2017-10-31,1857.308831783866,92071,0
96596,494,92027,zip,CA,CA,Escondido,"San Diego-Chula Vista-Carlsbad, CA",San Diego County,2017-10-31,1376.7654508982437,92027,0
96671,599,92130,zip,CA,CA,San Diego,"San Diego-Chula Vista-Carlsbad, CA",San Diego County,2017-10-31,2772.295840490547,92130,0
96670,651,92129,zip,CA,CA,San Diego,"San Diego-Chula Vista-Carlsbad, CA",San Diego County,2017-10-31,2365.4766689269627,92129,0
96612,655,92056,zip,CA,CA,Oceanside,"San Diego-Chula Vista-Carlsbad, CA",San Diego County,2017-10-31,1780.733846515581,92056,0
96613,662,92057,zip,CA,CA,Oceanside,"San Diego-Chula Vista-Carlsbad, CA",San Diego County,2017-10-31,1953.2068270404736,92057,0
96548,676,91913,zip,CA,CA,Chula Vista,"San Diego-Chula Vista-Carlsbad, CA",San Diego County,2017-10-31,2066.4770677746487,91913,0
96659,787,92117,zip,CA,CA,San Diego,"San Diego-Chula Vista-Carlsbad, CA",San Diego County,2017-10-31,1711.3279544266732,92117,0
96593,834,92024,zip,CA,CA,Encinitas,"San Diego-Chula Vista-Carlsbad, CA",San Diego County,2017-10-31,2319.580091631686,92024,0
96653,960,92111,zip,CA,CA,San Diego,"San Diego-Chula Vista-Carlsbad, CA",San Diego County,2017-10-31,1764.750271531076,92111,0
96668,995,92127,zip,CA,CA,San Diego,"San Diego-Chula Vista-Carlsbad, CA",San Diego County,2017-10-31,2230.5640072570745,92127,0
96629,996,92078,zip,CA,CA,San Marcos,"San Diego-Chula Vista-Carlsbad, CA",San Diego County,2017-10-31,2087.688103904902,92078,0
96669,1063,92128,zip,CA,CA,San Diego,"San Diego-Chula Vista-Carlsbad, CA",San Diego County,2017-10-31,1978.2501253403348,92128,0
96582,1105,92009,zip,CA,CA,Carlsbad,"San Diego-Chula Vista-Carlsbad, CA",San Diego County,2017-10-31,2156.198064636112,92009,0
96646,1143,92104,zip,CA,CA,San Diego,"San Diego-Chula Vista-Carlsbad, CA",San Diego County,2017-10-31,1672.3719129799065,92104,0
96664,1151,92122,zip,CA,CA,San Diego,"San Diego-Chula Vista-Carlsbad, CA",San Diego County,2017-10-31,2067.2538573549587,92122,1
96651,1290,92109,zip,CA,CA,San Diego,"San Diego-Chula Vista-Carlsbad, CA",San Diego County,2017-10-31,1993.7643157167324,92109,0
96643,1522,92101,zip,CA,CA,San Diego,"San Diego-Chula Vista-Carlsbad, CA",San Diego County,2017-10-31,2144.69975185308,92101,0
96644,1622,92102,zip,CA,CA,San Diego,"San Diego-Chula Vista-Carlsbad, CA",San Diego County,2017-10-31,1561.1655672415402,92102,0
96560,1738,91942,zip,CA,CA,La Mesa,"San Diego-Chula Vista-Carlsbad, CA",San Diego County,2017-10-31,1655.8076935187712,91942,0
96610,2205,92054,zip,CA,CA,Oceanside,"San Diego-Chula Vista-Carlsbad, CA",San Diego County,2017-10-31,1815.116569674541,92054,0
96602,2270,92037,zip,CA,CA,San Diego,"San Diego-Chula Vista-Carlsbad, CA",San Diego County,2017-10-31,2609.376580863614,92037,1
96672,2406,92131,zip,CA,CA,San Diego,"San Diego-Chula Vista-Carlsbad, CA",San Diego County,2017-10-31,2228.1329560727177,92131,0
96645,2966,92103,zip,CA,CA,San Diego,"San Diego-Chula Vista-Carlsbad, CA",San Diego County,2017-10-31,1836.700909678111,92103,0
96652,3560,92110,zip,CA,CA,San Diego,"San Diego-Chula Vista-Carlsbad, CA",San Diego County,2017-10-31,1838.6390678483567,92110,0
96649,3605,92107,zip,CA,CA,San Diego,"San Diego-Chula Vista-Carlsbad, CA",San Diego County,2017-10-31,1802.5588310173864,92107,0
96658,3607,92116,zip,CA,CA,San Diego,"San Diego-Chula Vista-Carlsbad, CA",San Diego County,2017-10-31,1576.0391996584888,92116,0
96581,3914,92008,zip,CA,CA,Carlsbad,"San Diego-Chula Vista-Carlsbad, CA",San Diego County,2017-10-31,1874.8728880030667,92008,0
96555,4492,91932,zip,CA,CA,Imperial Beach,"San Diego-Chula Vista-Carlsbad, CA",San Diego County,2017-10-31,1777.9068676811755,91932,0
96584,5214,92011,zip,CA,CA,Carlsbad,"San Diego-Chula Vista-Carlsbad, CA",San Diego County,2017-10-31,2501.2307711470794,92011,0
96650,5900,92108,zip,CA,CA,San Diego,"San Diego-Chula Vista-Carlsbad, CA",San Diego County,2017-10-31,2104.876131859816,92108,0
96660,7608,92118,zip,CA,CA,Coronado,"San Diego-Chula Vista-Carlsbad, CA",San Diego County,2017-10-31,2623.3945171669843,92118,0
96546,52,91911,zip,CA,CA,Chula Vista,"San Diego-Chula Vista-Carlsbad, CA",San Diego County,2017-11-30,1656.1475589530737,91911,0
96545,153,91910,zip,CA,CA,Chula Vista,"San Diego-Chula Vista-Carlsbad, CA",San Diego County,2017-11-30,1584.4021876297595,91910,0
96667,166,92126,zip,CA,CA,San Diego,"San Diego-Chula Vista-Carlsbad, CA",San Diego County,2017-11-30,1927.6352989143984,92126,1
96647,207,92105,zip,CA,CA,San Diego,"San Diego-Chula Vista-Carlsbad, CA",San Diego County,2017-11-30,1363.052443076036,92105,0
96589,396,92020,zip,CA,CA,El Cajon,"San Diego-Chula Vista-Carlsbad, CA",San Diego County,2017-11-30,1394.7025554389977,92020,0
96657,414,92115,zip,CA,CA,San Diego,"San Diego-Chula Vista-Carlsbad, CA",San Diego County,2017-11-30,1562.7972563485396,92115,0
96625,475,92071,zip,CA,CA,Santee,"San Diego-Chula Vista-Carlsbad, CA",San Diego County,2017-11-30,1874.641645744589,92071,0
96596,494,92027,zip,CA,CA,Escondido,"San Diego-Chula Vista-Carlsbad, CA",San Diego County,2017-11-30,1387.0037381749162,92027,0
96671,599,92130,zip,CA,CA,San Diego,"San Diego-Chula Vista-Carlsbad, CA",San Diego County,2017-11-30,2765.575328132853,92130,0
96670,651,92129,zip,CA,CA,San Diego,"San Diego-Chula Vista-Carlsbad, CA",San Diego County,2017-11-30,2365.5314250799456,92129,0
96612,655,92056,zip,CA,CA,Oceanside,"San Diego-Chula Vista-Carlsbad, CA",San Diego County,2017-11-30,1764.0180604343157,92056,0
96613,662,92057,zip,CA,CA,Oceanside,"San Diego-Chula Vista-Carlsbad, CA",San Diego County,2017-11-30,1960.84802625416,92057,0
96548,676,91913,zip,CA,CA,Chula Vista,"San Diego-Chula Vista-Carlsbad, CA",San Diego County,2017-11-30,2048.15496896162,91913,0
96659,787,92117,zip,CA,CA,San Diego,"San Diego-Chula Vista-Carlsbad, CA",San Diego County,2017-11-30,1704.9615650078756,92117,0
96593,834,92024,zip,CA,CA,Encinitas,"San Diego-Chula Vista-Carlsbad, CA",San Diego County,2017-11-30,2287.908423224486,92024,0
96653,960,92111,zip,CA,CA,San Diego,"San Diego-Chula Vista-Carlsbad, CA",San Diego County,2017-11-30,1779.277969187329,92111,0
96668,995,92127,zip,CA,CA,San Diego,"San Diego-Chula Vista-Carlsbad, CA",San Diego County,2017-11-30,2230.228007644401,92127,0
96629,996,92078,zip,CA,CA,San Marcos,"San Diego-Chula Vista-Carlsbad, CA",San Diego County,2017-11-30,2087.174915327861,92078,0
96669,1063,92128,zip,CA,CA,San Diego,"San Diego-Chula Vista-Carlsbad, CA",San Diego County,2017-11-30,1977.308619616036,92128,0
96582,1105,92009,zip,CA,CA,Carlsbad,"San Diego-Chula Vista-Carlsbad, CA",San Diego County,2017-11-30,2169.956534176225,92009,0
96646,1143,92104,zip,CA,CA,San Diego,"San Diego-Chula Vista-Carlsbad, CA",San Diego County,2017-11-30,1689.0829647790636,92104,0
96664,1151,92122,zip,CA,CA,San Diego,"San Diego-Chula Vista-Carlsbad, CA",San Diego County,2017-11-30,2068.797138459228,92122,1
96651,1290,92109,zip,CA,CA,San Diego,"San Diego-Chula Vista-Carlsbad, CA",San Diego County,2017-11-30,1984.028052963266,92109,0
96643,1522,92101,zip,CA,CA,San Diego,"San Diego-Chula Vista-Carlsbad, CA",San Diego County,2017-11-30,2141.08154076284,92101,0
96644,1622,92102,zip,CA,CA,San Diego,"San Diego-Chula Vista-Carlsbad, CA",San Diego County,2017-11-30,1563.2950594656377,92102,0
96560,1738,91942,zip,CA,CA,La Mesa,"San Diego-Chula Vista-Carlsbad, CA",San Diego County,2017-11-30,1680.0096359298225,91942,0
96610,2205,92054,zip,CA,CA,Oceanside,"San Diego-Chula Vista-Carlsbad, CA",San Diego County,2017-11-30,1812.6395436614064,92054,0
96602,2270,92037,zip,CA,CA,San Diego,"San Diego-Chula Vista-Carlsbad, CA",San Diego County,2017-11-30,2591.7949714080387,92037,1
96672,2406,92131,zip,CA,CA,San Diego,"San Diego-Chula Vista-Carlsbad, CA",San Diego County,2017-11-30,2226.6476188901765,92131,0
96645,2966,92103,zip,CA,CA,San Diego,"San Diego-Chula Vista-Carlsbad, CA",San Diego County,2017-11-30,1828.2594730534515,92103,0
96652,3560,92110,zip,CA,CA,San Diego,"San Diego-Chula Vista-Carlsbad, CA",San Diego County,2017-11-30,1825.5323839264877,92110,0
96649,3605,92107,zip,CA,CA,San Diego,"San Diego-Chula Vista-Carlsbad, CA",San Diego County,2017-11-30,1802.1302653259727,92107,0
96658,3607,92116,zip,CA,CA,San Diego,"San Diego-Chula Vista-Carlsbad, CA",San Diego County,2017-11-30,1583.2001948771813,92116,0
96581,3914,92008,zip,CA,CA,Carlsbad,"San Diego-Chula Vista-Carlsbad, CA",San Diego County,2017-11-30,1868.438917881804,92008,0
96555,4492,91932,zip,CA,CA,Imperial Beach,"San Diego-Chula Vista-Carlsbad, CA",San Diego County,2017-11-30,1791.7264652687354,91932,0
96584,5214,92011,zip,CA,CA,Carlsbad,"San Diego-Chula Vista-Carlsbad, CA",San Diego County,2017-11-30,2496.2446016226054,92011,0
96650,5900,92108,zip,CA,CA,San Diego,"San Diego-Chula Vista-Carlsbad, CA",San Diego County,2017-11-30,2110.9642684941127,92108,0
96660,7608,92118,zip,CA,CA,Coronado,"San Diego-Chula Vista-Carlsbad, CA",San Diego County,2017-11-30,2637.6631727159283,92118,0
96546,52,91911,zip,CA,CA,Chula Vista,"San Diego-Chula Vista-Carlsbad, CA",San Diego County,2017-12-31,1669.2946033977798,91911,0
96545,153,91910,zip,CA,CA,Chula Vista,"San Diego-Chula Vista-Carlsbad, CA",San Diego County,2017-12-31,1622.4524719439428,91910,0
96667,166,92126,zip,CA,CA,San Diego,"San Diego-Chula Vista-Carlsbad, CA",San Diego County,2017-12-31,1936.035822144598,92126,1
96647,207,92105,zip,CA,CA,San Diego,"San Diego-Chula Vista-Carlsbad, CA",San Diego County,2017-12-31,1367.978650525091,92105,0
96589,396,92020,zip,CA,CA,El Cajon,"San Diego-Chula Vista-Carlsbad, CA",San Diego County,2017-12-31,1387.3551508495889,92020,0
96657,414,92115,zip,CA,CA,San Diego,"San Diego-Chula Vista-Carlsbad, CA",San Diego County,2017-12-31,1603.028612332381,92115,0
96625,475,92071,zip,CA,CA,Santee,"San Diego-Chula Vista-Carlsbad, CA",San Diego County,2017-12-31,1863.0713059179348,92071,0
96596,494,92027,zip,CA,CA,Escondido,"San Diego-Chula Vista-Carlsbad, CA",San Diego County,2017-12-31,1372.488006722169,92027,0
96671,599,92130,zip,CA,CA,San Diego,"San Diego-Chula Vista-Carlsbad, CA",San Diego County,2017-12-31,2743.00725145807,92130,0
96670,651,92129,zip,CA,CA,San Diego,"San Diego-Chula Vista-Carlsbad, CA",San Diego County,2017-12-31,2381.282307051295,92129,0
96612,655,92056,zip,CA,CA,Oceanside,"San Diego-Chula Vista-Carlsbad, CA",San Diego County,2017-12-31,1762.4227346420105,92056,0
96613,662,92057,zip,CA,CA,Oceanside,"San Diego-Chula Vista-Carlsbad, CA",San Diego County,2017-12-31,1947.8376785602495,92057,0
96548,676,91913,zip,CA,CA,Chula Vista,"San Diego-Chula Vista-Carlsbad, CA",San Diego County,2017-12-31,2048.4729940789875,91913,0
96659,787,92117,zip,CA,CA,San Diego,"San Diego-Chula Vista-Carlsbad, CA",San Diego County,2017-12-31,1671.2549160996505,92117,0
96593,834,92024,zip,CA,CA,Encinitas,"San Diego-Chula Vista-Carlsbad, CA",San Diego County,2017-12-31,2307.0447338823205,92024,0
96653,960,92111,zip,CA,CA,San Diego,"San Diego-Chula Vista-Carlsbad, CA",San Diego County,2017-12-31,1754.9714105038438,92111,0
96668,995,92127,zip,CA,CA,San Diego,"San Diego-Chula Vista-Carlsbad, CA",San Diego County,2017-12-31,2224.579838078367,92127,0
96629,996,92078,zip,CA,CA,San Marcos,"San Diego-Chula Vista-Carlsbad, CA",San Diego County,2017-12-31,2097.1642457654366,92078,0
96669,1063,92128,zip,CA,CA,San Diego,"San Diego-Chula Vista-Carlsbad, CA",San Diego County,2017-12-31,1969.8670092931563,92128,0
96582,1105,92009,zip,CA,CA,Carlsbad,"San Diego-Chula Vista-Carlsbad, CA",San Diego County,2017-12-31,2152.652673712941,92009,0
96646,1143,92104,zip,CA,CA,San Diego,"San Diego-Chula Vista-Carlsbad, CA",San Diego County,2017-12-31,1703.4932404926828,92104,0
96664,1151,92122,zip,CA,CA,San Diego,"San Diego-Chula Vista-Carlsbad, CA",San Diego County,2017-12-31,2082.6866530292373,92122,1
96651,1290,92109,zip,CA,CA,San Diego,"San Diego-Chula Vista-Carlsbad, CA",San Diego County,2017-12-31,1988.5241086801368,92109,0
96643,1522,92101,zip,CA,CA,San Diego,"San Diego-Chula Vista-Carlsbad, CA",San Diego County,2017-12-31,2132.630056541833,92101,0
96644,1622,92102,zip,CA,CA,San Diego,"San Diego-Chula Vista-Carlsbad, CA",San Diego County,2017-12-31,1571.1215661343451,92102,0
96560,1738,91942,zip,CA,CA,La Mesa,"San Diego-Chula Vista-Carlsbad, CA",San Diego County,2017-12-31,1684.6956189631878,91942,0
96610,2205,92054,zip,CA,CA,Oceanside,"San Diego-Chula Vista-Carlsbad, CA",San Diego County,2017-12-31,1826.5310346541933,92054,0
96602,2270,92037,zip,CA,CA,San Diego,"San Diego-Chula Vista-Carlsbad, CA",San Diego County,2017-12-31,2570.3614072015525,92037,1
96672,2406,92131,zip,CA,CA,San Diego,"San Diego-Chula Vista-Carlsbad, CA",San Diego County,2017-12-31,2256.711015786166,92131,0
96645,2966,92103,zip,CA,CA,San Diego,"San Diego-Chula Vista-Carlsbad, CA",San Diego County,2017-12-31,1813.9144685960728,92103,0
96652,3560,92110,zip,CA,CA,San Diego,"San Diego-Chula Vista-Carlsbad, CA",San Diego County,2017-12-31,1865.1785419206003,92110,0
96649,3605,92107,zip,CA,CA,San Diego,"San Diego-Chula Vista-Carlsbad, CA",San Diego County,2017-12-31,1838.168626817559,92107,0
96658,3607,92116,zip,CA,CA,San Diego,"San Diego-Chula Vista-Carlsbad, CA",San Diego County,2017-12-31,1596.2781510831394,92116,0
96581,3914,92008,zip,CA,CA,Carlsbad,"San Diego-Chula Vista-Carlsbad, CA",San Diego County,2017-12-31,1852.521050810993,92008,0
96555,4492,91932,zip,CA,CA,Imperial Beach,"San Diego-Chula Vista-Carlsbad, CA",San Diego County,2017-12-31,1800.3606805562556,91932,0
96584,5214,92011,zip,CA,CA,Carlsbad,"San Diego-Chula Vista-Carlsbad, CA",San Diego County,2017-12-31,2517.893404507733,92011,0
96650,5900,92108,zip,CA,CA,San Diego,"San Diego-Chula Vista-Carlsbad, CA",San Diego County,2017-12-31,2086.699616098522,92108,0
96660,7608,92118,zip,CA,CA,Coronado,"San Diego-Chula Vista-Carlsbad, CA",San Diego County,2017-12-31,2770.927651029448,92118,0
96546,52,91911,zip,CA,CA,Chula Vista,"San Diego-Chula Vista-Carlsbad, CA",San Diego County,2018-01-31,1650.910131389321,91911,0
96690,61,92154,zip,CA,CA,San Diego,"San Diego-Chula Vista-Carlsbad, CA",San Diego County,2018-01-31,1799.8208093152225,92154,0
96545,153,91910,zip,CA,CA,Chula Vista,"San Diego-Chula Vista-Carlsbad, CA",San Diego County,2018-01-31,1623.1080938980826,91910,0
96667,166,92126,zip,CA,CA,San Diego,"San Diego-Chula Vista-Carlsbad, CA",San Diego County,2018-01-31,1939.412258635888,92126,1
96647,207,92105,zip,CA,CA,San Diego,"San Diego-Chula Vista-Carlsbad, CA",San Diego County,2018-01-31,1379.3780463551402,92105,0
96589,396,92020,zip,CA,CA,El Cajon,"San Diego-Chula Vista-Carlsbad, CA",San Diego County,2018-01-31,1401.91898222829,92020,0
96657,414,92115,zip,CA,CA,San Diego,"San Diego-Chula Vista-Carlsbad, CA",San Diego County,2018-01-31,1627.3602412625328,92115,0
96625,475,92071,zip,CA,CA,Santee,"San Diego-Chula Vista-Carlsbad, CA",San Diego County,2018-01-31,1875.464043503962,92071,0
96596,494,92027,zip,CA,CA,Escondido,"San Diego-Chula Vista-Carlsbad, CA",San Diego County,2018-01-31,1370.6481792986367,92027,0
96671,599,92130,zip,CA,CA,San Diego,"San Diego-Chula Vista-Carlsbad, CA",San Diego County,2018-01-31,2748.603689799791,92130,0
96670,651,92129,zip,CA,CA,San Diego,"San Diego-Chula Vista-Carlsbad, CA",San Diego County,2018-01-31,2365.582424843892,92129,0
96612,655,92056,zip,CA,CA,Oceanside,"San Diego-Chula Vista-Carlsbad, CA",San Diego County,2018-01-31,1754.5008300634538,92056,0
96613,662,92057,zip,CA,CA,Oceanside,"San Diego-Chula Vista-Carlsbad, CA",San Diego County,2018-01-31,1969.9338370669943,92057,0
96548,676,91913,zip,CA,CA,Chula Vista,"San Diego-Chula Vista-Carlsbad, CA",San Diego County,2018-01-31,2047.5238348361408,91913,0
96659,787,92117,zip,CA,CA,San Diego,"San Diego-Chula Vista-Carlsbad, CA",San Diego County,2018-01-31,1677.438726811383,92117,0
96593,834,92024,zip,CA,CA,Encinitas,"San Diego-Chula Vista-Carlsbad, CA",San Diego County,2018-01-31,2337.5286287006343,92024,0
96653,960,92111,zip,CA,CA,San Diego,"San Diego-Chula Vista-Carlsbad, CA",San Diego County,2018-01-31,1763.0377042283037,92111,0
96668,995,92127,zip,CA,CA,San Diego,"San Diego-Chula Vista-Carlsbad, CA",San Diego County,2018-01-31,2250.956777710197,92127,0
96629,996,92078,zip,CA,CA,San Marcos,"San Diego-Chula Vista-Carlsbad, CA",San Diego County,2018-01-31,2105.1552533611,92078,0
96669,1063,92128,zip,CA,CA,San Diego,"San Diego-Chula Vista-Carlsbad, CA",San Diego County,2018-01-31,1991.4423859580704,92128,0
96582,1105,92009,zip,CA,CA,Carlsbad,"San Diego-Chula Vista-Carlsbad, CA",San Diego County,2018-01-31,2181.997333246801,92009,0
96646,1143,92104,zip,CA,CA,San Diego,"San Diego-Chula Vista-Carlsbad, CA",San Diego County,2018-01-31,1707.2405677712727,92104,0
96664,1151,92122,zip,CA,CA,San Diego,"San Diego-Chula Vista-Carlsbad, CA",San Diego County,2018-01-31,2083.0553797537027,92122,1
96623,1220,92069,zip,CA,CA,San Marcos,"San Diego-Chula Vista-Carlsbad, CA",San Diego County,2018-01-31,1857.0056732232972,92069,0
96651,1290,92109,zip,CA,CA,San Diego,"San Diego-Chula Vista-Carlsbad, CA",San Diego County,2018-01-31,1985.1256227644008,92109,0
96643,1522,92101,zip,CA,CA,San Diego,"San Diego-Chula Vista-Carlsbad, CA",San Diego County,2018-01-31,2144.3364488049224,92101,0
96644,1622,92102,zip,CA,CA,San Diego,"San Diego-Chula Vista-Carlsbad, CA",San Diego County,2018-01-31,1564.28719816307,92102,0
96560,1738,91942,zip,CA,CA,La Mesa,"San Diego-Chula Vista-Carlsbad, CA",San Diego County,2018-01-31,1680.0988749913065,91942,0
96610,2205,92054,zip,CA,CA,Oceanside,"San Diego-Chula Vista-Carlsbad, CA",San Diego County,2018-01-31,1852.67268812345,92054,0
96602,2270,92037,zip,CA,CA,San Diego,"San Diego-Chula Vista-Carlsbad, CA",San Diego County,2018-01-31,2626.584245823055,92037,1
96672,2406,92131,zip,CA,CA,San Diego,"San Diego-Chula Vista-Carlsbad, CA",San Diego County,2018-01-31,2281.167539328173,92131,0
96645,2966,92103,zip,CA,CA,San Diego,"San Diego-Chula Vista-Carlsbad, CA",San Diego County,2018-01-31,1810.266369088676,92103,0
96652,3560,92110,zip,CA,CA,San Diego,"San Diego-Chula Vista-Carlsbad, CA",San Diego County,2018-01-31,1870.8205116823508,92110,0
96649,3605,92107,zip,CA,CA,San Diego,"San Diego-Chula Vista-Carlsbad, CA",San Diego County,2018-01-31,1859.8726064159337,92107,0
96658,3607,92116,zip,CA,CA,San Diego,"San Diego-Chula Vista-Carlsbad, CA",San Diego County,2018-01-31,1609.2814980415928,92116,0
96581,3914,92008,zip,CA,CA,Carlsbad,"San Diego-Chula Vista-Carlsbad, CA",San Diego County,2018-01-31,1839.2929379435143,92008,0
96555,4492,91932,zip,CA,CA,Imperial Beach,"San Diego-Chula Vista-Carlsbad, CA",San Diego County,2018-01-31,1796.297986793329,91932,0
96584,5214,92011,zip,CA,CA,Carlsbad,"San Diego-Chula Vista-Carlsbad, CA",San Diego County,2018-01-31,2473.756091766332,92011,0
96650,5900,92108,zip,CA,CA,San Diego,"San Diego-Chula Vista-Carlsbad, CA",San Diego County,2018-01-31,2075.095389146834,92108,0
96660,7608,92118,zip,CA,CA,Coronado,"San Diego-Chula Vista-Carlsbad, CA",San Diego County,2018-01-31,2819.600342255808,92118,0
96546,52,91911,zip,CA,CA,Chula Vista,"San Diego-Chula Vista-Carlsbad, CA",San Diego County,2018-02-28,1686.688871663369,91911,0
96690,61,92154,zip,CA,CA,San Diego,"San Diego-Chula Vista-Carlsbad, CA",San Diego County,2018-02-28,1846.4978945014084,92154,0
96545,153,91910,zip,CA,CA,Chula Vista,"San Diego-Chula Vista-Carlsbad, CA",San Diego County,2018-02-28,1643.3761371816238,91910,0
96667,166,92126,zip,CA,CA,San Diego,"San Diego-Chula Vista-Carlsbad, CA",San Diego County,2018-02-28,1948.6342668506825,92126,1
96647,207,92105,zip,CA,CA,San Diego,"San Diego-Chula Vista-Carlsbad, CA",San Diego County,2018-02-28,1388.0242410932512,92105,0
96589,396,92020,zip,CA,CA,El Cajon,"San Diego-Chula Vista-Carlsbad, CA",San Diego County,2018-02-28,1413.9783697179605,92020,0
96657,414,92115,zip,CA,CA,San Diego,"San Diego-Chula Vista-Carlsbad, CA",San Diego County,2018-02-28,1636.3631995663725,92115,0
96625,475,92071,zip,CA,CA,Santee,"San Diego-Chula Vista-Carlsbad, CA",San Diego County,2018-02-28,1850.910564806833,92071,0
96596,494,92027,zip,CA,CA,Escondido,"San Diego-Chula Vista-Carlsbad, CA",San Diego County,2018-02-28,1361.3181749136745,92027,0
96671,599,92130,zip,CA,CA,San Diego,"San Diego-Chula Vista-Carlsbad, CA",San Diego County,2018-02-28,2731.8660544222867,92130,0
96670,651,92129,zip,CA,CA,San Diego,"San Diego-Chula Vista-Carlsbad, CA",San Diego County,2018-02-28,2379.578570942833,92129,0
96612,655,92056,zip,CA,CA,Oceanside,"San Diego-Chula Vista-Carlsbad, CA",San Diego County,2018-02-28,1767.4775725849724,92056,0
96613,662,92057,zip,CA,CA,Oceanside,"San Diego-Chula Vista-Carlsbad, CA",San Diego County,2018-02-28,1974.0701202727337,92057,0
96548,676,91913,zip,CA,CA,Chula Vista,"San Diego-Chula Vista-Carlsbad, CA",San Diego County,2018-02-28,2065.7396740917534,91913,0
96659,787,92117,zip,CA,CA,San Diego,"San Diego-Chula Vista-Carlsbad, CA",San Diego County,2018-02-28,1684.522454480881,92117,0
96593,834,92024,zip,CA,CA,Encinitas,"San Diego-Chula Vista-Carlsbad, CA",San Diego County,2018-02-28,2335.090171984696,92024,0
96653,960,92111,zip,CA,CA,San Diego,"San Diego-Chula Vista-Carlsbad, CA",San Diego County,2018-02-28,1790.990500151304,92111,0
96668,995,92127,zip,CA,CA,San Diego,"San Diego-Chula Vista-Carlsbad, CA",San Diego County,2018-02-28,2250.185706761229,92127,0
96629,996,92078,zip,CA,CA,San Marcos,"San Diego-Chula Vista-Carlsbad, CA",San Diego County,2018-02-28,2108.848435122537,92078,0
96669,1063,92128,zip,CA,CA,San Diego,"San Diego-Chula Vista-Carlsbad, CA",San Diego County,2018-02-28,1997.4766747006088,92128,0
96582,1105,92009,zip,CA,CA,Carlsbad,"San Diego-Chula Vista-Carlsbad, CA",San Diego County,2018-02-28,2193.42698975704,92009,0
96646,1143,92104,zip,CA,CA,San Diego,"San Diego-Chula Vista-Carlsbad, CA",San Diego County,2018-02-28,1716.143094716564,92104,0
96664,1151,92122,zip,CA,CA,San Diego,"San Diego-Chula Vista-Carlsbad, CA",San Diego County,2018-02-28,2068.750982750837,92122,1
96623,1220,92069,zip,CA,CA,San Marcos,"San Diego-Chula Vista-Carlsbad, CA",San Diego County,2018-02-28,1898.024050950869,92069,0
96651,1290,92109,zip,CA,CA,San Diego,"San Diego-Chula Vista-Carlsbad, CA",San Diego County,2018-02-28,1989.5408482199325,92109,0
96643,1522,92101,zip,CA,CA,San Diego,"San Diego-Chula Vista-Carlsbad, CA",San Diego County,2018-02-28,2153.5523275040614,92101,0
96644,1622,92102,zip,CA,CA,San Diego,"San Diego-Chula Vista-Carlsbad, CA",San Diego County,2018-02-28,1570.5374932000357,92102,0
96560,1738,91942,zip,CA,CA,La Mesa,"San Diego-Chula Vista-Carlsbad, CA",San Diego County,2018-02-28,1686.485673112333,91942,0
96610,2205,92054,zip,CA,CA,Oceanside,"San Diego-Chula Vista-Carlsbad, CA",San Diego County,2018-02-28,1870.038440263227,92054,0
96602,2270,92037,zip,CA,CA,San Diego,"San Diego-Chula Vista-Carlsbad, CA",San Diego County,2018-02-28,2656.300323406763,92037,1
96672,2406,92131,zip,CA,CA,San Diego,"San Diego-Chula Vista-Carlsbad, CA",San Diego County,2018-02-28,2261.227043192537,92131,0
96645,2966,92103,zip,CA,CA,San Diego,"San Diego-Chula Vista-Carlsbad, CA",San Diego County,2018-02-28,1828.1074577771835,92103,0
96652,3560,92110,zip,CA,CA,San Diego,"San Diego-Chula Vista-Carlsbad, CA",San Diego County,2018-02-28,1920.7301267979665,92110,0
96649,3605,92107,zip,CA,CA,San Diego,"San Diego-Chula Vista-Carlsbad, CA",San Diego County,2018-02-28,1882.9293746670685,92107,0
96658,3607,92116,zip,CA,CA,San Diego,"San Diego-Chula Vista-Carlsbad, CA",San Diego County,2018-02-28,1621.7937330612497,92116,0
96581,3914,92008,zip,CA,CA,Carlsbad,"San Diego-Chula Vista-Carlsbad, CA",San Diego County,2018-02-28,1846.291698702222,92008,0
96555,4492,91932,zip,CA,CA,Imperial Beach,"San Diego-Chula Vista-Carlsbad, CA",San Diego County,2018-02-28,1787.9448455240251,91932,0
96584,5214,92011,zip,CA,CA,Carlsbad,"San Diego-Chula Vista-Carlsbad, CA",San Diego County,2018-02-28,2472.649967449921,92011,0
96650,5900,92108,zip,CA,CA,San Diego,"San Diego-Chula Vista-Carlsbad, CA",San Diego County,2018-02-28,2053.9924404222843,92108,0
96660,7608,92118,zip,CA,CA,Coronado,"San Diego-Chula Vista-Carlsbad, CA",San Diego County,2018-02-28,2982.54327056947,92118,0
96546,52,91911,zip,CA,CA,Chula Vista,"San Diego-Chula Vista-Carlsbad, CA",San Diego County,2018-03-31,1702.99966717971,91911,0
96690,61,92154,zip,CA,CA,San Diego,"San Diego-Chula Vista-Carlsbad, CA",San Diego County,2018-03-31,1869.2919643305688,92154,0
96545,153,91910,zip,CA,CA,Chula Vista,"San Diego-Chula Vista-Carlsbad, CA",San Diego County,2018-03-31,1621.5551701119748,91910,0
96667,166,92126,zip,CA,CA,San Diego,"San Diego-Chula Vista-Carlsbad, CA",San Diego County,2018-03-31,1968.000055150382,92126,1
96647,207,92105,zip,CA,CA,San Diego,"San Diego-Chula Vista-Carlsbad, CA",San Diego County,2018-03-31,1405.9076929886244,92105,0
96589,396,92020,zip,CA,CA,El Cajon,"San Diego-Chula Vista-Carlsbad, CA",San Diego County,2018-03-31,1438.4011021913154,92020,0
96657,414,92115,zip,CA,CA,San Diego,"San Diego-Chula Vista-Carlsbad, CA",San Diego County,2018-03-31,1636.8537759124663,92115,0
96625,475,92071,zip,CA,CA,Santee,"San Diego-Chula Vista-Carlsbad, CA",San Diego County,2018-03-31,1856.361266747596,92071,0
96596,494,92027,zip,CA,CA,Escondido,"San Diego-Chula Vista-Carlsbad, CA",San Diego County,2018-03-31,1405.3385011184105,92027,0
96671,599,92130,zip,CA,CA,San Diego,"San Diego-Chula Vista-Carlsbad, CA",San Diego County,2018-03-31,2759.6699822679275,92130,0
96670,651,92129,zip,CA,CA,San Diego,"San Diego-Chula Vista-Carlsbad, CA",San Diego County,2018-03-31,2380.3064267224054,92129,0
96612,655,92056,zip,CA,CA,Oceanside,"San Diego-Chula Vista-Carlsbad, CA",San Diego County,2018-03-31,1764.8135955301957,92056,0
96613,662,92057,zip,CA,CA,Oceanside,"San Diego-Chula Vista-Carlsbad, CA",San Diego County,2018-03-31,1986.1661025832,92057,0
96548,676,91913,zip,CA,CA,Chula Vista,"San Diego-Chula Vista-Carlsbad, CA",San Diego County,2018-03-31,2090.7024622851723,91913,0
96659,787,92117,zip,CA,CA,San Diego,"San Diego-Chula Vista-Carlsbad, CA",San Diego County,2018-03-31,1721.0575760448494,92117,0
96593,834,92024,zip,CA,CA,Encinitas,"San Diego-Chula Vista-Carlsbad, CA",San Diego County,2018-03-31,2304.233062870475,92024,0
96653,960,92111,zip,CA,CA,San Diego,"San Diego-Chula Vista-Carlsbad, CA",San Diego County,2018-03-31,1810.9777609327716,92111,0
96668,995,92127,zip,CA,CA,San Diego,"San Diego-Chula Vista-Carlsbad, CA",San Diego County,2018-03-31,2268.261931361527,92127,0
96629,996,92078,zip,CA,CA,San Marcos,"San Diego-Chula Vista-Carlsbad, CA",San Diego County,2018-03-31,2119.859334145368,92078,0
96669,1063,92128,zip,CA,CA,San Diego,"San Diego-Chula Vista-Carlsbad, CA",San Diego County,2018-03-31,2012.8147503076775,92128,0
96582,1105,92009,zip,CA,CA,Carlsbad,"San Diego-Chula Vista-Carlsbad, CA",San Diego County,2018-03-31,2213.288101578819,92009,0
96646,1143,92104,zip,CA,CA,San Diego,"San Diego-Chula Vista-Carlsbad, CA",San Diego County,2018-03-31,1724.631245144575,92104,0
96664,1151,92122,zip,CA,CA,San Diego,"San Diego-Chula Vista-Carlsbad, CA",San Diego County,2018-03-31,2097.375842536848,92122,1
96623,1220,92069,zip,CA,CA,San Marcos,"San Diego-Chula Vista-Carlsbad, CA",San Diego County,2018-03-31,1895.2426557118888,92069,0
96651,1290,92109,zip,CA,CA,San Diego,"San Diego-Chula Vista-Carlsbad, CA",San Diego County,2018-03-31,2004.9764826405808,92109,0
96643,1522,92101,zip,CA,CA,San Diego,"San Diego-Chula Vista-Carlsbad, CA",San Diego County,2018-03-31,2173.624158866711,92101,0
96644,1622,92102,zip,CA,CA,San Diego,"San Diego-Chula Vista-Carlsbad, CA",San Diego County,2018-03-31,1578.7005087082223,92102,0
96560,1738,91942,zip,CA,CA,La Mesa,"San Diego-Chula Vista-Carlsbad, CA",San Diego County,2018-03-31,1709.471005326606,91942,0
96610,2205,92054,zip,CA,CA,Oceanside,"San Diego-Chula Vista-Carlsbad, CA",San Diego County,2018-03-31,1847.5725514071116,92054,0
96602,2270,92037,zip,CA,CA,San Diego,"San Diego-Chula Vista-Carlsbad, CA",San Diego County,2018-03-31,2673.6337463785417,92037,1
96672,2406,92131,zip,CA,CA,San Diego,"San Diego-Chula Vista-Carlsbad, CA",San Diego County,2018-03-31,2253.3107653271827,92131,0
96645,2966,92103,zip,CA,CA,San Diego,"San Diego-Chula Vista-Carlsbad, CA",San Diego County,2018-03-31,1845.642813119647,92103,0
96652,3560,92110,zip,CA,CA,San Diego,"San Diego-Chula Vista-Carlsbad, CA",San Diego County,2018-03-31,1921.76217459102,92110,0
96649,3605,92107,zip,CA,CA,San Diego,"San Diego-Chula Vista-Carlsbad, CA",San Diego County,2018-03-31,1870.5087836414843,92107,0
96658,3607,92116,zip,CA,CA,San Diego,"San Diego-Chula Vista-Carlsbad, CA",San Diego County,2018-03-31,1623.5972867635296,92116,0
96581,3914,92008,zip,CA,CA,Carlsbad,"San Diego-Chula Vista-Carlsbad, CA",San Diego County,2018-03-31,1882.2272574650483,92008,0
96555,4492,91932,zip,CA,CA,Imperial Beach,"San Diego-Chula Vista-Carlsbad, CA",San Diego County,2018-03-31,1813.4445359022232,91932,0
96584,5214,92011,zip,CA,CA,Carlsbad,"San Diego-Chula Vista-Carlsbad, CA",San Diego County,2018-03-31,2491.0287790336183,92011,0
96650,5900,92108,zip,CA,CA,San Diego,"San Diego-Chula Vista-Carlsbad, CA",San Diego County,2018-03-31,2075.6124139822286,92108,0
96660,7608,92118,zip,CA,CA,Coronado,"San Diego-Chula Vista-Carlsbad, CA",San Diego County,2018-03-31,2974.5182274210306,92118,0
96546,52,91911,zip,CA,CA,Chula Vista,"San Diego-Chula Vista-Carlsbad, CA",San Diego County,2018-04-30,1734.9556321442085,91911,0
96690,61,92154,zip,CA,CA,San Diego,"San Diego-Chula Vista-Carlsbad, CA",San Diego County,2018-04-30,1871.904041966737,92154,0
96545,153,91910,zip,CA,CA,Chula Vista,"San Diego-Chula Vista-Carlsbad, CA",San Diego County,2018-04-30,1633.5284497426303,91910,0
96667,166,92126,zip,CA,CA,San Diego,"San Diego-Chula Vista-Carlsbad, CA",San Diego County,2018-04-30,1977.644560542731,92126,1
96647,207,92105,zip,CA,CA,San Diego,"San Diego-Chula Vista-Carlsbad, CA",San Diego County,2018-04-30,1401.5992588080142,92105,0
96589,396,92020,zip,CA,CA,El Cajon,"San Diego-Chula Vista-Carlsbad, CA",San Diego County,2018-04-30,1430.0245682121745,92020,0
96657,414,92115,zip,CA,CA,San Diego,"San Diego-Chula Vista-Carlsbad, CA",San Diego County,2018-04-30,1625.5302186382112,92115,0
96625,475,92071,zip,CA,CA,Santee,"San Diego-Chula Vista-Carlsbad, CA",San Diego County,2018-04-30,1869.7813443010596,92071,0
96596,494,92027,zip,CA,CA,Escondido,"San Diego-Chula Vista-Carlsbad, CA",San Diego County,2018-04-30,1439.5298391284327,92027,0
96671,599,92130,zip,CA,CA,San Diego,"San Diego-Chula Vista-Carlsbad, CA",San Diego County,2018-04-30,2766.8385747951643,92130,0
96670,651,92129,zip,CA,CA,San Diego,"San Diego-Chula Vista-Carlsbad, CA",San Diego County,2018-04-30,2407.1954389975317,92129,0
96612,655,92056,zip,CA,CA,Oceanside,"San Diego-Chula Vista-Carlsbad, CA",San Diego County,2018-04-30,1768.706718138283,92056,0
96613,662,92057,zip,CA,CA,Oceanside,"San Diego-Chula Vista-Carlsbad, CA",San Diego County,2018-04-30,1985.9240571877408,92057,0
96548,676,91913,zip,CA,CA,Chula Vista,"San Diego-Chula Vista-Carlsbad, CA",San Diego County,2018-04-30,2119.9479777257447,91913,0
96659,787,92117,zip,CA,CA,San Diego,"San Diego-Chula Vista-Carlsbad, CA",San Diego County,2018-04-30,1744.2835203387665,92117,0
96593,834,92024,zip,CA,CA,Encinitas,"San Diego-Chula Vista-Carlsbad, CA",San Diego County,2018-04-30,2339.848459915925,92024,0
96653,960,92111,zip,CA,CA,San Diego,"San Diego-Chula Vista-Carlsbad, CA",San Diego County,2018-04-30,1813.8102264944328,92111,0
96668,995,92127,zip,CA,CA,San Diego,"San Diego-Chula Vista-Carlsbad, CA",San Diego County,2018-04-30,2278.504403353624,92127,0
96629,996,92078,zip,CA,CA,San Marcos,"San Diego-Chula Vista-Carlsbad, CA",San Diego County,2018-04-30,2139.817898803204,92078,0
96669,1063,92128,zip,CA,CA,San Diego,"San Diego-Chula Vista-Carlsbad, CA",San Diego County,2018-04-30,2013.4593645722464,92128,0
96582,1105,92009,zip,CA,CA,Carlsbad,"San Diego-Chula Vista-Carlsbad, CA",San Diego County,2018-04-30,2216.437882675206,92009,0
96646,1143,92104,zip,CA,CA,San Diego,"San Diego-Chula Vista-Carlsbad, CA",San Diego County,2018-04-30,1742.893153392053,92104,0
96664,1151,92122,zip,CA,CA,San Diego,"San Diego-Chula Vista-Carlsbad, CA",San Diego County,2018-04-30,2120.5061460808693,92122,1
96623,1220,92069,zip,CA,CA,San Marcos,"San Diego-Chula Vista-Carlsbad, CA",San Diego County,2018-04-30,1902.69307468476,92069,0
96651,1290,92109,zip,CA,CA,San Diego,"San Diego-Chula Vista-Carlsbad, CA",San Diego County,2018-04-30,2040.6957416000837,92109,0
96643,1522,92101,zip,CA,CA,San Diego,"San Diego-Chula Vista-Carlsbad, CA",San Diego County,2018-04-30,2181.232242692788,92101,0
96644,1622,92102,zip,CA,CA,San Diego,"San Diego-Chula Vista-Carlsbad, CA",San Diego County,2018-04-30,1574.5915157296308,92102,0
96560,1738,91942,zip,CA,CA,La Mesa,"San Diego-Chula Vista-Carlsbad, CA",San Diego County,2018-04-30,1722.511154155294,91942,0
96610,2205,92054,zip,CA,CA,Oceanside,"San Diego-Chula Vista-Carlsbad, CA",San Diego County,2018-04-30,1866.989712146058,92054,0
96602,2270,92037,zip,CA,CA,San Diego,"San Diego-Chula Vista-Carlsbad, CA",San Diego County,2018-04-30,2703.54685248819,92037,1
96672,2406,92131,zip,CA,CA,San Diego,"San Diego-Chula Vista-Carlsbad, CA",San Diego County,2018-04-30,2276.0436099014764,92131,0
96645,2966,92103,zip,CA,CA,San Diego,"San Diego-Chula Vista-Carlsbad, CA",San Diego County,2018-04-30,1853.755145148526,92103,0
96652,3560,92110,zip,CA,CA,San Diego,"San Diego-Chula Vista-Carlsbad, CA",San Diego County,2018-04-30,1918.738428595276,92110,0
96649,3605,92107,zip,CA,CA,San Diego,"San Diego-Chula Vista-Carlsbad, CA",San Diego County,2018-04-30,1877.1313816462944,92107,0
96658,3607,92116,zip,CA,CA,San Diego,"San Diego-Chula Vista-Carlsbad, CA",San Diego County,2018-04-30,1629.961861299327,92116,0
96581,3914,92008,zip,CA,CA,Carlsbad,"San Diego-Chula Vista-Carlsbad, CA",San Diego County,2018-04-30,1900.455289337187,92008,0
96555,4492,91932,zip,CA,CA,Imperial Beach,"San Diego-Chula Vista-Carlsbad, CA",San Diego County,2018-04-30,1813.8696578842048,91932,0
96584,5214,92011,zip,CA,CA,Carlsbad,"San Diego-Chula Vista-Carlsbad, CA",San Diego County,2018-04-30,2531.817617934084,92011,0
96650,5900,92108,zip,CA,CA,San Diego,"San Diego-Chula Vista-Carlsbad, CA",San Diego County,2018-04-30,2087.911417658688,92108,0
96660,7608,92118,zip,CA,CA,Coronado,"San Diego-Chula Vista-Carlsbad, CA",San Diego County,2018-04-30,3023.2082713076265,92118,0
96546,52,91911,zip,CA,CA,Chula Vista,"San Diego-Chula Vista-Carlsbad, CA",San Diego County,2018-05-31,1757.8095033694467,91911,0
96690,61,92154,zip,CA,CA,San Diego,"San Diego-Chula Vista-Carlsbad, CA",San Diego County,2018-05-31,1863.7472844391864,92154,0
96545,153,91910,zip,CA,CA,Chula Vista,"San Diego-Chula Vista-Carlsbad, CA",San Diego County,2018-05-31,1624.5304639039027,91910,0
96667,166,92126,zip,CA,CA,San Diego,"San Diego-Chula Vista-Carlsbad, CA",San Diego County,2018-05-31,1988.9869584943667,92126,1
96647,207,92105,zip,CA,CA,San Diego,"San Diego-Chula Vista-Carlsbad, CA",San Diego County,2018-05-31,1412.6669121266614,92105,0
96589,396,92020,zip,CA,CA,El Cajon,"San Diego-Chula Vista-Carlsbad, CA",San Diego County,2018-05-31,1439.4884999763656,92020,0
96657,414,92115,zip,CA,CA,San Diego,"San Diego-Chula Vista-Carlsbad, CA",San Diego County,2018-05-31,1613.4256680694157,92115,0
96625,475,92071,zip,CA,CA,Santee,"San Diego-Chula Vista-Carlsbad, CA",San Diego County,2018-05-31,1901.7625432493523,92071,0
96596,494,92027,zip,CA,CA,Escondido,"San Diego-Chula Vista-Carlsbad, CA",San Diego County,2018-05-31,1461.035394613368,92027,0
96671,599,92130,zip,CA,CA,San Diego,"San Diego-Chula Vista-Carlsbad, CA",San Diego County,2018-05-31,2825.184781393358,92130,0
96670,651,92129,zip,CA,CA,San Diego,"San Diego-Chula Vista-Carlsbad, CA",San Diego County,2018-05-31,2415.426406085056,92129,0
96612,655,92056,zip,CA,CA,Oceanside,"San Diego-Chula Vista-Carlsbad, CA",San Diego County,2018-05-31,1768.3369105729798,92056,0
96613,662,92057,zip,CA,CA,Oceanside,"San Diego-Chula Vista-Carlsbad, CA",San Diego County,2018-05-31,1988.8644626523376,92057,0
96548,676,91913,zip,CA,CA,Chula Vista,"San Diego-Chula Vista-Carlsbad, CA",San Diego County,2018-05-31,2141.5415837902624,91913,0
96659,787,92117,zip,CA,CA,San Diego,"San Diego-Chula Vista-Carlsbad, CA",San Diego County,2018-05-31,1801.257809633653,92117,0
96593,834,92024,zip,CA,CA,Encinitas,"San Diego-Chula Vista-Carlsbad, CA",San Diego County,2018-05-31,2386.303750556988,92024,0
96653,960,92111,zip,CA,CA,San Diego,"San Diego-Chula Vista-Carlsbad, CA",San Diego County,2018-05-31,1804.7343326316463,92111,0
96668,995,92127,zip,CA,CA,San Diego,"San Diego-Chula Vista-Carlsbad, CA",San Diego County,2018-05-31,2295.968008749928,92127,0
96629,996,92078,zip,CA,CA,San Marcos,"San Diego-Chula Vista-Carlsbad, CA",San Diego County,2018-05-31,2173.600518135502,92078,0
96669,1063,92128,zip,CA,CA,San Diego,"San Diego-Chula Vista-Carlsbad, CA",San Diego County,2018-05-31,2029.5641437950983,92128,0
96582,1105,92009,zip,CA,CA,Carlsbad,"San Diego-Chula Vista-Carlsbad, CA",San Diego County,2018-05-31,2247.080485056222,92009,0
96646,1143,92104,zip,CA,CA,San Diego,"San Diego-Chula Vista-Carlsbad, CA",San Diego County,2018-05-31,1742.5961587677066,92104,0
96664,1151,92122,zip,CA,CA,San Diego,"San Diego-Chula Vista-Carlsbad, CA",San Diego County,2018-05-31,2178.3060557252675,92122,1
96623,1220,92069,zip,CA,CA,San Marcos,"San Diego-Chula Vista-Carlsbad, CA",San Diego County,2018-05-31,1901.684945671452,92069,0
96651,1290,92109,zip,CA,CA,San Diego,"San Diego-Chula Vista-Carlsbad, CA",San Diego County,2018-05-31,2049.9991151949785,92109,0
96643,1522,92101,zip,CA,CA,San Diego,"San Diego-Chula Vista-Carlsbad, CA",San Diego County,2018-05-31,2205.933160493617,92101,0
96644,1622,92102,zip,CA,CA,San Diego,"San Diego-Chula Vista-Carlsbad, CA",San Diego County,2018-05-31,1572.9127455942205,92102,0
96560,1738,91942,zip,CA,CA,La Mesa,"San Diego-Chula Vista-Carlsbad, CA",San Diego County,2018-05-31,1725.1172710294595,91942,0
96610,2205,92054,zip,CA,CA,Oceanside,"San Diego-Chula Vista-Carlsbad, CA",San Diego County,2018-05-31,1888.6130524758755,92054,0
96602,2270,92037,zip,CA,CA,San Diego,"San Diego-Chula Vista-Carlsbad, CA",San Diego County,2018-05-31,2734.2754035602416,92037,1
96672,2406,92131,zip,CA,CA,San Diego,"San Diego-Chula Vista-Carlsbad, CA",San Diego County,2018-05-31,2328.8404489369154,92131,0
96645,2966,92103,zip,CA,CA,San Diego,"San Diego-Chula Vista-Carlsbad, CA",San Diego County,2018-05-31,1861.7363359831104,92103,0
96652,3560,92110,zip,CA,CA,San Diego,"San Diego-Chula Vista-Carlsbad, CA",San Diego County,2018-05-31,1898.1994920327531,92110,0
96649,3605,92107,zip,CA,CA,San Diego,"San Diego-Chula Vista-Carlsbad, CA",San Diego County,2018-05-31,1880.1836127085687,92107,0
96658,3607,92116,zip,CA,CA,San Diego,"San Diego-Chula Vista-Carlsbad, CA",San Diego County,2018-05-31,1637.9707975807517,92116,0
96581,3914,92008,zip,CA,CA,Carlsbad,"San Diego-Chula Vista-Carlsbad, CA",San Diego County,2018-05-31,1924.5516285465228,92008,0
96555,4492,91932,zip,CA,CA,Imperial Beach,"San Diego-Chula Vista-Carlsbad, CA",San Diego County,2018-05-31,1850.4727384330536,91932,0
96584,5214,92011,zip,CA,CA,Carlsbad,"San Diego-Chula Vista-Carlsbad, CA",San Diego County,2018-05-31,2572.330672098181,92011,0
96650,5900,92108,zip,CA,CA,San Diego,"San Diego-Chula Vista-Carlsbad, CA",San Diego County,2018-05-31,2108.469573621495,92108,0
96660,7608,92118,zip,CA,CA,Coronado,"San Diego-Chula Vista-Carlsbad, CA",San Diego County,2018-05-31,3101.31012659327,92118,0
96546,52,91911,zip,CA,CA,Chula Vista,"San Diego-Chula Vista-Carlsbad, CA",San Diego County,2018-06-30,1781.2271624539535,91911,0
96690,61,92154,zip,CA,CA,San Diego,"San Diego-Chula Vista-Carlsbad, CA",San Diego County,2018-06-30,1877.320201784874,92154,0
96545,153,91910,zip,CA,CA,Chula Vista,"San Diego-Chula Vista-Carlsbad, CA",San Diego County,2018-06-30,1638.6912982623755,91910,0
96667,166,92126,zip,CA,CA,San Diego,"San Diego-Chula Vista-Carlsbad, CA",San Diego County,2018-06-30,1994.0894222376096,92126,1
96647,207,92105,zip,CA,CA,San Diego,"San Diego-Chula Vista-Carlsbad, CA",San Diego County,2018-06-30,1411.1498941470572,92105,0
96589,396,92020,zip,CA,CA,El Cajon,"San Diego-Chula Vista-Carlsbad, CA",San Diego County,2018-06-30,1450.7036738151137,92020,0
96657,414,92115,zip,CA,CA,San Diego,"San Diego-Chula Vista-Carlsbad, CA",San Diego County,2018-06-30,1623.1322677947371,92115,0
96625,475,92071,zip,CA,CA,Santee,"San Diego-Chula Vista-Carlsbad, CA",San Diego County,2018-06-30,1910.2108507545336,92071,0
96596,494,92027,zip,CA,CA,Escondido,"San Diego-Chula Vista-Carlsbad, CA",San Diego County,2018-06-30,1447.9627526784304,92027,0
96671,599,92130,zip,CA,CA,San Diego,"San Diego-Chula Vista-Carlsbad, CA",San Diego County,2018-06-30,2849.4086593498087,92130,0
96670,651,92129,zip,CA,CA,San Diego,"San Diego-Chula Vista-Carlsbad, CA",San Diego County,2018-06-30,2432.1938132067653,92129,0
96612,655,92056,zip,CA,CA,Oceanside,"San Diego-Chula Vista-Carlsbad, CA",San Diego County,2018-06-30,1777.719996658701,92056,0
96613,662,92057,zip,CA,CA,Oceanside,"San Diego-Chula Vista-Carlsbad, CA",San Diego County,2018-06-30,2010.4127694181,92057,0
96548,676,91913,zip,CA,CA,Chula Vista,"San Diego-Chula Vista-Carlsbad, CA",San Diego County,2018-06-30,2156.3904243415404,91913,0
96659,787,92117,zip,CA,CA,San Diego,"San Diego-Chula Vista-Carlsbad, CA",San Diego County,2018-06-30,1808.6567711917053,92117,0
96593,834,92024,zip,CA,CA,Encinitas,"San Diego-Chula Vista-Carlsbad, CA",San Diego County,2018-06-30,2434.757813212933,92024,0
96653,960,92111,zip,CA,CA,San Diego,"San Diego-Chula Vista-Carlsbad, CA",San Diego County,2018-06-30,1813.563059974313,92111,0
96668,995,92127,zip,CA,CA,San Diego,"San Diego-Chula Vista-Carlsbad, CA",San Diego County,2018-06-30,2305.7029839208785,92127,0
96629,996,92078,zip,CA,CA,San Marcos,"San Diego-Chula Vista-Carlsbad, CA",San Diego County,2018-06-30,2171.303194437767,92078,0
96669,1063,92128,zip,CA,CA,San Diego,"San Diego-Chula Vista-Carlsbad, CA",San Diego County,2018-06-30,2035.615072397577,92128,0
96582,1105,92009,zip,CA,CA,Carlsbad,"San Diego-Chula Vista-Carlsbad, CA",San Diego County,2018-06-30,2271.68436537075,92009,0
96646,1143,92104,zip,CA,CA,San Diego,"San Diego-Chula Vista-Carlsbad, CA",San Diego County,2018-06-30,1741.870001641112,92104,0
96664,1151,92122,zip,CA,CA,San Diego,"San Diego-Chula Vista-Carlsbad, CA",San Diego County,2018-06-30,2192.8909220831097,92122,1
96623,1220,92069,zip,CA,CA,San Marcos,"San Diego-Chula Vista-Carlsbad, CA",San Diego County,2018-06-30,1906.4780127175927,92069,0
96651,1290,92109,zip,CA,CA,San Diego,"San Diego-Chula Vista-Carlsbad, CA",San Diego County,2018-06-30,2065.921698191036,92109,0
96643,1522,92101,zip,CA,CA,San Diego,"San Diego-Chula Vista-Carlsbad, CA",San Diego County,2018-06-30,2210.130260652545,92101,0
96644,1622,92102,zip,CA,CA,San Diego,"San Diego-Chula Vista-Carlsbad, CA",San Diego County,2018-06-30,1587.007095360157,92102,0
96560,1738,91942,zip,CA,CA,La Mesa,"San Diego-Chula Vista-Carlsbad, CA",San Diego County,2018-06-30,1734.7198469948903,91942,0
96610,2205,92054,zip,CA,CA,Oceanside,"San Diego-Chula Vista-Carlsbad, CA",San Diego County,2018-06-30,1916.166629617975,92054,0
96602,2270,92037,zip,CA,CA,San Diego,"San Diego-Chula Vista-Carlsbad, CA",San Diego County,2018-06-30,2752.6603146175903,92037,1
96672,2406,92131,zip,CA,CA,San Diego,"San Diego-Chula Vista-Carlsbad, CA",San Diego County,2018-06-30,2341.444036134634,92131,0
96645,2966,92103,zip,CA,CA,San Diego,"San Diego-Chula Vista-Carlsbad, CA",San Diego County,2018-06-30,1864.508114383636,92103,0
96652,3560,92110,zip,CA,CA,San Diego,"San Diego-Chula Vista-Carlsbad, CA",San Diego County,2018-06-30,1861.2348563823464,92110,0
96649,3605,92107,zip,CA,CA,San Diego,"San Diego-Chula Vista-Carlsbad, CA",San Diego County,2018-06-30,1878.0471005688007,92107,0
96658,3607,92116,zip,CA,CA,San Diego,"San Diego-Chula Vista-Carlsbad, CA",San Diego County,2018-06-30,1648.1467285202775,92116,0
96581,3914,92008,zip,CA,CA,Carlsbad,"San Diego-Chula Vista-Carlsbad, CA",San Diego County,2018-06-30,1929.002707193072,92008,0
96555,4492,91932,zip,CA,CA,Imperial Beach,"San Diego-Chula Vista-Carlsbad, CA",San Diego County,2018-06-30,1865.2713294249372,91932,0
96584,5214,92011,zip,CA,CA,Carlsbad,"San Diego-Chula Vista-Carlsbad, CA",San Diego County,2018-06-30,2566.036701256679,92011,0
96650,5900,92108,zip,CA,CA,San Diego,"San Diego-Chula Vista-Carlsbad, CA",San Diego County,2018-06-30,2142.910860550032,92108,0
96660,7608,92118,zip,CA,CA,Coronado,"San Diego-Chula Vista-Carlsbad, CA",San Diego County,2018-06-30,3203.1601454714605,92118,0
96546,52,91911,zip,CA,CA,Chula Vista,"San Diego-Chula Vista-Carlsbad, CA",San Diego County,2018-07-31,1800.3596739361822,91911,0
96690,61,92154,zip,CA,CA,San Diego,"San Diego-Chula Vista-Carlsbad, CA",San Diego County,2018-07-31,1906.75928729716,92154,0
96545,153,91910,zip,CA,CA,Chula Vista,"San Diego-Chula Vista-Carlsbad, CA",San Diego County,2018-07-31,1643.4874873211536,91910,0
96667,166,92126,zip,CA,CA,San Diego,"San Diego-Chula Vista-Carlsbad, CA",San Diego County,2018-07-31,2000.276231711952,92126,1
96647,207,92105,zip,CA,CA,San Diego,"San Diego-Chula Vista-Carlsbad, CA",San Diego County,2018-07-31,1421.2596465497063,92105,0
96589,396,92020,zip,CA,CA,El Cajon,"San Diego-Chula Vista-Carlsbad, CA",San Diego County,2018-07-31,1464.325302849675,92020,0
96657,414,92115,zip,CA,CA,San Diego,"San Diego-Chula Vista-Carlsbad, CA",San Diego County,2018-07-31,1649.8975791256523,92115,0
96625,475,92071,zip,CA,CA,Santee,"San Diego-Chula Vista-Carlsbad, CA",San Diego County,2018-07-31,1912.3874138644092,92071,0
96596,494,92027,zip,CA,CA,Escondido,"San Diego-Chula Vista-Carlsbad, CA",San Diego County,2018-07-31,1449.0336763535695,92027,0
96671,599,92130,zip,CA,CA,San Diego,"San Diego-Chula Vista-Carlsbad, CA",San Diego County,2018-07-31,2876.7837936035785,92130,0
96670,651,92129,zip,CA,CA,San Diego,"San Diego-Chula Vista-Carlsbad, CA",San Diego County,2018-07-31,2445.372721075629,92129,0
96612,655,92056,zip,CA,CA,Oceanside,"San Diego-Chula Vista-Carlsbad, CA",San Diego County,2018-07-31,1797.346671441118,92056,0
96613,662,92057,zip,CA,CA,Oceanside,"San Diego-Chula Vista-Carlsbad, CA",San Diego County,2018-07-31,2015.7108917339497,92057,0
96548,676,91913,zip,CA,CA,Chula Vista,"San Diego-Chula Vista-Carlsbad, CA",San Diego County,2018-07-31,2169.961602565568,91913,0
96659,787,92117,zip,CA,CA,San Diego,"San Diego-Chula Vista-Carlsbad, CA",San Diego County,2018-07-31,1813.3749132323528,92117,0
96593,834,92024,zip,CA,CA,Encinitas,"San Diego-Chula Vista-Carlsbad, CA",San Diego County,2018-07-31,2399.534497255344,92024,0
96653,960,92111,zip,CA,CA,San Diego,"San Diego-Chula Vista-Carlsbad, CA",San Diego County,2018-07-31,1831.4065018513688,92111,0
96668,995,92127,zip,CA,CA,San Diego,"San Diego-Chula Vista-Carlsbad, CA",San Diego County,2018-07-31,2304.670972048302,92127,0
96629,996,92078,zip,CA,CA,San Marcos,"San Diego-Chula Vista-Carlsbad, CA",San Diego County,2018-07-31,2172.576415940079,92078,0
96669,1063,92128,zip,CA,CA,San Diego,"San Diego-Chula Vista-Carlsbad, CA",San Diego County,2018-07-31,2051.606397720139,92128,0
96582,1105,92009,zip,CA,CA,Carlsbad,"San Diego-Chula Vista-Carlsbad, CA",San Diego County,2018-07-31,2307.1089703150737,92009,0
96646,1143,92104,zip,CA,CA,San Diego,"San Diego-Chula Vista-Carlsbad, CA",San Diego County,2018-07-31,1746.4589441041624,92104,0
96664,1151,92122,zip,CA,CA,San Diego,"San Diego-Chula Vista-Carlsbad, CA",San Diego County,2018-07-31,2215.8480103520765,92122,1
96623,1220,92069,zip,CA,CA,San Marcos,"San Diego-Chula Vista-Carlsbad, CA",San Diego County,2018-07-31,1889.8342763417445,92069,0
96651,1290,92109,zip,CA,CA,San Diego,"San Diego-Chula Vista-Carlsbad, CA",San Diego County,2018-07-31,2082.562578765459,92109,0
96643,1522,92101,zip,CA,CA,San Diego,"San Diego-Chula Vista-Carlsbad, CA",San Diego County,2018-07-31,2224.0503113938985,92101,0
96644,1622,92102,zip,CA,CA,San Diego,"San Diego-Chula Vista-Carlsbad, CA",San Diego County,2018-07-31,1609.253145012385,92102,0
96560,1738,91942,zip,CA,CA,La Mesa,"San Diego-Chula Vista-Carlsbad, CA",San Diego County,2018-07-31,1752.1334770924311,91942,0
96610,2205,92054,zip,CA,CA,Oceanside,"San Diego-Chula Vista-Carlsbad, CA",San Diego County,2018-07-31,1899.9426748151384,92054,0
96602,2270,92037,zip,CA,CA,San Diego,"San Diego-Chula Vista-Carlsbad, CA",San Diego County,2018-07-31,2722.0324403474483,92037,1
96672,2406,92131,zip,CA,CA,San Diego,"San Diego-Chula Vista-Carlsbad, CA",San Diego County,2018-07-31,2327.583609715378,92131,0
96645,2966,92103,zip,CA,CA,San Diego,"San Diego-Chula Vista-Carlsbad, CA",San Diego County,2018-07-31,1884.3189157108195,92103,0
96652,3560,92110,zip,CA,CA,San Diego,"San Diego-Chula Vista-Carlsbad, CA",San Diego County,2018-07-31,1873.4560152111185,92110,0
96649,3605,92107,zip,CA,CA,San Diego,"San Diego-Chula Vista-Carlsbad, CA",San Diego County,2018-07-31,1887.813832356277,92107,0
96658,3607,92116,zip,CA,CA,San Diego,"San Diego-Chula Vista-Carlsbad, CA",San Diego County,2018-07-31,1658.8356631419465,92116,0
96581,3914,92008,zip,CA,CA,Carlsbad,"San Diego-Chula Vista-Carlsbad, CA",San Diego County,2018-07-31,1941.9168094353004,92008,0
96555,4492,91932,zip,CA,CA,Imperial Beach,"San Diego-Chula Vista-Carlsbad, CA",San Diego County,2018-07-31,1863.509091038369,91932,0
96584,5214,92011,zip,CA,CA,Carlsbad,"San Diego-Chula Vista-Carlsbad, CA",San Diego County,2018-07-31,2556.5823521312363,92011,0
96650,5900,92108,zip,CA,CA,San Diego,"San Diego-Chula Vista-Carlsbad, CA",San Diego County,2018-07-31,2155.330911564032,92108,0
96660,7608,92118,zip,CA,CA,Coronado,"San Diego-Chula Vista-Carlsbad, CA",San Diego County,2018-07-31,3261.754926440655,92118,0
96546,52,91911,zip,CA,CA,Chula Vista,"San Diego-Chula Vista-Carlsbad, CA",San Diego County,2018-08-31,1779.525062909925,91911,0
96690,61,92154,zip,CA,CA,San Diego,"San Diego-Chula Vista-Carlsbad, CA",San Diego County,2018-08-31,1903.633314069757,92154,0
96545,153,91910,zip,CA,CA,Chula Vista,"San Diego-Chula Vista-Carlsbad, CA",San Diego County,2018-08-31,1673.8911273254091,91910,0
96667,166,92126,zip,CA,CA,San Diego,"San Diego-Chula Vista-Carlsbad, CA",San Diego County,2018-08-31,1999.8500042185108,92126,1
96647,207,92105,zip,CA,CA,San Diego,"San Diego-Chula Vista-Carlsbad, CA",San Diego County,2018-08-31,1425.961400193135,92105,0
96589,396,92020,zip,CA,CA,El Cajon,"San Diego-Chula Vista-Carlsbad, CA",San Diego County,2018-08-31,1472.4110309395944,92020,0
96657,414,92115,zip,CA,CA,San Diego,"San Diego-Chula Vista-Carlsbad, CA",San Diego County,2018-08-31,1666.1430397749905,92115,0
96625,475,92071,zip,CA,CA,Santee,"San Diego-Chula Vista-Carlsbad, CA",San Diego County,2018-08-31,1916.2291740953688,92071,0
96596,494,92027,zip,CA,CA,Escondido,"San Diego-Chula Vista-Carlsbad, CA",San Diego County,2018-08-31,1462.1252222896596,92027,0
96671,599,92130,zip,CA,CA,San Diego,"San Diego-Chula Vista-Carlsbad, CA",San Diego County,2018-08-31,2865.861273138644,92130,0
96670,651,92129,zip,CA,CA,San Diego,"San Diego-Chula Vista-Carlsbad, CA",San Diego County,2018-08-31,2455.0028071615534,92129,0
96612,655,92056,zip,CA,CA,Oceanside,"San Diego-Chula Vista-Carlsbad, CA",San Diego County,2018-08-31,1817.825620888261,92056,0
96613,662,92057,zip,CA,CA,Oceanside,"San Diego-Chula Vista-Carlsbad, CA",San Diego County,2018-08-31,2032.3263157355536,92057,0
96548,676,91913,zip,CA,CA,Chula Vista,"San Diego-Chula Vista-Carlsbad, CA",San Diego County,2018-08-31,2188.0293895640743,91913,0
96659,787,92117,zip,CA,CA,San Diego,"San Diego-Chula Vista-Carlsbad, CA",San Diego County,2018-08-31,1798.319541088565,92117,0
96593,834,92024,zip,CA,CA,Encinitas,"San Diego-Chula Vista-Carlsbad, CA",San Diego County,2018-08-31,2420.2020127969718,92024,0
96653,960,92111,zip,CA,CA,San Diego,"San Diego-Chula Vista-Carlsbad, CA",San Diego County,2018-08-31,1854.2199922424084,92111,0
96668,995,92127,zip,CA,CA,San Diego,"San Diego-Chula Vista-Carlsbad, CA",San Diego County,2018-08-31,2302.892201735473,92127,0
96629,996,92078,zip,CA,CA,San Marcos,"San Diego-Chula Vista-Carlsbad, CA",San Diego County,2018-08-31,2172.084873569353,92078,0
96669,1063,92128,zip,CA,CA,San Diego,"San Diego-Chula Vista-Carlsbad, CA",San Diego County,2018-08-31,2054.6519265952606,92128,0
96582,1105,92009,zip,CA,CA,Carlsbad,"San Diego-Chula Vista-Carlsbad, CA",San Diego County,2018-08-31,2354.420987038267,92009,0
96646,1143,92104,zip,CA,CA,San Diego,"San Diego-Chula Vista-Carlsbad, CA",San Diego County,2018-08-31,1757.763535551547,92104,0
96664,1151,92122,zip,CA,CA,San Diego,"San Diego-Chula Vista-Carlsbad, CA",San Diego County,2018-08-31,2207.4528903203386,92122,1
96623,1220,92069,zip,CA,CA,San Marcos,"San Diego-Chula Vista-Carlsbad, CA",San Diego County,2018-08-31,1902.676186803884,92069,0
96651,1290,92109,zip,CA,CA,San Diego,"San Diego-Chula Vista-Carlsbad, CA",San Diego County,2018-08-31,2080.7721059957253,92109,0
96643,1522,92101,zip,CA,CA,San Diego,"San Diego-Chula Vista-Carlsbad, CA",San Diego County,2018-08-31,2234.647058984257,92101,0
96644,1622,92102,zip,CA,CA,San Diego,"San Diego-Chula Vista-Carlsbad, CA",San Diego County,2018-08-31,1620.7578561719963,92102,0
96560,1738,91942,zip,CA,CA,La Mesa,"San Diego-Chula Vista-Carlsbad, CA",San Diego County,2018-08-31,1767.3785797528535,91942,0
96610,2205,92054,zip,CA,CA,Oceanside,"San Diego-Chula Vista-Carlsbad, CA",San Diego County,2018-08-31,1906.2477044868092,92054,0
96602,2270,92037,zip,CA,CA,San Diego,"San Diego-Chula Vista-Carlsbad, CA",San Diego County,2018-08-31,2724.6638021034587,92037,1
96672,2406,92131,zip,CA,CA,San Diego,"San Diego-Chula Vista-Carlsbad, CA",San Diego County,2018-08-31,2344.694965435179,92131,0
96645,2966,92103,zip,CA,CA,San Diego,"San Diego-Chula Vista-Carlsbad, CA",San Diego County,2018-08-31,1887.4875973768624,92103,0
96652,3560,92110,zip,CA,CA,San Diego,"San Diego-Chula Vista-Carlsbad, CA",San Diego County,2018-08-31,1894.2038884399096,92110,0
96649,3605,92107,zip,CA,CA,San Diego,"San Diego-Chula Vista-Carlsbad, CA",San Diego County,2018-08-31,1903.9953245942456,92107,0
96658,3607,92116,zip,CA,CA,San Diego,"San Diego-Chula Vista-Carlsbad, CA",San Diego County,2018-08-31,1674.486757015308,92116,0
96581,3914,92008,zip,CA,CA,Carlsbad,"San Diego-Chula Vista-Carlsbad, CA",San Diego County,2018-08-31,1953.0865496597876,92008,0
96555,4492,91932,zip,CA,CA,Imperial Beach,"San Diego-Chula Vista-Carlsbad, CA",San Diego County,2018-08-31,1868.2724611496049,91932,0
96584,5214,92011,zip,CA,CA,Carlsbad,"San Diego-Chula Vista-Carlsbad, CA",San Diego County,2018-08-31,2534.7475029256834,92011,0
96650,5900,92108,zip,CA,CA,San Diego,"San Diego-Chula Vista-Carlsbad, CA",San Diego County,2018-08-31,2167.8332295215478,92108,0
96660,7608,92118,zip,CA,CA,Coronado,"San Diego-Chula Vista-Carlsbad, CA",San Diego County,2018-08-31,3184.520474741415,92118,0
96546,52,91911,zip,CA,CA,Chula Vista,"San Diego-Chula Vista-Carlsbad, CA",San Diego County,2018-09-30,1764.4039130205829,91911,0
96690,61,92154,zip,CA,CA,San Diego,"San Diego-Chula Vista-Carlsbad, CA",San Diego County,2018-09-30,1911.1520262248448,92154,0
96545,153,91910,zip,CA,CA,Chula Vista,"San Diego-Chula Vista-Carlsbad, CA",San Diego County,2018-09-30,1687.8678515487,91910,0
96667,166,92126,zip,CA,CA,San Diego,"San Diego-Chula Vista-Carlsbad, CA",San Diego County,2018-09-30,2002.4035866980464,92126,1
96647,207,92105,zip,CA,CA,San Diego,"San Diego-Chula Vista-Carlsbad, CA",San Diego County,2018-09-30,1440.081818935505,92105,0
96589,396,92020,zip,CA,CA,El Cajon,"San Diego-Chula Vista-Carlsbad, CA",San Diego County,2018-09-30,1474.4435897819892,92020,0
96657,414,92115,zip,CA,CA,San Diego,"San Diego-Chula Vista-Carlsbad, CA",San Diego County,2018-09-30,1678.938471071063,92115,0
96625,475,92071,zip,CA,CA,Santee,"San Diego-Chula Vista-Carlsbad, CA",San Diego County,2018-09-30,1930.8650836348763,92071,0
96596,494,92027,zip,CA,CA,Escondido,"San Diego-Chula Vista-Carlsbad, CA",San Diego County,2018-09-30,1453.621738067146,92027,0
96671,599,92130,zip,CA,CA,San Diego,"San Diego-Chula Vista-Carlsbad, CA",San Diego County,2018-09-30,2872.7904347393733,92130,0
96670,651,92129,zip,CA,CA,San Diego,"San Diego-Chula Vista-Carlsbad, CA",San Diego County,2018-09-30,2460.5272409643208,92129,0
96612,655,92056,zip,CA,CA,Oceanside,"San Diego-Chula Vista-Carlsbad, CA",San Diego County,2018-09-30,1812.8725339725145,92056,0
96613,662,92057,zip,CA,CA,Oceanside,"San Diego-Chula Vista-Carlsbad, CA",San Diego County,2018-09-30,2030.247933844424,92057,0
96548,676,91913,zip,CA,CA,Chula Vista,"San Diego-Chula Vista-Carlsbad, CA",San Diego County,2018-09-30,2176.138784422171,91913,0
96659,787,92117,zip,CA,CA,San Diego,"San Diego-Chula Vista-Carlsbad, CA",San Diego County,2018-09-30,1817.9724396275988,92117,0
96593,834,92024,zip,CA,CA,Encinitas,"San Diego-Chula Vista-Carlsbad, CA",San Diego County,2018-09-30,2461.448070950897,92024,0
96653,960,92111,zip,CA,CA,San Diego,"San Diego-Chula Vista-Carlsbad, CA",San Diego County,2018-09-30,1857.8893655797149,92111,0
96668,995,92127,zip,CA,CA,San Diego,"San Diego-Chula Vista-Carlsbad, CA",San Diego County,2018-09-30,2322.260122936829,92127,0
96629,996,92078,zip,CA,CA,San Marcos,"San Diego-Chula Vista-Carlsbad, CA",San Diego County,2018-09-30,2178.3050819441537,92078,0
96669,1063,92128,zip,CA,CA,San Diego,"San Diego-Chula Vista-Carlsbad, CA",San Diego County,2018-09-30,2039.3919131593336,92128,0
96582,1105,92009,zip,CA,CA,Carlsbad,"San Diego-Chula Vista-Carlsbad, CA",San Diego County,2018-09-30,2357.2579246525934,92009,0
96646,1143,92104,zip,CA,CA,San Diego,"San Diego-Chula Vista-Carlsbad, CA",San Diego County,2018-09-30,1772.7462263008638,92104,0
96664,1151,92122,zip,CA,CA,San Diego,"San Diego-Chula Vista-Carlsbad, CA",San Diego County,2018-09-30,2203.5736763513946,92122,1
96623,1220,92069,zip,CA,CA,San Marcos,"San Diego-Chula Vista-Carlsbad, CA",San Diego County,2018-09-30,1895.041327551459,92069,0
96651,1290,92109,zip,CA,CA,San Diego,"San Diego-Chula Vista-Carlsbad, CA",San Diego County,2018-09-30,2077.3712138676483,92109,0
96643,1522,92101,zip,CA,CA,San Diego,"San Diego-Chula Vista-Carlsbad, CA",San Diego County,2018-09-30,2237.089826483515,92101,0
96644,1622,92102,zip,CA,CA,San Diego,"San Diego-Chula Vista-Carlsbad, CA",San Diego County,2018-09-30,1606.600630493179,92102,0
96560,1738,91942,zip,CA,CA,La Mesa,"San Diego-Chula Vista-Carlsbad, CA",San Diego County,2018-09-30,1779.2411484269512,91942,0
96610,2205,92054,zip,CA,CA,Oceanside,"San Diego-Chula Vista-Carlsbad, CA",San Diego County,2018-09-30,1901.1300246944625,92054,0
96602,2270,92037,zip,CA,CA,San Diego,"San Diego-Chula Vista-Carlsbad, CA",San Diego County,2018-09-30,2727.8623878400977,92037,1
96672,2406,92131,zip,CA,CA,San Diego,"San Diego-Chula Vista-Carlsbad, CA",San Diego County,2018-09-30,2382.154918180691,92131,0
96645,2966,92103,zip,CA,CA,San Diego,"San Diego-Chula Vista-Carlsbad, CA",San Diego County,2018-09-30,1916.6791682858384,92103,0
96652,3560,92110,zip,CA,CA,San Diego,"San Diego-Chula Vista-Carlsbad, CA",San Diego County,2018-09-30,1923.9273746377576,92110,0
96649,3605,92107,zip,CA,CA,San Diego,"San Diego-Chula Vista-Carlsbad, CA",San Diego County,2018-09-30,1921.197765226596,92107,0
96658,3607,92116,zip,CA,CA,San Diego,"San Diego-Chula Vista-Carlsbad, CA",San Diego County,2018-09-30,1689.7669716756602,92116,0
96581,3914,92008,zip,CA,CA,Carlsbad,"San Diego-Chula Vista-Carlsbad, CA",San Diego County,2018-09-30,1965.9985075624452,92008,0
96555,4492,91932,zip,CA,CA,Imperial Beach,"San Diego-Chula Vista-Carlsbad, CA",San Diego County,2018-09-30,1851.3862800814968,91932,0
96584,5214,92011,zip,CA,CA,Carlsbad,"San Diego-Chula Vista-Carlsbad, CA",San Diego County,2018-09-30,2567.959135094073,92011,0
96650,5900,92108,zip,CA,CA,San Diego,"San Diego-Chula Vista-Carlsbad, CA",San Diego County,2018-09-30,2151.4002419305534,92108,0
96660,7608,92118,zip,CA,CA,Coronado,"San Diego-Chula Vista-Carlsbad, CA",San Diego County,2018-09-30,3125.322012360976,92118,0
96546,52,91911,zip,CA,CA,Chula Vista,"San Diego-Chula Vista-Carlsbad, CA",San Diego County,2018-10-31,1756.5102350052491,91911,0
96690,61,92154,zip,CA,CA,San Diego,"San Diego-Chula Vista-Carlsbad, CA",San Diego County,2018-10-31,1912.6910413936369,92154,0
96545,153,91910,zip,CA,CA,Chula Vista,"San Diego-Chula Vista-Carlsbad, CA",San Diego County,2018-10-31,1692.9493315665454,91910,0
96667,166,92126,zip,CA,CA,San Diego,"San Diego-Chula Vista-Carlsbad, CA",San Diego County,2018-10-31,2003.312505402264,92126,1
96647,207,92105,zip,CA,CA,San Diego,"San Diego-Chula Vista-Carlsbad, CA",San Diego County,2018-10-31,1438.4661694681342,92105,0
96589,396,92020,zip,CA,CA,El Cajon,"San Diego-Chula Vista-Carlsbad, CA",San Diego County,2018-10-31,1495.7100232083435,92020,0
96657,414,92115,zip,CA,CA,San Diego,"San Diego-Chula Vista-Carlsbad, CA",San Diego County,2018-10-31,1666.6500685990047,92115,0
96625,475,92071,zip,CA,CA,Santee,"San Diego-Chula Vista-Carlsbad, CA",San Diego County,2018-10-31,1936.359438824692,92071,0
96596,494,92027,zip,CA,CA,Escondido,"San Diego-Chula Vista-Carlsbad, CA",San Diego County,2018-10-31,1439.5413551843208,92027,0
96671,599,92130,zip,CA,CA,San Diego,"San Diego-Chula Vista-Carlsbad, CA",San Diego County,2018-10-31,2862.3545999675785,92130,0
96670,651,92129,zip,CA,CA,San Diego,"San Diego-Chula Vista-Carlsbad, CA",San Diego County,2018-10-31,2449.1539432976974,92129,0
96612,655,92056,zip,CA,CA,Oceanside,"San Diego-Chula Vista-Carlsbad, CA",San Diego County,2018-10-31,1822.4494548889213,92056,0
96613,662,92057,zip,CA,CA,Oceanside,"San Diego-Chula Vista-Carlsbad, CA",San Diego County,2018-10-31,2022.0337225002245,92057,0
96548,676,91913,zip,CA,CA,Chula Vista,"San Diego-Chula Vista-Carlsbad, CA",San Diego County,2018-10-31,2142.2804988343696,91913,0
96659,787,92117,zip,CA,CA,San Diego,"San Diego-Chula Vista-Carlsbad, CA",San Diego County,2018-10-31,1815.6618556608005,92117,0
96593,834,92024,zip,CA,CA,Encinitas,"San Diego-Chula Vista-Carlsbad, CA",San Diego County,2018-10-31,2481.014118384096,92024,0
96653,960,92111,zip,CA,CA,San Diego,"San Diego-Chula Vista-Carlsbad, CA",San Diego County,2018-10-31,1889.3630501674809,92111,0
96668,995,92127,zip,CA,CA,San Diego,"San Diego-Chula Vista-Carlsbad, CA",San Diego County,2018-10-31,2307.604341076223,92127,0
96629,996,92078,zip,CA,CA,San Marcos,"San Diego-Chula Vista-Carlsbad, CA",San Diego County,2018-10-31,2168.706693984045,92078,0
96669,1063,92128,zip,CA,CA,San Diego,"San Diego-Chula Vista-Carlsbad, CA",San Diego County,2018-10-31,2022.8802195455555,92128,0
96582,1105,92009,zip,CA,CA,Carlsbad,"San Diego-Chula Vista-Carlsbad, CA",San Diego County,2018-10-31,2339.582435182319,92009,0
96646,1143,92104,zip,CA,CA,San Diego,"San Diego-Chula Vista-Carlsbad, CA",San Diego County,2018-10-31,1769.273344984768,92104,0
96664,1151,92122,zip,CA,CA,San Diego,"San Diego-Chula Vista-Carlsbad, CA",San Diego County,2018-10-31,2203.5625823939617,92122,1
96623,1220,92069,zip,CA,CA,San Marcos,"San Diego-Chula Vista-Carlsbad, CA",San Diego County,2018-10-31,1908.4790790972747,92069,0
96651,1290,92109,zip,CA,CA,San Diego,"San Diego-Chula Vista-Carlsbad, CA",San Diego County,2018-10-31,2068.1497416082943,92109,0
96643,1522,92101,zip,CA,CA,San Diego,"San Diego-Chula Vista-Carlsbad, CA",San Diego County,2018-10-31,2233.6186200819147,92101,0
96644,1622,92102,zip,CA,CA,San Diego,"San Diego-Chula Vista-Carlsbad, CA",San Diego County,2018-10-31,1616.3183696262288,92102,0
96560,1738,91942,zip,CA,CA,La Mesa,"San Diego-Chula Vista-Carlsbad, CA",San Diego County,2018-10-31,1778.216989260907,91942,0
96610,2205,92054,zip,CA,CA,Oceanside,"San Diego-Chula Vista-Carlsbad, CA",San Diego County,2018-10-31,1917.7222827722856,92054,0
96602,2270,92037,zip,CA,CA,San Diego,"San Diego-Chula Vista-Carlsbad, CA",San Diego County,2018-10-31,2746.7689758056863,92037,1
96672,2406,92131,zip,CA,CA,San Diego,"San Diego-Chula Vista-Carlsbad, CA",San Diego County,2018-10-31,2383.4071217429205,92131,0
96645,2966,92103,zip,CA,CA,San Diego,"San Diego-Chula Vista-Carlsbad, CA",San Diego County,2018-10-31,1936.190042601516,92103,0
96652,3560,92110,zip,CA,CA,San Diego,"San Diego-Chula Vista-Carlsbad, CA",San Diego County,2018-10-31,1914.60923319551,92110,0
96649,3605,92107,zip,CA,CA,San Diego,"San Diego-Chula Vista-Carlsbad, CA",San Diego County,2018-10-31,1931.2556460116737,92107,0
96658,3607,92116,zip,CA,CA,San Diego,"San Diego-Chula Vista-Carlsbad, CA",San Diego County,2018-10-31,1695.674576406095,92116,0
96581,3914,92008,zip,CA,CA,Carlsbad,"San Diego-Chula Vista-Carlsbad, CA",San Diego County,2018-10-31,1942.704915116215,92008,0
96555,4492,91932,zip,CA,CA,Imperial Beach,"San Diego-Chula Vista-Carlsbad, CA",San Diego County,2018-10-31,1865.7988519873968,91932,0
96584,5214,92011,zip,CA,CA,Carlsbad,"San Diego-Chula Vista-Carlsbad, CA",San Diego County,2018-10-31,2563.365246869146,92011,0
96650,5900,92108,zip,CA,CA,San Diego,"San Diego-Chula Vista-Carlsbad, CA",San Diego County,2018-10-31,2155.384301919809,92108,0
96660,7608,92118,zip,CA,CA,Coronado,"San Diego-Chula Vista-Carlsbad, CA",San Diego County,2018-10-31,3084.927675306626,92118,0
96546,52,91911,zip,CA,CA,Chula Vista,"San Diego-Chula Vista-Carlsbad, CA",San Diego County,2018-11-30,1806.460601011349,91911,0
96690,61,92154,zip,CA,CA,San Diego,"San Diego-Chula Vista-Carlsbad, CA",San Diego County,2018-11-30,1912.9658989266095,92154,0
96545,153,91910,zip,CA,CA,Chula Vista,"San Diego-Chula Vista-Carlsbad, CA",San Diego County,2018-11-30,1683.0634618448823,91910,0
96667,166,92126,zip,CA,CA,San Diego,"San Diego-Chula Vista-Carlsbad, CA",San Diego County,2018-11-30,1997.4663313611272,92126,1
96647,207,92105,zip,CA,CA,San Diego,"San Diego-Chula Vista-Carlsbad, CA",San Diego County,2018-11-30,1432.5499806443293,92105,0
96589,396,92020,zip,CA,CA,El Cajon,"San Diego-Chula Vista-Carlsbad, CA",San Diego County,2018-11-30,1481.7956555039434,92020,0
96657,414,92115,zip,CA,CA,San Diego,"San Diego-Chula Vista-Carlsbad, CA",San Diego County,2018-11-30,1663.8122583722145,92115,0
96625,475,92071,zip,CA,CA,Santee,"San Diego-Chula Vista-Carlsbad, CA",San Diego County,2018-11-30,1944.1031218139628,92071,0
96596,494,92027,zip,CA,CA,Escondido,"San Diego-Chula Vista-Carlsbad, CA",San Diego County,2018-11-30,1439.992418624192,92027,0
96671,599,92130,zip,CA,CA,San Diego,"San Diego-Chula Vista-Carlsbad, CA",San Diego County,2018-11-30,2848.484679330667,92130,0
96670,651,92129,zip,CA,CA,San Diego,"San Diego-Chula Vista-Carlsbad, CA",San Diego County,2018-11-30,2426.3500034789727,92129,0
96612,655,92056,zip,CA,CA,Oceanside,"San Diego-Chula Vista-Carlsbad, CA",San Diego County,2018-11-30,1838.615430207206,92056,0
96613,662,92057,zip,CA,CA,Oceanside,"San Diego-Chula Vista-Carlsbad, CA",San Diego County,2018-11-30,2011.463148911644,92057,0
96548,676,91913,zip,CA,CA,Chula Vista,"San Diego-Chula Vista-Carlsbad, CA",San Diego County,2018-11-30,2104.725924529515,91913,0
96659,787,92117,zip,CA,CA,San Diego,"San Diego-Chula Vista-Carlsbad, CA",San Diego County,2018-11-30,1813.783442337657,92117,0
96593,834,92024,zip,CA,CA,Encinitas,"San Diego-Chula Vista-Carlsbad, CA",San Diego County,2018-11-30,2468.392442799501,92024,0
96653,960,92111,zip,CA,CA,San Diego,"San Diego-Chula Vista-Carlsbad, CA",San Diego County,2018-11-30,1869.8811530458229,92111,0
96668,995,92127,zip,CA,CA,San Diego,"San Diego-Chula Vista-Carlsbad, CA",San Diego County,2018-11-30,2307.380594420769,92127,0
96629,996,92078,zip,CA,CA,San Marcos,"San Diego-Chula Vista-Carlsbad, CA",San Diego County,2018-11-30,2162.8420357942587,92078,0
96669,1063,92128,zip,CA,CA,San Diego,"San Diego-Chula Vista-Carlsbad, CA",San Diego County,2018-11-30,2015.9535425403687,92128,0
96582,1105,92009,zip,CA,CA,Carlsbad,"San Diego-Chula Vista-Carlsbad, CA",San Diego County,2018-11-30,2286.767163464532,92009,0
96646,1143,92104,zip,CA,CA,San Diego,"San Diego-Chula Vista-Carlsbad, CA",San Diego County,2018-11-30,1760.6686664706422,92104,0
96664,1151,92122,zip,CA,CA,San Diego,"San Diego-Chula Vista-Carlsbad, CA",San Diego County,2018-11-30,2196.5774671891395,92122,1
96623,1220,92069,zip,CA,CA,San Marcos,"San Diego-Chula Vista-Carlsbad, CA",San Diego County,2018-11-30,1922.5218300877284,92069,0
96651,1290,92109,zip,CA,CA,San Diego,"San Diego-Chula Vista-Carlsbad, CA",San Diego County,2018-11-30,2074.3773299982336,92109,0
96643,1522,92101,zip,CA,CA,San Diego,"San Diego-Chula Vista-Carlsbad, CA",San Diego County,2018-11-30,2213.9868663076845,92101,0
96644,1622,92102,zip,CA,CA,San Diego,"San Diego-Chula Vista-Carlsbad, CA",San Diego County,2018-11-30,1632.4840936238706,92102,0
96560,1738,91942,zip,CA,CA,La Mesa,"San Diego-Chula Vista-Carlsbad, CA",San Diego County,2018-11-30,1756.42742636816,91942,0
96610,2205,92054,zip,CA,CA,Oceanside,"San Diego-Chula Vista-Carlsbad, CA",San Diego County,2018-11-30,1907.1496712479689,92054,0
96602,2270,92037,zip,CA,CA,San Diego,"San Diego-Chula Vista-Carlsbad, CA",San Diego County,2018-11-30,2771.8070204577757,92037,1
96672,2406,92131,zip,CA,CA,San Diego,"San Diego-Chula Vista-Carlsbad, CA",San Diego County,2018-11-30,2347.340293378035,92131,0
96645,2966,92103,zip,CA,CA,San Diego,"San Diego-Chula Vista-Carlsbad, CA",San Diego County,2018-11-30,1944.188857241055,92103,0
96652,3560,92110,zip,CA,CA,San Diego,"San Diego-Chula Vista-Carlsbad, CA",San Diego County,2018-11-30,1901.6436930840207,92110,0
96649,3605,92107,zip,CA,CA,San Diego,"San Diego-Chula Vista-Carlsbad, CA",San Diego County,2018-11-30,1911.286583651401,92107,0
96658,3607,92116,zip,CA,CA,San Diego,"San Diego-Chula Vista-Carlsbad, CA",San Diego County,2018-11-30,1702.7619817498912,92116,0
96581,3914,92008,zip,CA,CA,Carlsbad,"San Diego-Chula Vista-Carlsbad, CA",San Diego County,2018-11-30,1937.4362494159852,92008,0
96555,4492,91932,zip,CA,CA,Imperial Beach,"San Diego-Chula Vista-Carlsbad, CA",San Diego County,2018-11-30,1855.624308607408,91932,0
96584,5214,92011,zip,CA,CA,Carlsbad,"San Diego-Chula Vista-Carlsbad, CA",San Diego County,2018-11-30,2584.5896476765947,92011,0
96650,5900,92108,zip,CA,CA,San Diego,"San Diego-Chula Vista-Carlsbad, CA",San Diego County,2018-11-30,2148.0874543888144,92108,0
96660,7608,92118,zip,CA,CA,Coronado,"San Diego-Chula Vista-Carlsbad, CA",San Diego County,2018-11-30,3063.792566316893,92118,0
96546,52,91911,zip,CA,CA,Chula Vista,"San Diego-Chula Vista-Carlsbad, CA",San Diego County,2018-12-31,1827.070156840409,91911,0
96690,61,92154,zip,CA,CA,San Diego,"San Diego-Chula Vista-Carlsbad, CA",San Diego County,2018-12-31,1913.1948738925328,92154,0
96545,153,91910,zip,CA,CA,Chula Vista,"San Diego-Chula Vista-Carlsbad, CA",San Diego County,2018-12-31,1686.3761130899268,91910,0
96667,166,92126,zip,CA,CA,San Diego,"San Diego-Chula Vista-Carlsbad, CA",San Diego County,2018-12-31,2024.3794090738488,92126,1
96589,396,92020,zip,CA,CA,El Cajon,"San Diego-Chula Vista-Carlsbad, CA",San Diego County,2018-12-31,1465.2749258233357,92020,0
96657,414,92115,zip,CA,CA,San Diego,"San Diego-Chula Vista-Carlsbad, CA",San Diego County,2018-12-31,1660.7438614939942,92115,0
96625,475,92071,zip,CA,CA,Santee,"San Diego-Chula Vista-Carlsbad, CA",San Diego County,2018-12-31,1988.9125419564116,92071,0
96596,494,92027,zip,CA,CA,Escondido,"San Diego-Chula Vista-Carlsbad, CA",San Diego County,2018-12-31,1473.8717287139243,92027,0
96671,599,92130,zip,CA,CA,San Diego,"San Diego-Chula Vista-Carlsbad, CA",San Diego County,2018-12-31,2836.0455817984694,92130,0
96670,651,92129,zip,CA,CA,San Diego,"San Diego-Chula Vista-Carlsbad, CA",San Diego County,2018-12-31,2433.1044830646024,92129,0
96612,655,92056,zip,CA,CA,Oceanside,"San Diego-Chula Vista-Carlsbad, CA",San Diego County,2018-12-31,1848.675962039439,92056,0
96613,662,92057,zip,CA,CA,Oceanside,"San Diego-Chula Vista-Carlsbad, CA",San Diego County,2018-12-31,2014.4243962994349,92057,0
96548,676,91913,zip,CA,CA,Chula Vista,"San Diego-Chula Vista-Carlsbad, CA",San Diego County,2018-12-31,2093.83787753991,91913,0
96659,787,92117,zip,CA,CA,San Diego,"San Diego-Chula Vista-Carlsbad, CA",San Diego County,2018-12-31,1803.704674536628,92117,0
96593,834,92024,zip,CA,CA,Encinitas,"San Diego-Chula Vista-Carlsbad, CA",San Diego County,2018-12-31,2440.764454061248,92024,0
96653,960,92111,zip,CA,CA,San Diego,"San Diego-Chula Vista-Carlsbad, CA",San Diego County,2018-12-31,1872.109181590004,92111,0
96668,995,92127,zip,CA,CA,San Diego,"San Diego-Chula Vista-Carlsbad, CA",San Diego County,2018-12-31,2269.0251360319103,92127,0
96629,996,92078,zip,CA,CA,San Marcos,"San Diego-Chula Vista-Carlsbad, CA",San Diego County,2018-12-31,2162.5303578641115,92078,0
96669,1063,92128,zip,CA,CA,San Diego,"San Diego-Chula Vista-Carlsbad, CA",San Diego County,2018-12-31,2044.684525462491,92128,0
96582,1105,92009,zip,CA,CA,Carlsbad,"San Diego-Chula Vista-Carlsbad, CA",San Diego County,2018-12-31,2267.3821206747293,92009,0
96646,1143,92104,zip,CA,CA,San Diego,"San Diego-Chula Vista-Carlsbad, CA",San Diego County,2018-12-31,1768.3460406798465,92104,0
96664,1151,92122,zip,CA,CA,San Diego,"San Diego-Chula Vista-Carlsbad, CA",San Diego County,2018-12-31,2208.88936346969,92122,1
96623,1220,92069,zip,CA,CA,San Marcos,"San Diego-Chula Vista-Carlsbad, CA",San Diego County,2018-12-31,1970.345294836599,92069,0
96651,1290,92109,zip,CA,CA,San Diego,"San Diego-Chula Vista-Carlsbad, CA",San Diego County,2018-12-31,2075.82340677138,92109,0
96643,1522,92101,zip,CA,CA,San Diego,"San Diego-Chula Vista-Carlsbad, CA",San Diego County,2018-12-31,2228.541359246835,92101,0
96644,1622,92102,zip,CA,CA,San Diego,"San Diego-Chula Vista-Carlsbad, CA",San Diego County,2018-12-31,1661.082772905878,92102,0
96560,1738,91942,zip,CA,CA,La Mesa,"San Diego-Chula Vista-Carlsbad, CA",San Diego County,2018-12-31,1754.0790758901774,91942,0
96610,2205,92054,zip,CA,CA,Oceanside,"San Diego-Chula Vista-Carlsbad, CA",San Diego County,2018-12-31,1918.39175657334,92054,0
96602,2270,92037,zip,CA,CA,San Diego,"San Diego-Chula Vista-Carlsbad, CA",San Diego County,2018-12-31,2792.670454277349,92037,1
96672,2406,92131,zip,CA,CA,San Diego,"San Diego-Chula Vista-Carlsbad, CA",San Diego County,2018-12-31,2305.277627935081,92131,0
96645,2966,92103,zip,CA,CA,San Diego,"San Diego-Chula Vista-Carlsbad, CA",San Diego County,2018-12-31,1935.1972630034384,92103,0
96652,3560,92110,zip,CA,CA,San Diego,"San Diego-Chula Vista-Carlsbad, CA",San Diego County,2018-12-31,1939.4068729656656,92110,0
96649,3605,92107,zip,CA,CA,San Diego,"San Diego-Chula Vista-Carlsbad, CA",San Diego County,2018-12-31,1922.3605006368296,92107,0
96658,3607,92116,zip,CA,CA,San Diego,"San Diego-Chula Vista-Carlsbad, CA",San Diego County,2018-12-31,1698.4002330409824,92116,0
96581,3914,92008,zip,CA,CA,Carlsbad,"San Diego-Chula Vista-Carlsbad, CA",San Diego County,2018-12-31,1944.213080313654,92008,0
96555,4492,91932,zip,CA,CA,Imperial Beach,"San Diego-Chula Vista-Carlsbad, CA",San Diego County,2018-12-31,1840.4197954217927,91932,0
96584,5214,92011,zip,CA,CA,Carlsbad,"San Diego-Chula Vista-Carlsbad, CA",San Diego County,2018-12-31,2519.042559935609,92011,0
96650,5900,92108,zip,CA,CA,San Diego,"San Diego-Chula Vista-Carlsbad, CA",San Diego County,2018-12-31,2162.274649119419,92108,0
96660,7608,92118,zip,CA,CA,Coronado,"San Diego-Chula Vista-Carlsbad, CA",San Diego County,2018-12-31,2989.4647590021923,92118,0
96546,52,91911,zip,CA,CA,Chula Vista,"San Diego-Chula Vista-Carlsbad, CA",San Diego County,2019-01-31,1840.1407269513531,91911,0
96690,61,92154,zip,CA,CA,San Diego,"San Diego-Chula Vista-Carlsbad, CA",San Diego County,2019-01-31,1900.37076778882,92154,0
96545,153,91910,zip,CA,CA,Chula Vista,"San Diego-Chula Vista-Carlsbad, CA",San Diego County,2019-01-31,1684.510871816704,91910,0
96667,166,92126,zip,CA,CA,San Diego,"San Diego-Chula Vista-Carlsbad, CA",San Diego County,2019-01-31,2035.1308411667449,92126,1
96647,207,92105,zip,CA,CA,San Diego,"San Diego-Chula Vista-Carlsbad, CA",San Diego County,2019-01-31,1422.408766755304,92105,0
96589,396,92020,zip,CA,CA,El Cajon,"San Diego-Chula Vista-Carlsbad, CA",San Diego County,2019-01-31,1455.876564044614,92020,0
96657,414,92115,zip,CA,CA,San Diego,"San Diego-Chula Vista-Carlsbad, CA",San Diego County,2019-01-31,1675.3871753385756,92115,0
96625,475,92071,zip,CA,CA,Santee,"San Diego-Chula Vista-Carlsbad, CA",San Diego County,2019-01-31,2000.4032558830247,92071,0
96596,494,92027,zip,CA,CA,Escondido,"San Diego-Chula Vista-Carlsbad, CA",San Diego County,2019-01-31,1503.1291381459423,92027,0
96671,599,92130,zip,CA,CA,San Diego,"San Diego-Chula Vista-Carlsbad, CA",San Diego County,2019-01-31,2835.0871557317155,92130,0
96670,651,92129,zip,CA,CA,San Diego,"San Diego-Chula Vista-Carlsbad, CA",San Diego County,2019-01-31,2453.3290897889988,92129,0
96612,655,92056,zip,CA,CA,Oceanside,"San Diego-Chula Vista-Carlsbad, CA",San Diego County,2019-01-31,1852.182696779196,92056,0
96613,662,92057,zip,CA,CA,Oceanside,"San Diego-Chula Vista-Carlsbad, CA",San Diego County,2019-01-31,2026.4298629243704,92057,0
96548,676,91913,zip,CA,CA,Chula Vista,"San Diego-Chula Vista-Carlsbad, CA",San Diego County,2019-01-31,2088.694830170469,91913,0
96659,787,92117,zip,CA,CA,San Diego,"San Diego-Chula Vista-Carlsbad, CA",San Diego County,2019-01-31,1813.1854547515184,92117,0
96593,834,92024,zip,CA,CA,Encinitas,"San Diego-Chula Vista-Carlsbad, CA",San Diego County,2019-01-31,2470.242005858437,92024,0
96653,960,92111,zip,CA,CA,San Diego,"San Diego-Chula Vista-Carlsbad, CA",San Diego County,2019-01-31,1839.3582363970147,92111,0
96668,995,92127,zip,CA,CA,San Diego,"San Diego-Chula Vista-Carlsbad, CA",San Diego County,2019-01-31,2281.99679926963,92127,0
96629,996,92078,zip,CA,CA,San Marcos,"San Diego-Chula Vista-Carlsbad, CA",San Diego County,2019-01-31,2163.6709257751563,92078,0
96669,1063,92128,zip,CA,CA,San Diego,"San Diego-Chula Vista-Carlsbad, CA",San Diego County,2019-01-31,2081.6829255524594,92128,0
96582,1105,92009,zip,CA,CA,Carlsbad,"San Diego-Chula Vista-Carlsbad, CA",San Diego County,2019-01-31,2275.5298212327075,92009,0
96646,1143,92104,zip,CA,CA,San Diego,"San Diego-Chula Vista-Carlsbad, CA",San Diego County,2019-01-31,1769.0971525734712,92104,0
96664,1151,92122,zip,CA,CA,San Diego,"San Diego-Chula Vista-Carlsbad, CA",San Diego County,2019-01-31,2206.0993187665663,92122,1
96623,1220,92069,zip,CA,CA,San Marcos,"San Diego-Chula Vista-Carlsbad, CA",San Diego County,2019-01-31,1999.1224282473631,92069,0
96651,1290,92109,zip,CA,CA,San Diego,"San Diego-Chula Vista-Carlsbad, CA",San Diego County,2019-01-31,2076.834158870577,92109,0
96643,1522,92101,zip,CA,CA,San Diego,"San Diego-Chula Vista-Carlsbad, CA",San Diego County,2019-01-31,2225.8825640745645,92101,0
96644,1622,92102,zip,CA,CA,San Diego,"San Diego-Chula Vista-Carlsbad, CA",San Diego County,2019-01-31,1656.798967280024,92102,0
96560,1738,91942,zip,CA,CA,La Mesa,"San Diego-Chula Vista-Carlsbad, CA",San Diego County,2019-01-31,1761.5644691540526,91942,0
96610,2205,92054,zip,CA,CA,Oceanside,"San Diego-Chula Vista-Carlsbad, CA",San Diego County,2019-01-31,1923.078450463892,92054,0
96602,2270,92037,zip,CA,CA,San Diego,"San Diego-Chula Vista-Carlsbad, CA",San Diego County,2019-01-31,2814.951646487182,92037,1
96672,2406,92131,zip,CA,CA,San Diego,"San Diego-Chula Vista-Carlsbad, CA",San Diego County,2019-01-31,2318.3463157547008,92131,0
96645,2966,92103,zip,CA,CA,San Diego,"San Diego-Chula Vista-Carlsbad, CA",San Diego County,2019-01-31,1924.7116023671103,92103,0
96652,3560,92110,zip,CA,CA,San Diego,"San Diego-Chula Vista-Carlsbad, CA",San Diego County,2019-01-31,1971.3328262207583,92110,0
96649,3605,92107,zip,CA,CA,San Diego,"San Diego-Chula Vista-Carlsbad, CA",San Diego County,2019-01-31,1909.3041226117853,92107,0
96658,3607,92116,zip,CA,CA,San Diego,"San Diego-Chula Vista-Carlsbad, CA",San Diego County,2019-01-31,1692.2041549939356,92116,0
96581,3914,92008,zip,CA,CA,Carlsbad,"San Diego-Chula Vista-Carlsbad, CA",San Diego County,2019-01-31,1989.8412434454165,92008,0
96555,4492,91932,zip,CA,CA,Imperial Beach,"San Diego-Chula Vista-Carlsbad, CA",San Diego County,2019-01-31,1845.712926899989,91932,0
96584,5214,92011,zip,CA,CA,Carlsbad,"San Diego-Chula Vista-Carlsbad, CA",San Diego County,2019-01-31,2524.2133385132006,92011,0
96650,5900,92108,zip,CA,CA,San Diego,"San Diego-Chula Vista-Carlsbad, CA",San Diego County,2019-01-31,2174.303614496598,92108,0
96660,7608,92118,zip,CA,CA,Coronado,"San Diego-Chula Vista-Carlsbad, CA",San Diego County,2019-01-31,3008.166761584341,92118,0
96546,52,91911,zip,CA,CA,Chula Vista,"San Diego-Chula Vista-Carlsbad, CA",San Diego County,2019-02-28,1801.0087141414133,91911,0
96690,61,92154,zip,CA,CA,San Diego,"San Diego-Chula Vista-Carlsbad, CA",San Diego County,2019-02-28,1945.376323272344,92154,0
96545,153,91910,zip,CA,CA,Chula Vista,"San Diego-Chula Vista-Carlsbad, CA",San Diego County,2019-02-28,1694.7911323620067,91910,0
96667,166,92126,zip,CA,CA,San Diego,"San Diego-Chula Vista-Carlsbad, CA",San Diego County,2019-02-28,2050.678661975021,92126,1
96647,207,92105,zip,CA,CA,San Diego,"San Diego-Chula Vista-Carlsbad, CA",San Diego County,2019-02-28,1432.695829454137,92105,0
96589,396,92020,zip,CA,CA,El Cajon,"San Diego-Chula Vista-Carlsbad, CA",San Diego County,2019-02-28,1470.2391140616733,92020,0
96657,414,92115,zip,CA,CA,San Diego,"San Diego-Chula Vista-Carlsbad, CA",San Diego County,2019-02-28,1688.530245573043,92115,0
96625,475,92071,zip,CA,CA,Santee,"San Diego-Chula Vista-Carlsbad, CA",San Diego County,2019-02-28,1990.990323567324,92071,0
96596,494,92027,zip,CA,CA,Escondido,"San Diego-Chula Vista-Carlsbad, CA",San Diego County,2019-02-28,1502.839048223989,92027,0
96671,599,92130,zip,CA,CA,San Diego,"San Diego-Chula Vista-Carlsbad, CA",San Diego County,2019-02-28,2851.978768502692,92130,0
96670,651,92129,zip,CA,CA,San Diego,"San Diego-Chula Vista-Carlsbad, CA",San Diego County,2019-02-28,2504.816604042305,92129,0
96612,655,92056,zip,CA,CA,Oceanside,"San Diego-Chula Vista-Carlsbad, CA",San Diego County,2019-02-28,1846.5295795145596,92056,0
96613,662,92057,zip,CA,CA,Oceanside,"San Diego-Chula Vista-Carlsbad, CA",San Diego County,2019-02-28,2043.7699443833135,92057,0
96548,676,91913,zip,CA,CA,Chula Vista,"San Diego-Chula Vista-Carlsbad, CA",San Diego County,2019-02-28,2089.2663346251866,91913,0
96659,787,92117,zip,CA,CA,San Diego,"San Diego-Chula Vista-Carlsbad, CA",San Diego County,2019-02-28,1837.7284196546811,92117,0
96593,834,92024,zip,CA,CA,Encinitas,"San Diego-Chula Vista-Carlsbad, CA",San Diego County,2019-02-28,2492.7957558781686,92024,0
96653,960,92111,zip,CA,CA,San Diego,"San Diego-Chula Vista-Carlsbad, CA",San Diego County,2019-02-28,1857.0249887749137,92111,0
96668,995,92127,zip,CA,CA,San Diego,"San Diego-Chula Vista-Carlsbad, CA",San Diego County,2019-02-28,2292.8558863659214,92127,0
96629,996,92078,zip,CA,CA,San Marcos,"San Diego-Chula Vista-Carlsbad, CA",San Diego County,2019-02-28,2166.572297443216,92078,0
96669,1063,92128,zip,CA,CA,San Diego,"San Diego-Chula Vista-Carlsbad, CA",San Diego County,2019-02-28,2107.586546897205,92128,0
96582,1105,92009,zip,CA,CA,Carlsbad,"San Diego-Chula Vista-Carlsbad, CA",San Diego County,2019-02-28,2290.641722794165,92009,0
96646,1143,92104,zip,CA,CA,San Diego,"San Diego-Chula Vista-Carlsbad, CA",San Diego County,2019-02-28,1778.5967692948927,92104,0
96664,1151,92122,zip,CA,CA,San Diego,"San Diego-Chula Vista-Carlsbad, CA",San Diego County,2019-02-28,2196.1075871861467,92122,1
96623,1220,92069,zip,CA,CA,San Marcos,"San Diego-Chula Vista-Carlsbad, CA",San Diego County,2019-02-28,2004.1585892348728,92069,0
96651,1290,92109,zip,CA,CA,San Diego,"San Diego-Chula Vista-Carlsbad, CA",San Diego County,2019-02-28,2092.1757040183966,92109,0
96643,1522,92101,zip,CA,CA,San Diego,"San Diego-Chula Vista-Carlsbad, CA",San Diego County,2019-02-28,2241.048493013102,92101,0
96644,1622,92102,zip,CA,CA,San Diego,"San Diego-Chula Vista-Carlsbad, CA",San Diego County,2019-02-28,1651.3369375933362,92102,0
96560,1738,91942,zip,CA,CA,La Mesa,"San Diego-Chula Vista-Carlsbad, CA",San Diego County,2019-02-28,1777.058696313196,91942,0
96610,2205,92054,zip,CA,CA,Oceanside,"San Diego-Chula Vista-Carlsbad, CA",San Diego County,2019-02-28,1949.482667168754,92054,0
96602,2270,92037,zip,CA,CA,San Diego,"San Diego-Chula Vista-Carlsbad, CA",San Diego County,2019-02-28,2804.482654963709,92037,1
96672,2406,92131,zip,CA,CA,San Diego,"San Diego-Chula Vista-Carlsbad, CA",San Diego County,2019-02-28,2290.4441391089263,92131,0
96645,2966,92103,zip,CA,CA,San Diego,"San Diego-Chula Vista-Carlsbad, CA",San Diego County,2019-02-28,1916.4562836669556,92103,0
96652,3560,92110,zip,CA,CA,San Diego,"San Diego-Chula Vista-Carlsbad, CA",San Diego County,2019-02-28,2014.199013379745,92110,0
96649,3605,92107,zip,CA,CA,San Diego,"San Diego-Chula Vista-Carlsbad, CA",San Diego County,2019-02-28,1929.43291945914,92107,0
96658,3607,92116,zip,CA,CA,San Diego,"San Diego-Chula Vista-Carlsbad, CA",San Diego County,2019-02-28,1676.9143616383674,92116,0
96581,3914,92008,zip,CA,CA,Carlsbad,"San Diego-Chula Vista-Carlsbad, CA",San Diego County,2019-02-28,2023.572611928156,92008,0
96555,4492,91932,zip,CA,CA,Imperial Beach,"San Diego-Chula Vista-Carlsbad, CA",San Diego County,2019-02-28,1849.47677674422,91932,0
96584,5214,92011,zip,CA,CA,Carlsbad,"San Diego-Chula Vista-Carlsbad, CA",San Diego County,2019-02-28,2527.8141954333605,92011,0
96650,5900,92108,zip,CA,CA,San Diego,"San Diego-Chula Vista-Carlsbad, CA",San Diego County,2019-02-28,2191.50920543707,92108,0
96660,7608,92118,zip,CA,CA,Coronado,"San Diego-Chula Vista-Carlsbad, CA",San Diego County,2019-02-28,2982.1269669138915,92118,0
96546,52,91911,zip,CA,CA,Chula Vista,"San Diego-Chula Vista-Carlsbad, CA",San Diego County,2019-03-31,1814.597141373096,91911,0
96690,61,92154,zip,CA,CA,San Diego,"San Diego-Chula Vista-Carlsbad, CA",San Diego County,2019-03-31,1961.7401140296445,92154,0
96545,153,91910,zip,CA,CA,Chula Vista,"San Diego-Chula Vista-Carlsbad, CA",San Diego County,2019-03-31,1664.204185986161,91910,0
96667,166,92126,zip,CA,CA,San Diego,"San Diego-Chula Vista-Carlsbad, CA",San Diego County,2019-03-31,2023.6605980456748,92126,1
96647,207,92105,zip,CA,CA,San Diego,"San Diego-Chula Vista-Carlsbad, CA",San Diego County,2019-03-31,1457.5454801340134,92105,0
96589,396,92020,zip,CA,CA,El Cajon,"San Diego-Chula Vista-Carlsbad, CA",San Diego County,2019-03-31,1475.5446900122977,92020,0
96657,414,92115,zip,CA,CA,San Diego,"San Diego-Chula Vista-Carlsbad, CA",San Diego County,2019-03-31,1705.35124772722,92115,0
96625,475,92071,zip,CA,CA,Santee,"San Diego-Chula Vista-Carlsbad, CA",San Diego County,2019-03-31,1948.0292334069884,92071,0
96596,494,92027,zip,CA,CA,Escondido,"San Diego-Chula Vista-Carlsbad, CA",San Diego County,2019-03-31,1476.7778485201864,92027,0
96671,599,92130,zip,CA,CA,San Diego,"San Diego-Chula Vista-Carlsbad, CA",San Diego County,2019-03-31,2874.3499428673717,92130,0
96670,651,92129,zip,CA,CA,San Diego,"San Diego-Chula Vista-Carlsbad, CA",San Diego County,2019-03-31,2496.0315980231244,92129,0
96612,655,92056,zip,CA,CA,Oceanside,"San Diego-Chula Vista-Carlsbad, CA",San Diego County,2019-03-31,1850.4462426856187,92056,0
96613,662,92057,zip,CA,CA,Oceanside,"San Diego-Chula Vista-Carlsbad, CA",San Diego County,2019-03-31,2048.476218293438,92057,0
96548,676,91913,zip,CA,CA,Chula Vista,"San Diego-Chula Vista-Carlsbad, CA",San Diego County,2019-03-31,2075.750613845928,91913,0
96659,787,92117,zip,CA,CA,San Diego,"San Diego-Chula Vista-Carlsbad, CA",San Diego County,2019-03-31,1850.0430230678105,92117,0
96593,834,92024,zip,CA,CA,Encinitas,"San Diego-Chula Vista-Carlsbad, CA",San Diego County,2019-03-31,2533.9148272059097,92024,0
96653,960,92111,zip,CA,CA,San Diego,"San Diego-Chula Vista-Carlsbad, CA",San Diego County,2019-03-31,1855.9571823722345,92111,0
96668,995,92127,zip,CA,CA,San Diego,"San Diego-Chula Vista-Carlsbad, CA",San Diego County,2019-03-31,2337.5085960995734,92127,0
96629,996,92078,zip,CA,CA,San Marcos,"San Diego-Chula Vista-Carlsbad, CA",San Diego County,2019-03-31,2179.54806054857,92078,0
96669,1063,92128,zip,CA,CA,San Diego,"San Diego-Chula Vista-Carlsbad, CA",San Diego County,2019-03-31,2116.1382439882564,92128,0
96582,1105,92009,zip,CA,CA,Carlsbad,"San Diego-Chula Vista-Carlsbad, CA",San Diego County,2019-03-31,2319.4878685413887,92009,0
96646,1143,92104,zip,CA,CA,San Diego,"San Diego-Chula Vista-Carlsbad, CA",San Diego County,2019-03-31,1777.5013524818162,92104,0
96664,1151,92122,zip,CA,CA,San Diego,"San Diego-Chula Vista-Carlsbad, CA",San Diego County,2019-03-31,2180.631692094605,92122,1
96623,1220,92069,zip,CA,CA,San Marcos,"San Diego-Chula Vista-Carlsbad, CA",San Diego County,2019-03-31,2007.6792987761823,92069,0
96651,1290,92109,zip,CA,CA,San Diego,"San Diego-Chula Vista-Carlsbad, CA",San Diego County,2019-03-31,2104.399244520348,92109,0
96643,1522,92101,zip,CA,CA,San Diego,"San Diego-Chula Vista-Carlsbad, CA",San Diego County,2019-03-31,2238.8084511939187,92101,0
96644,1622,92102,zip,CA,CA,San Diego,"San Diego-Chula Vista-Carlsbad, CA",San Diego County,2019-03-31,1641.9662677987617,92102,0
96560,1738,91942,zip,CA,CA,La Mesa,"San Diego-Chula Vista-Carlsbad, CA",San Diego County,2019-03-31,1773.167252186313,91942,0
96610,2205,92054,zip,CA,CA,Oceanside,"San Diego-Chula Vista-Carlsbad, CA",San Diego County,2019-03-31,1970.9252564136011,92054,0
96602,2270,92037,zip,CA,CA,San Diego,"San Diego-Chula Vista-Carlsbad, CA",San Diego County,2019-03-31,2836.857125239536,92037,1
96672,2406,92131,zip,CA,CA,San Diego,"San Diego-Chula Vista-Carlsbad, CA",San Diego County,2019-03-31,2318.209396544442,92131,0
96645,2966,92103,zip,CA,CA,San Diego,"San Diego-Chula Vista-Carlsbad, CA",San Diego County,2019-03-31,1924.7163751511207,92103,0
96652,3560,92110,zip,CA,CA,San Diego,"San Diego-Chula Vista-Carlsbad, CA",San Diego County,2019-03-31,2007.2148180649,92110,0
96649,3605,92107,zip,CA,CA,San Diego,"San Diego-Chula Vista-Carlsbad, CA",San Diego County,2019-03-31,1914.7526618090255,92107,0
96658,3607,92116,zip,CA,CA,San Diego,"San Diego-Chula Vista-Carlsbad, CA",San Diego County,2019-03-31,1677.875363107163,92116,0
96581,3914,92008,zip,CA,CA,Carlsbad,"San Diego-Chula Vista-Carlsbad, CA",San Diego County,2019-03-31,2027.8140518496343,92008,0
96555,4492,91932,zip,CA,CA,Imperial Beach,"San Diego-Chula Vista-Carlsbad, CA",San Diego County,2019-03-31,1892.6113160614304,91932,0
96584,5214,92011,zip,CA,CA,Carlsbad,"San Diego-Chula Vista-Carlsbad, CA",San Diego County,2019-03-31,2577.5577989693325,92011,0
96650,5900,92108,zip,CA,CA,San Diego,"San Diego-Chula Vista-Carlsbad, CA",San Diego County,2019-03-31,2195.4488412730934,92108,0
96660,7608,92118,zip,CA,CA,Coronado,"San Diego-Chula Vista-Carlsbad, CA",San Diego County,2019-03-31,3176.893904359599,92118,0
96546,52,91911,zip,CA,CA,Chula Vista,"San Diego-Chula Vista-Carlsbad, CA",San Diego County,2019-04-30,1817.5715408867036,91911,0
96690,61,92154,zip,CA,CA,San Diego,"San Diego-Chula Vista-Carlsbad, CA",San Diego County,2019-04-30,1977.45564174226,92154,0
96545,153,91910,zip,CA,CA,Chula Vista,"San Diego-Chula Vista-Carlsbad, CA",San Diego County,2019-04-30,1677.8301859404316,91910,0
96667,166,92126,zip,CA,CA,San Diego,"San Diego-Chula Vista-Carlsbad, CA",San Diego County,2019-04-30,2028.2182551275607,92126,1
96647,207,92105,zip,CA,CA,San Diego,"San Diego-Chula Vista-Carlsbad, CA",San Diego County,2019-04-30,1464.852555443107,92105,0
96589,396,92020,zip,CA,CA,El Cajon,"San Diego-Chula Vista-Carlsbad, CA",San Diego County,2019-04-30,1475.0269664678049,92020,0
96657,414,92115,zip,CA,CA,San Diego,"San Diego-Chula Vista-Carlsbad, CA",San Diego County,2019-04-30,1703.1662204100207,92115,0
96625,475,92071,zip,CA,CA,Santee,"San Diego-Chula Vista-Carlsbad, CA",San Diego County,2019-04-30,1953.8308045167023,92071,0
96596,494,92027,zip,CA,CA,Escondido,"San Diego-Chula Vista-Carlsbad, CA",San Diego County,2019-04-30,1495.620828203509,92027,0
96671,599,92130,zip,CA,CA,San Diego,"San Diego-Chula Vista-Carlsbad, CA",San Diego County,2019-04-30,2905.6351735404046,92130,0
96670,651,92129,zip,CA,CA,San Diego,"San Diego-Chula Vista-Carlsbad, CA",San Diego County,2019-04-30,2515.0038452541507,92129,0
96612,655,92056,zip,CA,CA,Oceanside,"San Diego-Chula Vista-Carlsbad, CA",San Diego County,2019-04-30,1858.9877371430148,92056,0
96613,662,92057,zip,CA,CA,Oceanside,"San Diego-Chula Vista-Carlsbad, CA",San Diego County,2019-04-30,2069.5845978666803,92057,0
96548,676,91913,zip,CA,CA,Chula Vista,"San Diego-Chula Vista-Carlsbad, CA",San Diego County,2019-04-30,2097.517454358893,91913,0
96659,787,92117,zip,CA,CA,San Diego,"San Diego-Chula Vista-Carlsbad, CA",San Diego County,2019-04-30,1863.749806554434,92117,0
96593,834,92024,zip,CA,CA,Encinitas,"San Diego-Chula Vista-Carlsbad, CA",San Diego County,2019-04-30,2555.267213632547,92024,0
96653,960,92111,zip,CA,CA,San Diego,"San Diego-Chula Vista-Carlsbad, CA",San Diego County,2019-04-30,1871.9155401729204,92111,0
96668,995,92127,zip,CA,CA,San Diego,"San Diego-Chula Vista-Carlsbad, CA",San Diego County,2019-04-30,2357.964487222256,92127,0
96629,996,92078,zip,CA,CA,San Marcos,"San Diego-Chula Vista-Carlsbad, CA",San Diego County,2019-04-30,2197.3946255680594,92078,0
96669,1063,92128,zip,CA,CA,San Diego,"San Diego-Chula Vista-Carlsbad, CA",San Diego County,2019-04-30,2108.3030557773404,92128,0
96582,1105,92009,zip,CA,CA,Carlsbad,"San Diego-Chula Vista-Carlsbad, CA",San Diego County,2019-04-30,2345.8600785205963,92009,0
96646,1143,92104,zip,CA,CA,San Diego,"San Diego-Chula Vista-Carlsbad, CA",San Diego County,2019-04-30,1798.7488774511346,92104,0
96664,1151,92122,zip,CA,CA,San Diego,"San Diego-Chula Vista-Carlsbad, CA",San Diego County,2019-04-30,2190.438498673431,92122,1
96623,1220,92069,zip,CA,CA,San Marcos,"San Diego-Chula Vista-Carlsbad, CA",San Diego County,2019-04-30,2001.9467769461128,92069,0
96651,1290,92109,zip,CA,CA,San Diego,"San Diego-Chula Vista-Carlsbad, CA",San Diego County,2019-04-30,2125.1159873223583,92109,0
96643,1522,92101,zip,CA,CA,San Diego,"San Diego-Chula Vista-Carlsbad, CA",San Diego County,2019-04-30,2258.1145254027847,92101,0
96644,1622,92102,zip,CA,CA,San Diego,"San Diego-Chula Vista-Carlsbad, CA",San Diego County,2019-04-30,1647.9816608665546,92102,0
96560,1738,91942,zip,CA,CA,La Mesa,"San Diego-Chula Vista-Carlsbad, CA",San Diego County,2019-04-30,1780.8331122830882,91942,0
96610,2205,92054,zip,CA,CA,Oceanside,"San Diego-Chula Vista-Carlsbad, CA",San Diego County,2019-04-30,1967.9535058992412,92054,0
96602,2270,92037,zip,CA,CA,San Diego,"San Diego-Chula Vista-Carlsbad, CA",San Diego County,2019-04-30,2842.8286385164174,92037,1
96672,2406,92131,zip,CA,CA,San Diego,"San Diego-Chula Vista-Carlsbad, CA",San Diego County,2019-04-30,2345.166857237489,92131,0
96645,2966,92103,zip,CA,CA,San Diego,"San Diego-Chula Vista-Carlsbad, CA",San Diego County,2019-04-30,1926.4064773071595,92103,0
96652,3560,92110,zip,CA,CA,San Diego,"San Diego-Chula Vista-Carlsbad, CA",San Diego County,2019-04-30,2009.1564142372492,92110,0
96649,3605,92107,zip,CA,CA,San Diego,"San Diego-Chula Vista-Carlsbad, CA",San Diego County,2019-04-30,1926.2415949634603,92107,0
96658,3607,92116,zip,CA,CA,San Diego,"San Diego-Chula Vista-Carlsbad, CA",San Diego County,2019-04-30,1696.1944296770737,92116,0
96581,3914,92008,zip,CA,CA,Carlsbad,"San Diego-Chula Vista-Carlsbad, CA",San Diego County,2019-04-30,2017.6725070999944,92008,0
96555,4492,91932,zip,CA,CA,Imperial Beach,"San Diego-Chula Vista-Carlsbad, CA",San Diego County,2019-04-30,1900.1264151471937,91932,0
96584,5214,92011,zip,CA,CA,Carlsbad,"San Diego-Chula Vista-Carlsbad, CA",San Diego County,2019-04-30,2607.878628548864,92011,0
96650,5900,92108,zip,CA,CA,San Diego,"San Diego-Chula Vista-Carlsbad, CA",San Diego County,2019-04-30,2184.541768376537,92108,0
96660,7608,92118,zip,CA,CA,Coronado,"San Diego-Chula Vista-Carlsbad, CA",San Diego County,2019-04-30,3069.07540491538,92118,0
96546,52,91911,zip,CA,CA,Chula Vista,"San Diego-Chula Vista-Carlsbad, CA",San Diego County,2019-05-31,1814.802172901061,91911,0
96690,61,92154,zip,CA,CA,San Diego,"San Diego-Chula Vista-Carlsbad, CA",San Diego County,2019-05-31,1951.6915608877823,92154,0
96545,153,91910,zip,CA,CA,Chula Vista,"San Diego-Chula Vista-Carlsbad, CA",San Diego County,2019-05-31,1679.3508333244347,91910,0
96667,166,92126,zip,CA,CA,San Diego,"San Diego-Chula Vista-Carlsbad, CA",San Diego County,2019-05-31,2042.884061514668,92126,1
96647,207,92105,zip,CA,CA,San Diego,"San Diego-Chula Vista-Carlsbad, CA",San Diego County,2019-05-31,1479.2632931224755,92105,0
96589,396,92020,zip,CA,CA,El Cajon,"San Diego-Chula Vista-Carlsbad, CA",San Diego County,2019-05-31,1486.3232562527578,92020,0
96657,414,92115,zip,CA,CA,San Diego,"San Diego-Chula Vista-Carlsbad, CA",San Diego County,2019-05-31,1702.6469222767244,92115,0
96625,475,92071,zip,CA,CA,Santee,"San Diego-Chula Vista-Carlsbad, CA",San Diego County,2019-05-31,1973.4838772077649,92071,0
96596,494,92027,zip,CA,CA,Escondido,"San Diego-Chula Vista-Carlsbad, CA",San Diego County,2019-05-31,1514.4164859574444,92027,0
96671,599,92130,zip,CA,CA,San Diego,"San Diego-Chula Vista-Carlsbad, CA",San Diego County,2019-05-31,2922.774206746601,92130,0
96670,651,92129,zip,CA,CA,San Diego,"San Diego-Chula Vista-Carlsbad, CA",San Diego County,2019-05-31,2515.935504114252,92129,0
96612,655,92056,zip,CA,CA,Oceanside,"San Diego-Chula Vista-Carlsbad, CA",San Diego County,2019-05-31,1872.473982843486,92056,0
96613,662,92057,zip,CA,CA,Oceanside,"San Diego-Chula Vista-Carlsbad, CA",San Diego County,2019-05-31,2080.1424905082804,92057,0
96548,676,91913,zip,CA,CA,Chula Vista,"San Diego-Chula Vista-Carlsbad, CA",San Diego County,2019-05-31,2141.647597135581,91913,0
96659,787,92117,zip,CA,CA,San Diego,"San Diego-Chula Vista-Carlsbad, CA",San Diego County,2019-05-31,1842.66557481647,92117,0
96593,834,92024,zip,CA,CA,Encinitas,"San Diego-Chula Vista-Carlsbad, CA",San Diego County,2019-05-31,2554.05288563403,92024,0
96653,960,92111,zip,CA,CA,San Diego,"San Diego-Chula Vista-Carlsbad, CA",San Diego County,2019-05-31,1875.7782711831612,92111,0
96668,995,92127,zip,CA,CA,San Diego,"San Diego-Chula Vista-Carlsbad, CA",San Diego County,2019-05-31,2386.4698254601108,92127,0
96629,996,92078,zip,CA,CA,San Marcos,"San Diego-Chula Vista-Carlsbad, CA",San Diego County,2019-05-31,2217.806233200372,92078,0
96669,1063,92128,zip,CA,CA,San Diego,"San Diego-Chula Vista-Carlsbad, CA",San Diego County,2019-05-31,2114.708852519475,92128,0
96582,1105,92009,zip,CA,CA,Carlsbad,"San Diego-Chula Vista-Carlsbad, CA",San Diego County,2019-05-31,2346.2481461994544,92009,0
96646,1143,92104,zip,CA,CA,San Diego,"San Diego-Chula Vista-Carlsbad, CA",San Diego County,2019-05-31,1803.665018233989,92104,0
96664,1151,92122,zip,CA,CA,San Diego,"San Diego-Chula Vista-Carlsbad, CA",San Diego County,2019-05-31,2225.075114875498,92122,1
96623,1220,92069,zip,CA,CA,San Marcos,"San Diego-Chula Vista-Carlsbad, CA",San Diego County,2019-05-31,2012.5180980992309,92069,0
96651,1290,92109,zip,CA,CA,San Diego,"San Diego-Chula Vista-Carlsbad, CA",San Diego County,2019-05-31,2136.337591518983,92109,0
96643,1522,92101,zip,CA,CA,San Diego,"San Diego-Chula Vista-Carlsbad, CA",San Diego County,2019-05-31,2262.1851791885724,92101,0
96644,1622,92102,zip,CA,CA,San Diego,"San Diego-Chula Vista-Carlsbad, CA",San Diego County,2019-05-31,1654.2841602053147,92102,0
96560,1738,91942,zip,CA,CA,La Mesa,"San Diego-Chula Vista-Carlsbad, CA",San Diego County,2019-05-31,1794.5701378439069,91942,0
96610,2205,92054,zip,CA,CA,Oceanside,"San Diego-Chula Vista-Carlsbad, CA",San Diego County,2019-05-31,1979.0700614379757,92054,0
96602,2270,92037,zip,CA,CA,San Diego,"San Diego-Chula Vista-Carlsbad, CA",San Diego County,2019-05-31,2870.4414645170764,92037,1
96672,2406,92131,zip,CA,CA,San Diego,"San Diego-Chula Vista-Carlsbad, CA",San Diego County,2019-05-31,2420.5350643441457,92131,0
96645,2966,92103,zip,CA,CA,San Diego,"San Diego-Chula Vista-Carlsbad, CA",San Diego County,2019-05-31,1950.538646128686,92103,0
96652,3560,92110,zip,CA,CA,San Diego,"San Diego-Chula Vista-Carlsbad, CA",San Diego County,2019-05-31,2003.627971073009,92110,0
96649,3605,92107,zip,CA,CA,San Diego,"San Diego-Chula Vista-Carlsbad, CA",San Diego County,2019-05-31,1928.9492930722183,92107,0
96658,3607,92116,zip,CA,CA,San Diego,"San Diego-Chula Vista-Carlsbad, CA",San Diego County,2019-05-31,1722.5886251303652,92116,0
96581,3914,92008,zip,CA,CA,Carlsbad,"San Diego-Chula Vista-Carlsbad, CA",San Diego County,2019-05-31,2007.4758788597896,92008,0
96555,4492,91932,zip,CA,CA,Imperial Beach,"San Diego-Chula Vista-Carlsbad, CA",San Diego County,2019-05-31,1901.790108090972,91932,0
96584,5214,92011,zip,CA,CA,Carlsbad,"San Diego-Chula Vista-Carlsbad, CA",San Diego County,2019-05-31,2640.9139473295536,92011,0
96650,5900,92108,zip,CA,CA,San Diego,"San Diego-Chula Vista-Carlsbad, CA",San Diego County,2019-05-31,2188.273805155907,92108,0
96660,7608,92118,zip,CA,CA,Coronado,"San Diego-Chula Vista-Carlsbad, CA",San Diego County,2019-05-31,3130.00993589931,92118,0
96546,52,91911,zip,CA,CA,Chula Vista,"San Diego-Chula Vista-Carlsbad, CA",San Diego County,2019-06-30,1797.5613210170034,91911,0
96690,61,92154,zip,CA,CA,San Diego,"San Diego-Chula Vista-Carlsbad, CA",San Diego County,2019-06-30,1958.424376076318,92154,0
96545,153,91910,zip,CA,CA,Chula Vista,"San Diego-Chula Vista-Carlsbad, CA",San Diego County,2019-06-30,1715.98859453585,91910,0
96667,166,92126,zip,CA,CA,San Diego,"San Diego-Chula Vista-Carlsbad, CA",San Diego County,2019-06-30,2065.148577415768,92126,1
96647,207,92105,zip,CA,CA,San Diego,"San Diego-Chula Vista-Carlsbad, CA",San Diego County,2019-06-30,1492.4959977739586,92105,0
96589,396,92020,zip,CA,CA,El Cajon,"San Diego-Chula Vista-Carlsbad, CA",San Diego County,2019-06-30,1509.538311707188,92020,0
96657,414,92115,zip,CA,CA,San Diego,"San Diego-Chula Vista-Carlsbad, CA",San Diego County,2019-06-30,1696.5007653697346,92115,0
96625,475,92071,zip,CA,CA,Santee,"San Diego-Chula Vista-Carlsbad, CA",San Diego County,2019-06-30,1999.0559168771397,92071,0
96596,494,92027,zip,CA,CA,Escondido,"San Diego-Chula Vista-Carlsbad, CA",San Diego County,2019-06-30,1519.462870624562,92027,0
96671,599,92130,zip,CA,CA,San Diego,"San Diego-Chula Vista-Carlsbad, CA",San Diego County,2019-06-30,2924.261627722298,92130,0
96670,651,92129,zip,CA,CA,San Diego,"San Diego-Chula Vista-Carlsbad, CA",San Diego County,2019-06-30,2542.5876171188806,92129,0
96612,655,92056,zip,CA,CA,Oceanside,"San Diego-Chula Vista-Carlsbad, CA",San Diego County,2019-06-30,1884.446507195544,92056,0
96613,662,92057,zip,CA,CA,Oceanside,"San Diego-Chula Vista-Carlsbad, CA",San Diego County,2019-06-30,2075.21097154686,92057,0
96548,676,91913,zip,CA,CA,Chula Vista,"San Diego-Chula Vista-Carlsbad, CA",San Diego County,2019-06-30,2193.235589982774,91913,0
96659,787,92117,zip,CA,CA,San Diego,"San Diego-Chula Vista-Carlsbad, CA",San Diego County,2019-06-30,1864.019847925075,92117,0
96593,834,92024,zip,CA,CA,Encinitas,"San Diego-Chula Vista-Carlsbad, CA",San Diego County,2019-06-30,2537.5923252125317,92024,0
96653,960,92111,zip,CA,CA,San Diego,"San Diego-Chula Vista-Carlsbad, CA",San Diego County,2019-06-30,1920.071981823487,92111,0
96668,995,92127,zip,CA,CA,San Diego,"San Diego-Chula Vista-Carlsbad, CA",San Diego County,2019-06-30,2378.8997495764697,92127,0
96629,996,92078,zip,CA,CA,San Marcos,"San Diego-Chula Vista-Carlsbad, CA",San Diego County,2019-06-30,2230.276494883117,92078,0
96669,1063,92128,zip,CA,CA,San Diego,"San Diego-Chula Vista-Carlsbad, CA",San Diego County,2019-06-30,2127.334179782838,92128,0
96582,1105,92009,zip,CA,CA,Carlsbad,"San Diego-Chula Vista-Carlsbad, CA",San Diego County,2019-06-30,2366.9233486484964,92009,0
96646,1143,92104,zip,CA,CA,San Diego,"San Diego-Chula Vista-Carlsbad, CA",San Diego County,2019-06-30,1810.9734676409391,92104,0
96664,1151,92122,zip,CA,CA,San Diego,"San Diego-Chula Vista-Carlsbad, CA",San Diego County,2019-06-30,2264.243140651597,92122,1
96623,1220,92069,zip,CA,CA,San Marcos,"San Diego-Chula Vista-Carlsbad, CA",San Diego County,2019-06-30,1993.538359702728,92069,0
96651,1290,92109,zip,CA,CA,San Diego,"San Diego-Chula Vista-Carlsbad, CA",San Diego County,2019-06-30,2147.041856373245,92109,0
96643,1522,92101,zip,CA,CA,San Diego,"San Diego-Chula Vista-Carlsbad, CA",San Diego County,2019-06-30,2276.4172406795683,92101,0
96644,1622,92102,zip,CA,CA,San Diego,"San Diego-Chula Vista-Carlsbad, CA",San Diego County,2019-06-30,1664.4060332028655,92102,0
96560,1738,91942,zip,CA,CA,La Mesa,"San Diego-Chula Vista-Carlsbad, CA",San Diego County,2019-06-30,1820.327989117384,91942,0
96610,2205,92054,zip,CA,CA,Oceanside,"San Diego-Chula Vista-Carlsbad, CA",San Diego County,2019-06-30,1987.268263351692,92054,0
96602,2270,92037,zip,CA,CA,San Diego,"San Diego-Chula Vista-Carlsbad, CA",San Diego County,2019-06-30,2847.774860309629,92037,1
96672,2406,92131,zip,CA,CA,San Diego,"San Diego-Chula Vista-Carlsbad, CA",San Diego County,2019-06-30,2432.810252870819,92131,0
96645,2966,92103,zip,CA,CA,San Diego,"San Diego-Chula Vista-Carlsbad, CA",San Diego County,2019-06-30,1947.0712934868284,92103,0
96652,3560,92110,zip,CA,CA,San Diego,"San Diego-Chula Vista-Carlsbad, CA",San Diego County,2019-06-30,2016.257165643236,92110,0
96649,3605,92107,zip,CA,CA,San Diego,"San Diego-Chula Vista-Carlsbad, CA",San Diego County,2019-06-30,1956.3265094407184,92107,0
96658,3607,92116,zip,CA,CA,San Diego,"San Diego-Chula Vista-Carlsbad, CA",San Diego County,2019-06-30,1744.1361022473534,92116,0
96581,3914,92008,zip,CA,CA,Carlsbad,"San Diego-Chula Vista-Carlsbad, CA",San Diego County,2019-06-30,2008.269141679961,92008,0
96555,4492,91932,zip,CA,CA,Imperial Beach,"San Diego-Chula Vista-Carlsbad, CA",San Diego County,2019-06-30,1905.703102860706,91932,0
96584,5214,92011,zip,CA,CA,Carlsbad,"San Diego-Chula Vista-Carlsbad, CA",San Diego County,2019-06-30,2617.698878173914,92011,0
96650,5900,92108,zip,CA,CA,San Diego,"San Diego-Chula Vista-Carlsbad, CA",San Diego County,2019-06-30,2185.954318320425,92108,0
96660,7608,92118,zip,CA,CA,Coronado,"San Diego-Chula Vista-Carlsbad, CA",San Diego County,2019-06-30,3148.795808118556,92118,0
96546,52,91911,zip,CA,CA,Chula Vista,"San Diego-Chula Vista-Carlsbad, CA",San Diego County,2019-07-31,1828.8833097546765,91911,0
96690,61,92154,zip,CA,CA,San Diego,"San Diego-Chula Vista-Carlsbad, CA",San Diego County,2019-07-31,1961.4198378737808,92154,0
96545,153,91910,zip,CA,CA,Chula Vista,"San Diego-Chula Vista-Carlsbad, CA",San Diego County,2019-07-31,1716.3902443661468,91910,0
96667,166,92126,zip,CA,CA,San Diego,"San Diego-Chula Vista-Carlsbad, CA",San Diego County,2019-07-31,2079.6167468943804,92126,1
96647,207,92105,zip,CA,CA,San Diego,"San Diego-Chula Vista-Carlsbad, CA",San Diego County,2019-07-31,1489.0342117502776,92105,0
96589,396,92020,zip,CA,CA,El Cajon,"San Diego-Chula Vista-Carlsbad, CA",San Diego County,2019-07-31,1524.3447260150022,92020,0
96657,414,92115,zip,CA,CA,San Diego,"San Diego-Chula Vista-Carlsbad, CA",San Diego County,2019-07-31,1704.1061524327306,92115,0
96625,475,92071,zip,CA,CA,Santee,"San Diego-Chula Vista-Carlsbad, CA",San Diego County,2019-07-31,2017.5342516226376,92071,0
96596,494,92027,zip,CA,CA,Escondido,"San Diego-Chula Vista-Carlsbad, CA",San Diego County,2019-07-31,1503.9520684746676,92027,0
96671,599,92130,zip,CA,CA,San Diego,"San Diego-Chula Vista-Carlsbad, CA",San Diego County,2019-07-31,2939.8291392616675,92130,0
96670,651,92129,zip,CA,CA,San Diego,"San Diego-Chula Vista-Carlsbad, CA",San Diego County,2019-07-31,2542.703457888918,92129,0
96612,655,92056,zip,CA,CA,Oceanside,"San Diego-Chula Vista-Carlsbad, CA",San Diego County,2019-07-31,1889.6362135222084,92056,0
96613,662,92057,zip,CA,CA,Oceanside,"San Diego-Chula Vista-Carlsbad, CA",San Diego County,2019-07-31,2080.776531982276,92057,0
96548,676,91913,zip,CA,CA,Chula Vista,"San Diego-Chula Vista-Carlsbad, CA",San Diego County,2019-07-31,2221.808842827644,91913,0
96659,787,92117,zip,CA,CA,San Diego,"San Diego-Chula Vista-Carlsbad, CA",San Diego County,2019-07-31,1859.052570807859,92117,0
96593,834,92024,zip,CA,CA,Encinitas,"San Diego-Chula Vista-Carlsbad, CA",San Diego County,2019-07-31,2528.8912488345677,92024,0
96653,960,92111,zip,CA,CA,San Diego,"San Diego-Chula Vista-Carlsbad, CA",San Diego County,2019-07-31,1922.241311898453,92111,0
96668,995,92127,zip,CA,CA,San Diego,"San Diego-Chula Vista-Carlsbad, CA",San Diego County,2019-07-31,2376.4538740932467,92127,0
96629,996,92078,zip,CA,CA,San Marcos,"San Diego-Chula Vista-Carlsbad, CA",San Diego County,2019-07-31,2251.9333421441784,92078,0
96669,1063,92128,zip,CA,CA,San Diego,"San Diego-Chula Vista-Carlsbad, CA",San Diego County,2019-07-31,2134.5225544943883,92128,0
96582,1105,92009,zip,CA,CA,Carlsbad,"San Diego-Chula Vista-Carlsbad, CA",San Diego County,2019-07-31,2362.2453517836825,92009,0
96646,1143,92104,zip,CA,CA,San Diego,"San Diego-Chula Vista-Carlsbad, CA",San Diego County,2019-07-31,1812.7899867095257,92104,0
96664,1151,92122,zip,CA,CA,San Diego,"San Diego-Chula Vista-Carlsbad, CA",San Diego County,2019-07-31,2276.3084328641885,92122,1
96623,1220,92069,zip,CA,CA,San Marcos,"San Diego-Chula Vista-Carlsbad, CA",San Diego County,2019-07-31,2011.2427574814528,92069,0
96651,1290,92109,zip,CA,CA,San Diego,"San Diego-Chula Vista-Carlsbad, CA",San Diego County,2019-07-31,2154.016188138456,92109,0
96643,1522,92101,zip,CA,CA,San Diego,"San Diego-Chula Vista-Carlsbad, CA",San Diego County,2019-07-31,2285.573864494296,92101,0
96644,1622,92102,zip,CA,CA,San Diego,"San Diego-Chula Vista-Carlsbad, CA",San Diego County,2019-07-31,1673.5892296745003,92102,0
96560,1738,91942,zip,CA,CA,La Mesa,"San Diego-Chula Vista-Carlsbad, CA",San Diego County,2019-07-31,1829.414664278056,91942,0
96610,2205,92054,zip,CA,CA,Oceanside,"San Diego-Chula Vista-Carlsbad, CA",San Diego County,2019-07-31,2006.898355251304,92054,0
96602,2270,92037,zip,CA,CA,San Diego,"San Diego-Chula Vista-Carlsbad, CA",San Diego County,2019-07-31,2870.905708528803,92037,1
96672,2406,92131,zip,CA,CA,San Diego,"San Diego-Chula Vista-Carlsbad, CA",San Diego County,2019-07-31,2434.964514929065,92131,0
96645,2966,92103,zip,CA,CA,San Diego,"San Diego-Chula Vista-Carlsbad, CA",San Diego County,2019-07-31,1962.319900063886,92103,0
96652,3560,92110,zip,CA,CA,San Diego,"San Diego-Chula Vista-Carlsbad, CA",San Diego County,2019-07-31,2039.4101715740428,92110,0
96649,3605,92107,zip,CA,CA,San Diego,"San Diego-Chula Vista-Carlsbad, CA",San Diego County,2019-07-31,1970.6791708722012,92107,0
96658,3607,92116,zip,CA,CA,San Diego,"San Diego-Chula Vista-Carlsbad, CA",San Diego County,2019-07-31,1760.5931918011595,92116,0
96581,3914,92008,zip,CA,CA,Carlsbad,"San Diego-Chula Vista-Carlsbad, CA",San Diego County,2019-07-31,2038.7781213601331,92008,0
96555,4492,91932,zip,CA,CA,Imperial Beach,"San Diego-Chula Vista-Carlsbad, CA",San Diego County,2019-07-31,1904.384539041528,91932,0
96584,5214,92011,zip,CA,CA,Carlsbad,"San Diego-Chula Vista-Carlsbad, CA",San Diego County,2019-07-31,2610.1355511811257,92011,0
96650,5900,92108,zip,CA,CA,San Diego,"San Diego-Chula Vista-Carlsbad, CA",San Diego County,2019-07-31,2198.0952611570087,92108,0
96660,7608,92118,zip,CA,CA,Coronado,"San Diego-Chula Vista-Carlsbad, CA",San Diego County,2019-07-31,3288.93365071978,92118,0
96546,52,91911,zip,CA,CA,Chula Vista,"San Diego-Chula Vista-Carlsbad, CA",San Diego County,2019-08-31,1856.7935538456427,91911,0
96690,61,92154,zip,CA,CA,San Diego,"San Diego-Chula Vista-Carlsbad, CA",San Diego County,2019-08-31,1967.1197737127025,92154,0
96545,153,91910,zip,CA,CA,Chula Vista,"San Diego-Chula Vista-Carlsbad, CA",San Diego County,2019-08-31,1754.5520453177282,91910,0
96667,166,92126,zip,CA,CA,San Diego,"San Diego-Chula Vista-Carlsbad, CA",San Diego County,2019-08-31,2093.3440690121643,92126,1
96647,207,92105,zip,CA,CA,San Diego,"San Diego-Chula Vista-Carlsbad, CA",San Diego County,2019-08-31,1472.557535661539,92105,0
96589,396,92020,zip,CA,CA,El Cajon,"San Diego-Chula Vista-Carlsbad, CA",San Diego County,2019-08-31,1537.088119878856,92020,0
96657,414,92115,zip,CA,CA,San Diego,"San Diego-Chula Vista-Carlsbad, CA",San Diego County,2019-08-31,1714.4473759221505,92115,0
96625,475,92071,zip,CA,CA,Santee,"San Diego-Chula Vista-Carlsbad, CA",San Diego County,2019-08-31,2039.0666747091,92071,0
96596,494,92027,zip,CA,CA,Escondido,"San Diego-Chula Vista-Carlsbad, CA",San Diego County,2019-08-31,1494.8484746649135,92027,0
96671,599,92130,zip,CA,CA,San Diego,"San Diego-Chula Vista-Carlsbad, CA",San Diego County,2019-08-31,2947.404707084924,92130,0
96670,651,92129,zip,CA,CA,San Diego,"San Diego-Chula Vista-Carlsbad, CA",San Diego County,2019-08-31,2543.9944832194483,92129,0
96612,655,92056,zip,CA,CA,Oceanside,"San Diego-Chula Vista-Carlsbad, CA",San Diego County,2019-08-31,1881.4080828228743,92056,0
96613,662,92057,zip,CA,CA,Oceanside,"San Diego-Chula Vista-Carlsbad, CA",San Diego County,2019-08-31,2092.321370828674,92057,0
96548,676,91913,zip,CA,CA,Chula Vista,"San Diego-Chula Vista-Carlsbad, CA",San Diego County,2019-08-31,2234.277602635861,91913,0
96659,787,92117,zip,CA,CA,San Diego,"San Diego-Chula Vista-Carlsbad, CA",San Diego County,2019-08-31,1886.7641886132783,92117,0
96593,834,92024,zip,CA,CA,Encinitas,"San Diego-Chula Vista-Carlsbad, CA",San Diego County,2019-08-31,2526.46598093631,92024,0
96653,960,92111,zip,CA,CA,San Diego,"San Diego-Chula Vista-Carlsbad, CA",San Diego County,2019-08-31,1942.050514554204,92111,0
96668,995,92127,zip,CA,CA,San Diego,"San Diego-Chula Vista-Carlsbad, CA",San Diego County,2019-08-31,2375.9246771547632,92127,0
96629,996,92078,zip,CA,CA,San Marcos,"San Diego-Chula Vista-Carlsbad, CA",San Diego County,2019-08-31,2279.137436264945,92078,0
96669,1063,92128,zip,CA,CA,San Diego,"San Diego-Chula Vista-Carlsbad, CA",San Diego County,2019-08-31,2125.098061730137,92128,0
96582,1105,92009,zip,CA,CA,Carlsbad,"San Diego-Chula Vista-Carlsbad, CA",San Diego County,2019-08-31,2386.352109063881,92009,0
96646,1143,92104,zip,CA,CA,San Diego,"San Diego-Chula Vista-Carlsbad, CA",San Diego County,2019-08-31,1816.5907941101275,92104,0
96664,1151,92122,zip,CA,CA,San Diego,"San Diego-Chula Vista-Carlsbad, CA",San Diego County,2019-08-31,2288.397819847539,92122,1
96623,1220,92069,zip,CA,CA,San Marcos,"San Diego-Chula Vista-Carlsbad, CA",San Diego County,2019-08-31,1995.8631578575985,92069,0
96651,1290,92109,zip,CA,CA,San Diego,"San Diego-Chula Vista-Carlsbad, CA",San Diego County,2019-08-31,2157.0366778952603,92109,0
96643,1522,92101,zip,CA,CA,San Diego,"San Diego-Chula Vista-Carlsbad, CA",San Diego County,2019-08-31,2314.864672400143,92101,0
96644,1622,92102,zip,CA,CA,San Diego,"San Diego-Chula Vista-Carlsbad, CA",San Diego County,2019-08-31,1670.0701845554206,92102,0
96560,1738,91942,zip,CA,CA,La Mesa,"San Diego-Chula Vista-Carlsbad, CA",San Diego County,2019-08-31,1843.7113653297108,91942,0
96610,2205,92054,zip,CA,CA,Oceanside,"San Diego-Chula Vista-Carlsbad, CA",San Diego County,2019-08-31,1994.0415215330092,92054,0
96602,2270,92037,zip,CA,CA,San Diego,"San Diego-Chula Vista-Carlsbad, CA",San Diego County,2019-08-31,2860.9337301282662,92037,1
96672,2406,92131,zip,CA,CA,San Diego,"San Diego-Chula Vista-Carlsbad, CA",San Diego County,2019-08-31,2437.806455023026,92131,0
96645,2966,92103,zip,CA,CA,San Diego,"San Diego-Chula Vista-Carlsbad, CA",San Diego County,2019-08-31,1960.852408950985,92103,0
96652,3560,92110,zip,CA,CA,San Diego,"San Diego-Chula Vista-Carlsbad, CA",San Diego County,2019-08-31,2024.0633525863004,92110,0
96649,3605,92107,zip,CA,CA,San Diego,"San Diego-Chula Vista-Carlsbad, CA",San Diego County,2019-08-31,2000.2879411213369,92107,0
96658,3607,92116,zip,CA,CA,San Diego,"San Diego-Chula Vista-Carlsbad, CA",San Diego County,2019-08-31,1758.9367703599903,92116,0
96581,3914,92008,zip,CA,CA,Carlsbad,"San Diego-Chula Vista-Carlsbad, CA",San Diego County,2019-08-31,2063.2771772465794,92008,0
96555,4492,91932,zip,CA,CA,Imperial Beach,"San Diego-Chula Vista-Carlsbad, CA",San Diego County,2019-08-31,1920.1228018116028,91932,0
96584,5214,92011,zip,CA,CA,Carlsbad,"San Diego-Chula Vista-Carlsbad, CA",San Diego County,2019-08-31,2600.873075639771,92011,0
96650,5900,92108,zip,CA,CA,San Diego,"San Diego-Chula Vista-Carlsbad, CA",San Diego County,2019-08-31,2197.6775668622604,92108,0
96660,7608,92118,zip,CA,CA,Coronado,"San Diego-Chula Vista-Carlsbad, CA",San Diego County,2019-08-31,3273.462716396728,92118,0
96546,52,91911,zip,CA,CA,Chula Vista,"San Diego-Chula Vista-Carlsbad, CA",San Diego County,2019-09-30,1845.6068683231904,91911,0
96690,61,92154,zip,CA,CA,San Diego,"San Diego-Chula Vista-Carlsbad, CA",San Diego County,2019-09-30,1986.7661612939976,92154,0
96545,153,91910,zip,CA,CA,Chula Vista,"San Diego-Chula Vista-Carlsbad, CA",San Diego County,2019-09-30,1762.463997858753,91910,0
96667,166,92126,zip,CA,CA,San Diego,"San Diego-Chula Vista-Carlsbad, CA",San Diego County,2019-09-30,2104.087108213708,92126,1
96647,207,92105,zip,CA,CA,San Diego,"San Diego-Chula Vista-Carlsbad, CA",San Diego County,2019-09-30,1453.7917579415666,92105,0
96589,396,92020,zip,CA,CA,El Cajon,"San Diego-Chula Vista-Carlsbad, CA",San Diego County,2019-09-30,1525.0303723164964,92020,0
96657,414,92115,zip,CA,CA,San Diego,"San Diego-Chula Vista-Carlsbad, CA",San Diego County,2019-09-30,1729.804047837566,92115,0
96625,475,92071,zip,CA,CA,Santee,"San Diego-Chula Vista-Carlsbad, CA",San Diego County,2019-09-30,2047.996652883123,92071,0
96596,494,92027,zip,CA,CA,Escondido,"San Diego-Chula Vista-Carlsbad, CA",San Diego County,2019-09-30,1520.0293741338712,92027,0
96671,599,92130,zip,CA,CA,San Diego,"San Diego-Chula Vista-Carlsbad, CA",San Diego County,2019-09-30,2939.3607127521364,92130,0
96670,651,92129,zip,CA,CA,San Diego,"San Diego-Chula Vista-Carlsbad, CA",San Diego County,2019-09-30,2557.129906486489,92129,0
96612,655,92056,zip,CA,CA,Oceanside,"San Diego-Chula Vista-Carlsbad, CA",San Diego County,2019-09-30,1910.6661323317728,92056,0
96613,662,92057,zip,CA,CA,Oceanside,"San Diego-Chula Vista-Carlsbad, CA",San Diego County,2019-09-30,2117.039889940658,92057,0
96548,676,91913,zip,CA,CA,Chula Vista,"San Diego-Chula Vista-Carlsbad, CA",San Diego County,2019-09-30,2209.254080532391,91913,0
96659,787,92117,zip,CA,CA,San Diego,"San Diego-Chula Vista-Carlsbad, CA",San Diego County,2019-09-30,1869.811175169732,92117,0
96593,834,92024,zip,CA,CA,Encinitas,"San Diego-Chula Vista-Carlsbad, CA",San Diego County,2019-09-30,2501.425861078321,92024,0
96653,960,92111,zip,CA,CA,San Diego,"San Diego-Chula Vista-Carlsbad, CA",San Diego County,2019-09-30,1946.558116278891,92111,0
96668,995,92127,zip,CA,CA,San Diego,"San Diego-Chula Vista-Carlsbad, CA",San Diego County,2019-09-30,2394.351521448316,92127,0
96629,996,92078,zip,CA,CA,San Marcos,"San Diego-Chula Vista-Carlsbad, CA",San Diego County,2019-09-30,2289.208874601972,92078,0
96669,1063,92128,zip,CA,CA,San Diego,"San Diego-Chula Vista-Carlsbad, CA",San Diego County,2019-09-30,2092.601088748792,92128,0
96582,1105,92009,zip,CA,CA,Carlsbad,"San Diego-Chula Vista-Carlsbad, CA",San Diego County,2019-09-30,2407.6331087737112,92009,0
96646,1143,92104,zip,CA,CA,San Diego,"San Diego-Chula Vista-Carlsbad, CA",San Diego County,2019-09-30,1813.5171717000856,92104,0
96664,1151,92122,zip,CA,CA,San Diego,"San Diego-Chula Vista-Carlsbad, CA",San Diego County,2019-09-30,2269.9369017842923,92122,1
96623,1220,92069,zip,CA,CA,San Marcos,"San Diego-Chula Vista-Carlsbad, CA",San Diego County,2019-09-30,2029.200408051711,92069,0
96651,1290,92109,zip,CA,CA,San Diego,"San Diego-Chula Vista-Carlsbad, CA",San Diego County,2019-09-30,2159.961426166314,92109,0
96643,1522,92101,zip,CA,CA,San Diego,"San Diego-Chula Vista-Carlsbad, CA",San Diego County,2019-09-30,2317.9798238685244,92101,0
96644,1622,92102,zip,CA,CA,San Diego,"San Diego-Chula Vista-Carlsbad, CA",San Diego County,2019-09-30,1669.6057413139304,92102,0
96560,1738,91942,zip,CA,CA,La Mesa,"San Diego-Chula Vista-Carlsbad, CA",San Diego County,2019-09-30,1825.6040703953556,91942,0
96610,2205,92054,zip,CA,CA,Oceanside,"San Diego-Chula Vista-Carlsbad, CA",San Diego County,2019-09-30,1977.3567077935736,92054,0
96602,2270,92037,zip,CA,CA,San Diego,"San Diego-Chula Vista-Carlsbad, CA",San Diego County,2019-09-30,2880.843699393861,92037,1
96672,2406,92131,zip,CA,CA,San Diego,"San Diego-Chula Vista-Carlsbad, CA",San Diego County,2019-09-30,2446.5390751094947,92131,0
96645,2966,92103,zip,CA,CA,San Diego,"San Diego-Chula Vista-Carlsbad, CA",San Diego County,2019-09-30,1967.7871639985533,92103,0
96652,3560,92110,zip,CA,CA,San Diego,"San Diego-Chula Vista-Carlsbad, CA",San Diego County,2019-09-30,2043.1709433833933,92110,0
96649,3605,92107,zip,CA,CA,San Diego,"San Diego-Chula Vista-Carlsbad, CA",San Diego County,2019-09-30,2000.63535613982,92107,0
96658,3607,92116,zip,CA,CA,San Diego,"San Diego-Chula Vista-Carlsbad, CA",San Diego County,2019-09-30,1757.3657716363073,92116,0
96581,3914,92008,zip,CA,CA,Carlsbad,"San Diego-Chula Vista-Carlsbad, CA",San Diego County,2019-09-30,2075.777648448736,92008,0
96555,4492,91932,zip,CA,CA,Imperial Beach,"San Diego-Chula Vista-Carlsbad, CA",San Diego County,2019-09-30,1917.7088520107377,91932,0
96584,5214,92011,zip,CA,CA,Carlsbad,"San Diego-Chula Vista-Carlsbad, CA",San Diego County,2019-09-30,2632.299616119786,92011,0
96650,5900,92108,zip,CA,CA,San Diego,"San Diego-Chula Vista-Carlsbad, CA",San Diego County,2019-09-30,2216.821495817531,92108,0
96660,7608,92118,zip,CA,CA,Coronado,"San Diego-Chula Vista-Carlsbad, CA",San Diego County,2019-09-30,3243.006351692752,92118,0
96546,52,91911,zip,CA,CA,Chula Vista,"San Diego-Chula Vista-Carlsbad, CA",San Diego County,2019-10-31,1820.1912102391743,91911,0
96690,61,92154,zip,CA,CA,San Diego,"San Diego-Chula Vista-Carlsbad, CA",San Diego County,2019-10-31,1996.7724955292651,92154,0
96545,153,91910,zip,CA,CA,Chula Vista,"San Diego-Chula Vista-Carlsbad, CA",San Diego County,2019-10-31,1766.106243687887,91910,0
96667,166,92126,zip,CA,CA,San Diego,"San Diego-Chula Vista-Carlsbad, CA",San Diego County,2019-10-31,2103.753056137481,92126,1
96647,207,92105,zip,CA,CA,San Diego,"San Diego-Chula Vista-Carlsbad, CA",San Diego County,2019-10-31,1470.2690032547653,92105,0
96589,396,92020,zip,CA,CA,El Cajon,"San Diego-Chula Vista-Carlsbad, CA",San Diego County,2019-10-31,1513.5554947502128,92020,0
96657,414,92115,zip,CA,CA,San Diego,"San Diego-Chula Vista-Carlsbad, CA",San Diego County,2019-10-31,1729.8002274061828,92115,0
96625,475,92071,zip,CA,CA,Santee,"San Diego-Chula Vista-Carlsbad, CA",San Diego County,2019-10-31,2055.701821450445,92071,0
96596,494,92027,zip,CA,CA,Escondido,"San Diego-Chula Vista-Carlsbad, CA",San Diego County,2019-10-31,1523.4746700581914,92027,0
96671,599,92130,zip,CA,CA,San Diego,"San Diego-Chula Vista-Carlsbad, CA",San Diego County,2019-10-31,2928.843036546916,92130,0
96670,651,92129,zip,CA,CA,San Diego,"San Diego-Chula Vista-Carlsbad, CA",San Diego County,2019-10-31,2540.452151489213,92129,0
96612,655,92056,zip,CA,CA,Oceanside,"San Diego-Chula Vista-Carlsbad, CA",San Diego County,2019-10-31,1904.495915348301,92056,0
96613,662,92057,zip,CA,CA,Oceanside,"San Diego-Chula Vista-Carlsbad, CA",San Diego County,2019-10-31,2108.554472844779,92057,0
96548,676,91913,zip,CA,CA,Chula Vista,"San Diego-Chula Vista-Carlsbad, CA",San Diego County,2019-10-31,2199.701194194872,91913,0
96659,787,92117,zip,CA,CA,San Diego,"San Diego-Chula Vista-Carlsbad, CA",San Diego County,2019-10-31,1885.699085546202,92117,0
96593,834,92024,zip,CA,CA,Encinitas,"San Diego-Chula Vista-Carlsbad, CA",San Diego County,2019-10-31,2551.971360846953,92024,0
96653,960,92111,zip,CA,CA,San Diego,"San Diego-Chula Vista-Carlsbad, CA",San Diego County,2019-10-31,1944.0754028222725,92111,0
96668,995,92127,zip,CA,CA,San Diego,"San Diego-Chula Vista-Carlsbad, CA",San Diego County,2019-10-31,2394.9577252392155,92127,0
96629,996,92078,zip,CA,CA,San Marcos,"San Diego-Chula Vista-Carlsbad, CA",San Diego County,2019-10-31,2277.1311873270665,92078,0
96669,1063,92128,zip,CA,CA,San Diego,"San Diego-Chula Vista-Carlsbad, CA",San Diego County,2019-10-31,2081.6696462773634,92128,0
96582,1105,92009,zip,CA,CA,Carlsbad,"San Diego-Chula Vista-Carlsbad, CA",San Diego County,2019-10-31,2413.144760002177,92009,0
96646,1143,92104,zip,CA,CA,San Diego,"San Diego-Chula Vista-Carlsbad, CA",San Diego County,2019-10-31,1815.9708499046685,92104,0
96664,1151,92122,zip,CA,CA,San Diego,"San Diego-Chula Vista-Carlsbad, CA",San Diego County,2019-10-31,2281.578788501752,92122,1
96623,1220,92069,zip,CA,CA,San Marcos,"San Diego-Chula Vista-Carlsbad, CA",San Diego County,2019-10-31,2032.9150231624192,92069,0
96651,1290,92109,zip,CA,CA,San Diego,"San Diego-Chula Vista-Carlsbad, CA",San Diego County,2019-10-31,2155.957678591862,92109,0
96643,1522,92101,zip,CA,CA,San Diego,"San Diego-Chula Vista-Carlsbad, CA",San Diego County,2019-10-31,2300.38323243923,92101,0
96644,1622,92102,zip,CA,CA,San Diego,"San Diego-Chula Vista-Carlsbad, CA",San Diego County,2019-10-31,1661.3721922029522,92102,0
96560,1738,91942,zip,CA,CA,La Mesa,"San Diego-Chula Vista-Carlsbad, CA",San Diego County,2019-10-31,1821.523931535431,91942,0
96610,2205,92054,zip,CA,CA,Oceanside,"San Diego-Chula Vista-Carlsbad, CA",San Diego County,2019-10-31,1984.014237534856,92054,0
96602,2270,92037,zip,CA,CA,San Diego,"San Diego-Chula Vista-Carlsbad, CA",San Diego County,2019-10-31,2878.2903855190957,92037,1
96672,2406,92131,zip,CA,CA,San Diego,"San Diego-Chula Vista-Carlsbad, CA",San Diego County,2019-10-31,2436.227842604306,92131,0
96645,2966,92103,zip,CA,CA,San Diego,"San Diego-Chula Vista-Carlsbad, CA",San Diego County,2019-10-31,1956.705646924734,92103,0
96652,3560,92110,zip,CA,CA,San Diego,"San Diego-Chula Vista-Carlsbad, CA",San Diego County,2019-10-31,2030.0917286317847,92110,0
96649,3605,92107,zip,CA,CA,San Diego,"San Diego-Chula Vista-Carlsbad, CA",San Diego County,2019-10-31,2023.7862358764976,92107,0
96658,3607,92116,zip,CA,CA,San Diego,"San Diego-Chula Vista-Carlsbad, CA",San Diego County,2019-10-31,1750.244483025317,92116,0
96581,3914,92008,zip,CA,CA,Carlsbad,"San Diego-Chula Vista-Carlsbad, CA",San Diego County,2019-10-31,2070.1158098166643,92008,0
96555,4492,91932,zip,CA,CA,Imperial Beach,"San Diego-Chula Vista-Carlsbad, CA",San Diego County,2019-10-31,1920.0434673260304,91932,0
96584,5214,92011,zip,CA,CA,Carlsbad,"San Diego-Chula Vista-Carlsbad, CA",San Diego County,2019-10-31,2651.1539122081936,92011,0
96650,5900,92108,zip,CA,CA,San Diego,"San Diego-Chula Vista-Carlsbad, CA",San Diego County,2019-10-31,2219.1763608748424,92108,0
96660,7608,92118,zip,CA,CA,Coronado,"San Diego-Chula Vista-Carlsbad, CA",San Diego County,2019-10-31,3262.96941269546,92118,0
96546,52,91911,zip,CA,CA,Chula Vista,"San Diego-Chula Vista-Carlsbad, CA",San Diego County,2019-11-30,1836.1829346347524,91911,0
96690,61,92154,zip,CA,CA,San Diego,"San Diego-Chula Vista-Carlsbad, CA",San Diego County,2019-11-30,1989.553071283089,92154,0
96545,153,91910,zip,CA,CA,Chula Vista,"San Diego-Chula Vista-Carlsbad, CA",San Diego County,2019-11-30,1759.997535257682,91910,0
96667,166,92126,zip,CA,CA,San Diego,"San Diego-Chula Vista-Carlsbad, CA",San Diego County,2019-11-30,2100.248055759961,92126,1
96647,207,92105,zip,CA,CA,San Diego,"San Diego-Chula Vista-Carlsbad, CA",San Diego County,2019-11-30,1486.5566008722,92105,0
96589,396,92020,zip,CA,CA,El Cajon,"San Diego-Chula Vista-Carlsbad, CA",San Diego County,2019-11-30,1512.2285647635983,92020,0
96657,414,92115,zip,CA,CA,San Diego,"San Diego-Chula Vista-Carlsbad, CA",San Diego County,2019-11-30,1752.7824186424266,92115,0
96625,475,92071,zip,CA,CA,Santee,"San Diego-Chula Vista-Carlsbad, CA",San Diego County,2019-11-30,2047.9496333104917,92071,0
96671,599,92130,zip,CA,CA,San Diego,"San Diego-Chula Vista-Carlsbad, CA",San Diego County,2019-11-30,2918.7081289425378,92130,0
96670,651,92129,zip,CA,CA,San Diego,"San Diego-Chula Vista-Carlsbad, CA",San Diego County,2019-11-30,2552.455361706482,92129,0
96612,655,92056,zip,CA,CA,Oceanside,"San Diego-Chula Vista-Carlsbad, CA",San Diego County,2019-11-30,1916.0624197949628,92056,0
96613,662,92057,zip,CA,CA,Oceanside,"San Diego-Chula Vista-Carlsbad, CA",San Diego County,2019-11-30,2104.8668116829667,92057,0
96548,676,91913,zip,CA,CA,Chula Vista,"San Diego-Chula Vista-Carlsbad, CA",San Diego County,2019-11-30,2147.364614626041,91913,0
96659,787,92117,zip,CA,CA,San Diego,"San Diego-Chula Vista-Carlsbad, CA",San Diego County,2019-11-30,1876.657319834278,92117,0
96593,834,92024,zip,CA,CA,Encinitas,"San Diego-Chula Vista-Carlsbad, CA",San Diego County,2019-11-30,2606.6872690475684,92024,0
96653,960,92111,zip,CA,CA,San Diego,"San Diego-Chula Vista-Carlsbad, CA",San Diego County,2019-11-30,1944.715377686384,92111,0
96668,995,92127,zip,CA,CA,San Diego,"San Diego-Chula Vista-Carlsbad, CA",San Diego County,2019-11-30,2393.2278323795767,92127,0
96629,996,92078,zip,CA,CA,San Marcos,"San Diego-Chula Vista-Carlsbad, CA",San Diego County,2019-11-30,2249.010013237044,92078,0
96669,1063,92128,zip,CA,CA,San Diego,"San Diego-Chula Vista-Carlsbad, CA",San Diego County,2019-11-30,2082.023104267662,92128,0
96582,1105,92009,zip,CA,CA,Carlsbad,"San Diego-Chula Vista-Carlsbad, CA",San Diego County,2019-11-30,2376.076453945945,92009,0
96646,1143,92104,zip,CA,CA,San Diego,"San Diego-Chula Vista-Carlsbad, CA",San Diego County,2019-11-30,1826.5913288676547,92104,0
96664,1151,92122,zip,CA,CA,San Diego,"San Diego-Chula Vista-Carlsbad, CA",San Diego County,2019-11-30,2276.157707067674,92122,1
96623,1220,92069,zip,CA,CA,San Marcos,"San Diego-Chula Vista-Carlsbad, CA",San Diego County,2019-11-30,2018.0281173949077,92069,0
96651,1290,92109,zip,CA,CA,San Diego,"San Diego-Chula Vista-Carlsbad, CA",San Diego County,2019-11-30,2163.719642462177,92109,0
96643,1522,92101,zip,CA,CA,San Diego,"San Diego-Chula Vista-Carlsbad, CA",San Diego County,2019-11-30,2272.1039469904053,92101,0
96644,1622,92102,zip,CA,CA,San Diego,"San Diego-Chula Vista-Carlsbad, CA",San Diego County,2019-11-30,1670.415945720934,92102,0
96560,1738,91942,zip,CA,CA,La Mesa,"San Diego-Chula Vista-Carlsbad, CA",San Diego County,2019-11-30,1811.832367564758,91942,0
96610,2205,92054,zip,CA,CA,Oceanside,"San Diego-Chula Vista-Carlsbad, CA",San Diego County,2019-11-30,1989.453560569384,92054,0
96602,2270,92037,zip,CA,CA,San Diego,"San Diego-Chula Vista-Carlsbad, CA",San Diego County,2019-11-30,2911.512370824384,92037,1
96672,2406,92131,zip,CA,CA,San Diego,"San Diego-Chula Vista-Carlsbad, CA",San Diego County,2019-11-30,2445.3378522096505,92131,0
96645,2966,92103,zip,CA,CA,San Diego,"San Diego-Chula Vista-Carlsbad, CA",San Diego County,2019-11-30,1953.716703454235,92103,0
96652,3560,92110,zip,CA,CA,San Diego,"San Diego-Chula Vista-Carlsbad, CA",San Diego County,2019-11-30,2036.8971151993223,92110,0
96649,3605,92107,zip,CA,CA,San Diego,"San Diego-Chula Vista-Carlsbad, CA",San Diego County,2019-11-30,2017.9454111569312,92107,0
96658,3607,92116,zip,CA,CA,San Diego,"San Diego-Chula Vista-Carlsbad, CA",San Diego County,2019-11-30,1739.549141435958,92116,0
96581,3914,92008,zip,CA,CA,Carlsbad,"San Diego-Chula Vista-Carlsbad, CA",San Diego County,2019-11-30,2060.590912363208,92008,0
96555,4492,91932,zip,CA,CA,Imperial Beach,"San Diego-Chula Vista-Carlsbad, CA",San Diego County,2019-11-30,1905.857249908676,91932,0
96584,5214,92011,zip,CA,CA,Carlsbad,"San Diego-Chula Vista-Carlsbad, CA",San Diego County,2019-11-30,2679.5244697516223,92011,0
96650,5900,92108,zip,CA,CA,San Diego,"San Diego-Chula Vista-Carlsbad, CA",San Diego County,2019-11-30,2228.738580431273,92108,0
96660,7608,92118,zip,CA,CA,Coronado,"San Diego-Chula Vista-Carlsbad, CA",San Diego County,2019-11-30,3404.8068330094056,92118,0
96546,52,91911,zip,CA,CA,Chula Vista,"San Diego-Chula Vista-Carlsbad, CA",San Diego County,2019-12-31,1854.744052074216,91911,0
96690,61,92154,zip,CA,CA,San Diego,"San Diego-Chula Vista-Carlsbad, CA",San Diego County,2019-12-31,1973.5553555734036,92154,0
96545,153,91910,zip,CA,CA,Chula Vista,"San Diego-Chula Vista-Carlsbad, CA",San Diego County,2019-12-31,1749.2639046110894,91910,0
96667,166,92126,zip,CA,CA,San Diego,"San Diego-Chula Vista-Carlsbad, CA",San Diego County,2019-12-31,2097.2509274071917,92126,1
96647,207,92105,zip,CA,CA,San Diego,"San Diego-Chula Vista-Carlsbad, CA",San Diego County,2019-12-31,1497.1267798534643,92105,0
96589,396,92020,zip,CA,CA,El Cajon,"San Diego-Chula Vista-Carlsbad, CA",San Diego County,2019-12-31,1523.3215820392288,92020,0
96657,414,92115,zip,CA,CA,San Diego,"San Diego-Chula Vista-Carlsbad, CA",San Diego County,2019-12-31,1759.2802298742913,92115,0
96625,475,92071,zip,CA,CA,Santee,"San Diego-Chula Vista-Carlsbad, CA",San Diego County,2019-12-31,2031.1354972282704,92071,0
96596,494,92027,zip,CA,CA,Escondido,"San Diego-Chula Vista-Carlsbad, CA",San Diego County,2019-12-31,1545.2811248353778,92027,0
96671,599,92130,zip,CA,CA,San Diego,"San Diego-Chula Vista-Carlsbad, CA",San Diego County,2019-12-31,2913.380929628505,92130,0
96670,651,92129,zip,CA,CA,San Diego,"San Diego-Chula Vista-Carlsbad, CA",San Diego County,2019-12-31,2546.811866237898,92129,0
96612,655,92056,zip,CA,CA,Oceanside,"San Diego-Chula Vista-Carlsbad, CA",San Diego County,2019-12-31,1900.5861661476251,92056,0
96613,662,92057,zip,CA,CA,Oceanside,"San Diego-Chula Vista-Carlsbad, CA",San Diego County,2019-12-31,2101.293729436701,92057,0
96548,676,91913,zip,CA,CA,Chula Vista,"San Diego-Chula Vista-Carlsbad, CA",San Diego County,2019-12-31,2171.013954918393,91913,0
96659,787,92117,zip,CA,CA,San Diego,"San Diego-Chula Vista-Carlsbad, CA",San Diego County,2019-12-31,1865.9411403939607,92117,0
96593,834,92024,zip,CA,CA,Encinitas,"San Diego-Chula Vista-Carlsbad, CA",San Diego County,2019-12-31,2688.378954040187,92024,0
96653,960,92111,zip,CA,CA,San Diego,"San Diego-Chula Vista-Carlsbad, CA",San Diego County,2019-12-31,1929.3390875084565,92111,0
96668,995,92127,zip,CA,CA,San Diego,"San Diego-Chula Vista-Carlsbad, CA",San Diego County,2019-12-31,2382.557319187172,92127,0
96629,996,92078,zip,CA,CA,San Marcos,"San Diego-Chula Vista-Carlsbad, CA",San Diego County,2019-12-31,2223.6429978918086,92078,0
96669,1063,92128,zip,CA,CA,San Diego,"San Diego-Chula Vista-Carlsbad, CA",San Diego County,2019-12-31,2105.100786958869,92128,0
96582,1105,92009,zip,CA,CA,Carlsbad,"San Diego-Chula Vista-Carlsbad, CA",San Diego County,2019-12-31,2324.672461990886,92009,0
96646,1143,92104,zip,CA,CA,San Diego,"San Diego-Chula Vista-Carlsbad, CA",San Diego County,2019-12-31,1827.683348219037,92104,0
96664,1151,92122,zip,CA,CA,San Diego,"San Diego-Chula Vista-Carlsbad, CA",San Diego County,2019-12-31,2287.76777607558,92122,1
96623,1220,92069,zip,CA,CA,San Marcos,"San Diego-Chula Vista-Carlsbad, CA",San Diego County,2019-12-31,1999.56389165242,92069,0
96651,1290,92109,zip,CA,CA,San Diego,"San Diego-Chula Vista-Carlsbad, CA",San Diego County,2019-12-31,2208.4116879648127,92109,0
96643,1522,92101,zip,CA,CA,San Diego,"San Diego-Chula Vista-Carlsbad, CA",San Diego County,2019-12-31,2274.2869302337067,92101,0
96644,1622,92102,zip,CA,CA,San Diego,"San Diego-Chula Vista-Carlsbad, CA",San Diego County,2019-12-31,1674.7922910245868,92102,0
96560,1738,91942,zip,CA,CA,La Mesa,"San Diego-Chula Vista-Carlsbad, CA",San Diego County,2019-12-31,1807.6144776265364,91942,0
96610,2205,92054,zip,CA,CA,Oceanside,"San Diego-Chula Vista-Carlsbad, CA",San Diego County,2019-12-31,2005.7460331072475,92054,0
96602,2270,92037,zip,CA,CA,San Diego,"San Diego-Chula Vista-Carlsbad, CA",San Diego County,2019-12-31,2893.6382971386065,92037,1
96672,2406,92131,zip,CA,CA,San Diego,"San Diego-Chula Vista-Carlsbad, CA",San Diego County,2019-12-31,2449.5147301888846,92131,0
96645,2966,92103,zip,CA,CA,San Diego,"San Diego-Chula Vista-Carlsbad, CA",San Diego County,2019-12-31,1967.227611432351,92103,0
96652,3560,92110,zip,CA,CA,San Diego,"San Diego-Chula Vista-Carlsbad, CA",San Diego County,2019-12-31,2049.8086436048743,92110,0
96649,3605,92107,zip,CA,CA,San Diego,"San Diego-Chula Vista-Carlsbad, CA",San Diego County,2019-12-31,2028.7893538687208,92107,0
96658,3607,92116,zip,CA,CA,San Diego,"San Diego-Chula Vista-Carlsbad, CA",San Diego County,2019-12-31,1755.7533899594328,92116,0
96581,3914,92008,zip,CA,CA,Carlsbad,"San Diego-Chula Vista-Carlsbad, CA",San Diego County,2019-12-31,2040.9241622378447,92008,0
96555,4492,91932,zip,CA,CA,Imperial Beach,"San Diego-Chula Vista-Carlsbad, CA",San Diego County,2019-12-31,1928.7792945708336,91932,0
96584,5214,92011,zip,CA,CA,Carlsbad,"San Diego-Chula Vista-Carlsbad, CA",San Diego County,2019-12-31,2689.6969501608123,92011,0
96650,5900,92108,zip,CA,CA,San Diego,"San Diego-Chula Vista-Carlsbad, CA",San Diego County,2019-12-31,2222.752367074516,92108,0
96660,7608,92118,zip,CA,CA,Coronado,"San Diego-Chula Vista-Carlsbad, CA",San Diego County,2019-12-31,3370.902102823729,92118,0
96546,52,91911,zip,CA,CA,Chula Vista,"San Diego-Chula Vista-Carlsbad, CA",San Diego County,2020-01-31,1865.4914455902256,91911,0
96690,61,92154,zip,CA,CA,San Diego,"San Diego-Chula Vista-Carlsbad, CA",San Diego County,2020-01-31,2006.1543733108415,92154,0
96545,153,91910,zip,CA,CA,Chula Vista,"San Diego-Chula Vista-Carlsbad, CA",San Diego County,2020-01-31,1785.1762211495156,91910,0
96667,166,92126,zip,CA,CA,San Diego,"San Diego-Chula Vista-Carlsbad, CA",San Diego County,2020-01-31,2109.765323538086,92126,1
96647,207,92105,zip,CA,CA,San Diego,"San Diego-Chula Vista-Carlsbad, CA",San Diego County,2020-01-31,1507.627260989365,92105,0
96589,396,92020,zip,CA,CA,El Cajon,"San Diego-Chula Vista-Carlsbad, CA",San Diego County,2020-01-31,1519.7049761223377,92020,0
96657,414,92115,zip,CA,CA,San Diego,"San Diego-Chula Vista-Carlsbad, CA",San Diego County,2020-01-31,1782.6590307132922,92115,0
96625,475,92071,zip,CA,CA,Santee,"San Diego-Chula Vista-Carlsbad, CA",San Diego County,2020-01-31,1998.334201035589,92071,0
96596,494,92027,zip,CA,CA,Escondido,"San Diego-Chula Vista-Carlsbad, CA",San Diego County,2020-01-31,1552.278073433481,92027,0
96671,599,92130,zip,CA,CA,San Diego,"San Diego-Chula Vista-Carlsbad, CA",San Diego County,2020-01-31,2941.6286615660647,92130,0
96670,651,92129,zip,CA,CA,San Diego,"San Diego-Chula Vista-Carlsbad, CA",San Diego County,2020-01-31,2566.397151281184,92129,0
96612,655,92056,zip,CA,CA,Oceanside,"San Diego-Chula Vista-Carlsbad, CA",San Diego County,2020-01-31,1947.8762200081303,92056,0
96613,662,92057,zip,CA,CA,Oceanside,"San Diego-Chula Vista-Carlsbad, CA",San Diego County,2020-01-31,2099.8476260736866,92057,0
96548,676,91913,zip,CA,CA,Chula Vista,"San Diego-Chula Vista-Carlsbad, CA",San Diego County,2020-01-31,2174.843299206911,91913,0
96659,787,92117,zip,CA,CA,San Diego,"San Diego-Chula Vista-Carlsbad, CA",San Diego County,2020-01-31,1881.9673273155863,92117,0
96593,834,92024,zip,CA,CA,Encinitas,"San Diego-Chula Vista-Carlsbad, CA",San Diego County,2020-01-31,2633.2763592830324,92024,0
96653,960,92111,zip,CA,CA,San Diego,"San Diego-Chula Vista-Carlsbad, CA",San Diego County,2020-01-31,1961.2780484341731,92111,0
96629,996,92078,zip,CA,CA,San Marcos,"San Diego-Chula Vista-Carlsbad, CA",San Diego County,2020-01-31,2216.666016375691,92078,0
96669,1063,92128,zip,CA,CA,San Diego,"San Diego-Chula Vista-Carlsbad, CA",San Diego County,2020-01-31,2118.921731496619,92128,0
96582,1105,92009,zip,CA,CA,Carlsbad,"San Diego-Chula Vista-Carlsbad, CA",San Diego County,2020-01-31,2322.780399907744,92009,0
96646,1143,92104,zip,CA,CA,San Diego,"San Diego-Chula Vista-Carlsbad, CA",San Diego County,2020-01-31,1833.6379222345636,92104,0
96664,1151,92122,zip,CA,CA,San Diego,"San Diego-Chula Vista-Carlsbad, CA",San Diego County,2020-01-31,2292.038346754613,92122,1
96623,1220,92069,zip,CA,CA,San Marcos,"San Diego-Chula Vista-Carlsbad, CA",San Diego County,2020-01-31,2005.2549572169607,92069,0
96651,1290,92109,zip,CA,CA,San Diego,"San Diego-Chula Vista-Carlsbad, CA",San Diego County,2020-01-31,2207.9068026365176,92109,0
96643,1522,92101,zip,CA,CA,San Diego,"San Diego-Chula Vista-Carlsbad, CA",San Diego County,2020-01-31,2276.099404667584,92101,0
96644,1622,92102,zip,CA,CA,San Diego,"San Diego-Chula Vista-Carlsbad, CA",San Diego County,2020-01-31,1691.1554132557967,92102,0
96560,1738,91942,zip,CA,CA,La Mesa,"San Diego-Chula Vista-Carlsbad, CA",San Diego County,2020-01-31,1811.7922318665208,91942,0
96610,2205,92054,zip,CA,CA,Oceanside,"San Diego-Chula Vista-Carlsbad, CA",San Diego County,2020-01-31,1997.3785988106772,92054,0
96602,2270,92037,zip,CA,CA,San Diego,"San Diego-Chula Vista-Carlsbad, CA",San Diego County,2020-01-31,2912.120525937947,92037,1
96672,2406,92131,zip,CA,CA,San Diego,"San Diego-Chula Vista-Carlsbad, CA",San Diego County,2020-01-31,2443.340558906867,92131,0
96645,2966,92103,zip,CA,CA,San Diego,"San Diego-Chula Vista-Carlsbad, CA",San Diego County,2020-01-31,1972.6570806173056,92103,0
96652,3560,92110,zip,CA,CA,San Diego,"San Diego-Chula Vista-Carlsbad, CA",San Diego County,2020-01-31,2045.0051130525965,92110,0
96649,3605,92107,zip,CA,CA,San Diego,"San Diego-Chula Vista-Carlsbad, CA",San Diego County,2020-01-31,2015.8975328299184,92107,0
96658,3607,92116,zip,CA,CA,San Diego,"San Diego-Chula Vista-Carlsbad, CA",San Diego County,2020-01-31,1765.7455933157485,92116,0
96581,3914,92008,zip,CA,CA,Carlsbad,"San Diego-Chula Vista-Carlsbad, CA",San Diego County,2020-01-31,2047.8971958391955,92008,0
96555,4492,91932,zip,CA,CA,Imperial Beach,"San Diego-Chula Vista-Carlsbad, CA",San Diego County,2020-01-31,1963.723531924924,91932,0
96584,5214,92011,zip,CA,CA,Carlsbad,"San Diego-Chula Vista-Carlsbad, CA",San Diego County,2020-01-31,2667.381013595125,92011,0
96650,5900,92108,zip,CA,CA,San Diego,"San Diego-Chula Vista-Carlsbad, CA",San Diego County,2020-01-31,2203.288696497096,92108,0
96660,7608,92118,zip,CA,CA,Coronado,"San Diego-Chula Vista-Carlsbad, CA",San Diego County,2020-01-31,3398.2560288326654,92118,0
96546,52,91911,zip,CA,CA,Chula Vista,"San Diego-Chula Vista-Carlsbad, CA",San Diego County,2020-02-29,1859.4870425948727,91911,0
96690,61,92154,zip,CA,CA,San Diego,"San Diego-Chula Vista-Carlsbad, CA",San Diego County,2020-02-29,2042.0286260107764,92154,0
96545,153,91910,zip,CA,CA,Chula Vista,"San Diego-Chula Vista-Carlsbad, CA",San Diego County,2020-02-29,1782.6755436408498,91910,0
96667,166,92126,zip,CA,CA,San Diego,"San Diego-Chula Vista-Carlsbad, CA",San Diego County,2020-02-29,2108.4257809299297,92126,1
96647,207,92105,zip,CA,CA,San Diego,"San Diego-Chula Vista-Carlsbad, CA",San Diego County,2020-02-29,1508.5563037886675,92105,0
96589,396,92020,zip,CA,CA,El Cajon,"San Diego-Chula Vista-Carlsbad, CA",San Diego County,2020-02-29,1512.2514365041636,92020,0
96657,414,92115,zip,CA,CA,San Diego,"San Diego-Chula Vista-Carlsbad, CA",San Diego County,2020-02-29,1774.0568244269757,92115,0
96625,475,92071,zip,CA,CA,Santee,"San Diego-Chula Vista-Carlsbad, CA",San Diego County,2020-02-29,2014.349407809796,92071,0
96596,494,92027,zip,CA,CA,Escondido,"San Diego-Chula Vista-Carlsbad, CA",San Diego County,2020-02-29,1521.4478693671497,92027,0
96671,599,92130,zip,CA,CA,San Diego,"San Diego-Chula Vista-Carlsbad, CA",San Diego County,2020-02-29,2970.1550134774616,92130,0
96670,651,92129,zip,CA,CA,San Diego,"San Diego-Chula Vista-Carlsbad, CA",San Diego County,2020-02-29,2558.5748332801427,92129,0
96612,655,92056,zip,CA,CA,Oceanside,"San Diego-Chula Vista-Carlsbad, CA",San Diego County,2020-02-29,1942.6424454177225,92056,0
96613,662,92057,zip,CA,CA,Oceanside,"San Diego-Chula Vista-Carlsbad, CA",San Diego County,2020-02-29,2097.248623347062,92057,0
96548,676,91913,zip,CA,CA,Chula Vista,"San Diego-Chula Vista-Carlsbad, CA",San Diego County,2020-02-29,2213.3781162342675,91913,0
96659,787,92117,zip,CA,CA,San Diego,"San Diego-Chula Vista-Carlsbad, CA",San Diego County,2020-02-29,1896.6369022884337,92117,0
96593,834,92024,zip,CA,CA,Encinitas,"San Diego-Chula Vista-Carlsbad, CA",San Diego County,2020-02-29,2614.9813782142005,92024,0
96653,960,92111,zip,CA,CA,San Diego,"San Diego-Chula Vista-Carlsbad, CA",San Diego County,2020-02-29,1959.4957682979684,92111,0
96668,995,92127,zip,CA,CA,San Diego,"San Diego-Chula Vista-Carlsbad, CA",San Diego County,2020-02-29,2614.9386717080547,92127,0
96629,996,92078,zip,CA,CA,San Marcos,"San Diego-Chula Vista-Carlsbad, CA",San Diego County,2020-02-29,2237.423820366723,92078,0
96669,1063,92128,zip,CA,CA,San Diego,"San Diego-Chula Vista-Carlsbad, CA",San Diego County,2020-02-29,2132.8293015379245,92128,0
96582,1105,92009,zip,CA,CA,Carlsbad,"San Diego-Chula Vista-Carlsbad, CA",San Diego County,2020-02-29,2376.220984488268,92009,0
96646,1143,92104,zip,CA,CA,San Diego,"San Diego-Chula Vista-Carlsbad, CA",San Diego County,2020-02-29,1842.448063182074,92104,0
96664,1151,92122,zip,CA,CA,San Diego,"San Diego-Chula Vista-Carlsbad, CA",San Diego County,2020-02-29,2283.65003937788,92122,1
96623,1220,92069,zip,CA,CA,San Marcos,"San Diego-Chula Vista-Carlsbad, CA",San Diego County,2020-02-29,2036.1775663273213,92069,0
96651,1290,92109,zip,CA,CA,San Diego,"San Diego-Chula Vista-Carlsbad, CA",San Diego County,2020-02-29,2204.1661457881,92109,0
96643,1522,92101,zip,CA,CA,San Diego,"San Diego-Chula Vista-Carlsbad, CA",San Diego County,2020-02-29,2284.308388357727,92101,0
96644,1622,92102,zip,CA,CA,San Diego,"San Diego-Chula Vista-Carlsbad, CA",San Diego County,2020-02-29,1682.654786278389,92102,0
96560,1738,91942,zip,CA,CA,La Mesa,"San Diego-Chula Vista-Carlsbad, CA",San Diego County,2020-02-29,1826.658870928756,91942,0
96610,2205,92054,zip,CA,CA,Oceanside,"San Diego-Chula Vista-Carlsbad, CA",San Diego County,2020-02-29,1999.6813890174587,92054,0
96602,2270,92037,zip,CA,CA,San Diego,"San Diego-Chula Vista-Carlsbad, CA",San Diego County,2020-02-29,2870.378398952957,92037,1
96672,2406,92131,zip,CA,CA,San Diego,"San Diego-Chula Vista-Carlsbad, CA",San Diego County,2020-02-29,2443.243020768673,92131,0
96645,2966,92103,zip,CA,CA,San Diego,"San Diego-Chula Vista-Carlsbad, CA",San Diego County,2020-02-29,1986.8484586026912,92103,0
96652,3560,92110,zip,CA,CA,San Diego,"San Diego-Chula Vista-Carlsbad, CA",San Diego County,2020-02-29,2071.727090499381,92110,0
96649,3605,92107,zip,CA,CA,San Diego,"San Diego-Chula Vista-Carlsbad, CA",San Diego County,2020-02-29,2022.7462488399676,92107,0
96658,3607,92116,zip,CA,CA,San Diego,"San Diego-Chula Vista-Carlsbad, CA",San Diego County,2020-02-29,1802.800136922304,92116,0
96581,3914,92008,zip,CA,CA,Carlsbad,"San Diego-Chula Vista-Carlsbad, CA",San Diego County,2020-02-29,2051.845581478085,92008,0
96555,4492,91932,zip,CA,CA,Imperial Beach,"San Diego-Chula Vista-Carlsbad, CA",San Diego County,2020-02-29,1996.2237373350663,91932,0
96584,5214,92011,zip,CA,CA,Carlsbad,"San Diego-Chula Vista-Carlsbad, CA",San Diego County,2020-02-29,2657.6533615450453,92011,0
96650,5900,92108,zip,CA,CA,San Diego,"San Diego-Chula Vista-Carlsbad, CA",San Diego County,2020-02-29,2203.5710895352595,92108,0
96660,7608,92118,zip,CA,CA,Coronado,"San Diego-Chula Vista-Carlsbad, CA",San Diego County,2020-02-29,3332.430945170868,92118,0
96546,52,91911,zip,CA,CA,Chula Vista,"San Diego-Chula Vista-Carlsbad, CA",San Diego County,2020-03-31,1857.8737996604543,91911,0
96690,61,92154,zip,CA,CA,San Diego,"San Diego-Chula Vista-Carlsbad, CA",San Diego County,2020-03-31,2055.497303156815,92154,0
96545,153,91910,zip,CA,CA,Chula Vista,"San Diego-Chula Vista-Carlsbad, CA",San Diego County,2020-03-31,1784.84826183974,91910,0
96667,166,92126,zip,CA,CA,San Diego,"San Diego-Chula Vista-Carlsbad, CA",San Diego County,2020-03-31,2103.395540034817,92126,1
96647,207,92105,zip,CA,CA,San Diego,"San Diego-Chula Vista-Carlsbad, CA",San Diego County,2020-03-31,1514.061660867389,92105,0
96589,396,92020,zip,CA,CA,El Cajon,"San Diego-Chula Vista-Carlsbad, CA",San Diego County,2020-03-31,1512.9310299406466,92020,0
96657,414,92115,zip,CA,CA,San Diego,"San Diego-Chula Vista-Carlsbad, CA",San Diego County,2020-03-31,1769.7823405714878,92115,0
96625,475,92071,zip,CA,CA,Santee,"San Diego-Chula Vista-Carlsbad, CA",San Diego County,2020-03-31,2034.106654804897,92071,0
96596,494,92027,zip,CA,CA,Escondido,"San Diego-Chula Vista-Carlsbad, CA",San Diego County,2020-03-31,1513.980894663183,92027,0
96671,599,92130,zip,CA,CA,San Diego,"San Diego-Chula Vista-Carlsbad, CA",San Diego County,2020-03-31,2993.9216932838967,92130,0
96670,651,92129,zip,CA,CA,San Diego,"San Diego-Chula Vista-Carlsbad, CA",San Diego County,2020-03-31,2557.236595310406,92129,0
96612,655,92056,zip,CA,CA,Oceanside,"San Diego-Chula Vista-Carlsbad, CA",San Diego County,2020-03-31,1924.8666912294516,92056,0
96613,662,92057,zip,CA,CA,Oceanside,"San Diego-Chula Vista-Carlsbad, CA",San Diego County,2020-03-31,2098.6757190059384,92057,0
96548,676,91913,zip,CA,CA,Chula Vista,"San Diego-Chula Vista-Carlsbad, CA",San Diego County,2020-03-31,2230.875703900462,91913,0
96659,787,92117,zip,CA,CA,San Diego,"San Diego-Chula Vista-Carlsbad, CA",San Diego County,2020-03-31,1939.723549518612,92117,0
96593,834,92024,zip,CA,CA,Encinitas,"San Diego-Chula Vista-Carlsbad, CA",San Diego County,2020-03-31,2572.148272539806,92024,0
96653,960,92111,zip,CA,CA,San Diego,"San Diego-Chula Vista-Carlsbad, CA",San Diego County,2020-03-31,1968.9662059377172,92111,0
96668,995,92127,zip,CA,CA,San Diego,"San Diego-Chula Vista-Carlsbad, CA",San Diego County,2020-03-31,2682.6220892049173,92127,0
96629,996,92078,zip,CA,CA,San Marcos,"San Diego-Chula Vista-Carlsbad, CA",San Diego County,2020-03-31,2259.494713343909,92078,0
96669,1063,92128,zip,CA,CA,San Diego,"San Diego-Chula Vista-Carlsbad, CA",San Diego County,2020-03-31,2139.0312084221687,92128,0
96582,1105,92009,zip,CA,CA,Carlsbad,"San Diego-Chula Vista-Carlsbad, CA",San Diego County,2020-03-31,2415.65383698642,92009,0
96646,1143,92104,zip,CA,CA,San Diego,"San Diego-Chula Vista-Carlsbad, CA",San Diego County,2020-03-31,1850.8669216350704,92104,0
96664,1151,92122,zip,CA,CA,San Diego,"San Diego-Chula Vista-Carlsbad, CA",San Diego County,2020-03-31,2255.6472220863743,92122,1
96623,1220,92069,zip,CA,CA,San Marcos,"San Diego-Chula Vista-Carlsbad, CA",San Diego County,2020-03-31,2049.5306700238148,92069,0
96651,1290,92109,zip,CA,CA,San Diego,"San Diego-Chula Vista-Carlsbad, CA",San Diego County,2020-03-31,2155.2619291004435,92109,0
96643,1522,92101,zip,CA,CA,San Diego,"San Diego-Chula Vista-Carlsbad, CA",San Diego County,2020-03-31,2301.673502605472,92101,0
96644,1622,92102,zip,CA,CA,San Diego,"San Diego-Chula Vista-Carlsbad, CA",San Diego County,2020-03-31,1679.533981341371,92102,0
96560,1738,91942,zip,CA,CA,La Mesa,"San Diego-Chula Vista-Carlsbad, CA",San Diego County,2020-03-31,1838.8636881127293,91942,0
96610,2205,92054,zip,CA,CA,Oceanside,"San Diego-Chula Vista-Carlsbad, CA",San Diego County,2020-03-31,1998.2394593965137,92054,0
96602,2270,92037,zip,CA,CA,San Diego,"San Diego-Chula Vista-Carlsbad, CA",San Diego County,2020-03-31,2881.9839545206705,92037,1
96672,2406,92131,zip,CA,CA,San Diego,"San Diego-Chula Vista-Carlsbad, CA",San Diego County,2020-03-31,2463.199646735387,92131,0
96645,2966,92103,zip,CA,CA,San Diego,"San Diego-Chula Vista-Carlsbad, CA",San Diego County,2020-03-31,1969.4651710190867,92103,0
96652,3560,92110,zip,CA,CA,San Diego,"San Diego-Chula Vista-Carlsbad, CA",San Diego County,2020-03-31,2058.5485963152646,92110,0
96649,3605,92107,zip,CA,CA,San Diego,"San Diego-Chula Vista-Carlsbad, CA",San Diego County,2020-03-31,1991.296557260561,92107,0
96658,3607,92116,zip,CA,CA,San Diego,"San Diego-Chula Vista-Carlsbad, CA",San Diego County,2020-03-31,1800.3565247785273,92116,0
96581,3914,92008,zip,CA,CA,Carlsbad,"San Diego-Chula Vista-Carlsbad, CA",San Diego County,2020-03-31,2071.635749748962,92008,0
96555,4492,91932,zip,CA,CA,Imperial Beach,"San Diego-Chula Vista-Carlsbad, CA",San Diego County,2020-03-31,2011.0400070155372,91932,0
96584,5214,92011,zip,CA,CA,Carlsbad,"San Diego-Chula Vista-Carlsbad, CA",San Diego County,2020-03-31,2673.39368060214,92011,0
96650,5900,92108,zip,CA,CA,San Diego,"San Diego-Chula Vista-Carlsbad, CA",San Diego County,2020-03-31,2186.909410059312,92108,0
96660,7608,92118,zip,CA,CA,Coronado,"San Diego-Chula Vista-Carlsbad, CA",San Diego County,2020-03-31,3429.6795916070687,92118,0
96546,52,91911,zip,CA,CA,Chula Vista,"San Diego-Chula Vista-Carlsbad, CA",San Diego County,2020-04-30,1860.20616401193,91911,0
96690,61,92154,zip,CA,CA,San Diego,"San Diego-Chula Vista-Carlsbad, CA",San Diego County,2020-04-30,2015.8512874267155,92154,0
96545,153,91910,zip,CA,CA,Chula Vista,"San Diego-Chula Vista-Carlsbad, CA",San Diego County,2020-04-30,1782.901993709617,91910,0
96667,166,92126,zip,CA,CA,San Diego,"San Diego-Chula Vista-Carlsbad, CA",San Diego County,2020-04-30,2100.7922680599404,92126,1
96647,207,92105,zip,CA,CA,San Diego,"San Diego-Chula Vista-Carlsbad, CA",San Diego County,2020-04-30,1521.273477748607,92105,0
96589,396,92020,zip,CA,CA,El Cajon,"San Diego-Chula Vista-Carlsbad, CA",San Diego County,2020-04-30,1539.1431528005344,92020,0
96657,414,92115,zip,CA,CA,San Diego,"San Diego-Chula Vista-Carlsbad, CA",San Diego County,2020-04-30,1760.002699925374,92115,0
96625,475,92071,zip,CA,CA,Santee,"San Diego-Chula Vista-Carlsbad, CA",San Diego County,2020-04-30,2054.592556175473,92071,0
96596,494,92027,zip,CA,CA,Escondido,"San Diego-Chula Vista-Carlsbad, CA",San Diego County,2020-04-30,1519.632475715214,92027,0
96671,599,92130,zip,CA,CA,San Diego,"San Diego-Chula Vista-Carlsbad, CA",San Diego County,2020-04-30,2936.8921672367032,92130,0
96670,651,92129,zip,CA,CA,San Diego,"San Diego-Chula Vista-Carlsbad, CA",San Diego County,2020-04-30,2550.1058896958425,92129,0
96612,655,92056,zip,CA,CA,Oceanside,"San Diego-Chula Vista-Carlsbad, CA",San Diego County,2020-04-30,1866.573792895991,92056,0
96613,662,92057,zip,CA,CA,Oceanside,"San Diego-Chula Vista-Carlsbad, CA",San Diego County,2020-04-30,2105.9828057224054,92057,0
96548,676,91913,zip,CA,CA,Chula Vista,"San Diego-Chula Vista-Carlsbad, CA",San Diego County,2020-04-30,2255.262351059,91913,0
96659,787,92117,zip,CA,CA,San Diego,"San Diego-Chula Vista-Carlsbad, CA",San Diego County,2020-04-30,1927.031122462481,92117,0
96593,834,92024,zip,CA,CA,Encinitas,"San Diego-Chula Vista-Carlsbad, CA",San Diego County,2020-04-30,2600.566317863833,92024,0
96653,960,92111,zip,CA,CA,San Diego,"San Diego-Chula Vista-Carlsbad, CA",San Diego County,2020-04-30,1938.7028216422632,92111,0
96629,996,92078,zip,CA,CA,San Marcos,"San Diego-Chula Vista-Carlsbad, CA",San Diego County,2020-04-30,2252.085705298852,92078,0
96669,1063,92128,zip,CA,CA,San Diego,"San Diego-Chula Vista-Carlsbad, CA",San Diego County,2020-04-30,2131.6196090465955,92128,0
96582,1105,92009,zip,CA,CA,Carlsbad,"San Diego-Chula Vista-Carlsbad, CA",San Diego County,2020-04-30,2403.78577058215,92009,0
96646,1143,92104,zip,CA,CA,San Diego,"San Diego-Chula Vista-Carlsbad, CA",San Diego County,2020-04-30,1838.3123859780808,92104,0
96664,1151,92122,zip,CA,CA,San Diego,"San Diego-Chula Vista-Carlsbad, CA",San Diego County,2020-04-30,2243.0999060540066,92122,1
96623,1220,92069,zip,CA,CA,San Marcos,"San Diego-Chula Vista-Carlsbad, CA",San Diego County,2020-04-30,2032.62000807996,92069,0
96651,1290,92109,zip,CA,CA,San Diego,"San Diego-Chula Vista-Carlsbad, CA",San Diego County,2020-04-30,2151.4261640441214,92109,0
96643,1522,92101,zip,CA,CA,San Diego,"San Diego-Chula Vista-Carlsbad, CA",San Diego County,2020-04-30,2298.978169977811,92101,0
96644,1622,92102,zip,CA,CA,San Diego,"San Diego-Chula Vista-Carlsbad, CA",San Diego County,2020-04-30,1675.914487258401,92102,0
96560,1738,91942,zip,CA,CA,La Mesa,"San Diego-Chula Vista-Carlsbad, CA",San Diego County,2020-04-30,1844.6840381051195,91942,0
96610,2205,92054,zip,CA,CA,Oceanside,"San Diego-Chula Vista-Carlsbad, CA",San Diego County,2020-04-30,2007.006354181164,92054,0
96602,2270,92037,zip,CA,CA,San Diego,"San Diego-Chula Vista-Carlsbad, CA",San Diego County,2020-04-30,2855.923211063829,92037,1
96672,2406,92131,zip,CA,CA,San Diego,"San Diego-Chula Vista-Carlsbad, CA",San Diego County,2020-04-30,2476.4641771784827,92131,0
96645,2966,92103,zip,CA,CA,San Diego,"San Diego-Chula Vista-Carlsbad, CA",San Diego County,2020-04-30,1981.1272539137292,92103,0
96652,3560,92110,zip,CA,CA,San Diego,"San Diego-Chula Vista-Carlsbad, CA",San Diego County,2020-04-30,2063.6358515702705,92110,0
96649,3605,92107,zip,CA,CA,San Diego,"San Diego-Chula Vista-Carlsbad, CA",San Diego County,2020-04-30,1972.3405284769465,92107,0
96658,3607,92116,zip,CA,CA,San Diego,"San Diego-Chula Vista-Carlsbad, CA",San Diego County,2020-04-30,1779.6915764893647,92116,0
96581,3914,92008,zip,CA,CA,Carlsbad,"San Diego-Chula Vista-Carlsbad, CA",San Diego County,2020-04-30,2058.6404552238264,92008,0
96555,4492,91932,zip,CA,CA,Imperial Beach,"San Diego-Chula Vista-Carlsbad, CA",San Diego County,2020-04-30,1997.0854561746864,91932,0
96584,5214,92011,zip,CA,CA,Carlsbad,"San Diego-Chula Vista-Carlsbad, CA",San Diego County,2020-04-30,2691.6035124409327,92011,0
96650,5900,92108,zip,CA,CA,San Diego,"San Diego-Chula Vista-Carlsbad, CA",San Diego County,2020-04-30,2192.202244289998,92108,0
96660,7608,92118,zip,CA,CA,Coronado,"San Diego-Chula Vista-Carlsbad, CA",San Diego County,2020-04-30,3447.2585099873163,92118,0
96546,52,91911,zip,CA,CA,Chula Vista,"San Diego-Chula Vista-Carlsbad, CA",San Diego County,2020-05-31,1857.338790106975,91911,0
96690,61,92154,zip,CA,CA,San Diego,"San Diego-Chula Vista-Carlsbad, CA",San Diego County,2020-05-31,1991.594429815584,92154,0
96545,153,91910,zip,CA,CA,Chula Vista,"San Diego-Chula Vista-Carlsbad, CA",San Diego County,2020-05-31,1774.5312146614206,91910,0
96667,166,92126,zip,CA,CA,San Diego,"San Diego-Chula Vista-Carlsbad, CA",San Diego County,2020-05-31,2105.632079674625,92126,1
96647,207,92105,zip,CA,CA,San Diego,"San Diego-Chula Vista-Carlsbad, CA",San Diego County,2020-05-31,1546.0557902096882,92105,0
96589,396,92020,zip,CA,CA,El Cajon,"San Diego-Chula Vista-Carlsbad, CA",San Diego County,2020-05-31,1536.8634751282095,92020,0
96657,414,92115,zip,CA,CA,San Diego,"San Diego-Chula Vista-Carlsbad, CA",San Diego County,2020-05-31,1755.7545816857596,92115,0
96625,475,92071,zip,CA,CA,Santee,"San Diego-Chula Vista-Carlsbad, CA",San Diego County,2020-05-31,2044.6158421825608,92071,0
96596,494,92027,zip,CA,CA,Escondido,"San Diego-Chula Vista-Carlsbad, CA",San Diego County,2020-05-31,1546.4681040887203,92027,0
96671,599,92130,zip,CA,CA,San Diego,"San Diego-Chula Vista-Carlsbad, CA",San Diego County,2020-05-31,2903.078280536764,92130,0
96670,651,92129,zip,CA,CA,San Diego,"San Diego-Chula Vista-Carlsbad, CA",San Diego County,2020-05-31,2542.106319271602,92129,0
96612,655,92056,zip,CA,CA,Oceanside,"San Diego-Chula Vista-Carlsbad, CA",San Diego County,2020-05-31,1850.3206207076205,92056,0
96613,662,92057,zip,CA,CA,Oceanside,"San Diego-Chula Vista-Carlsbad, CA",San Diego County,2020-05-31,2102.834027591929,92057,0
96548,676,91913,zip,CA,CA,Chula Vista,"San Diego-Chula Vista-Carlsbad, CA",San Diego County,2020-05-31,2247.1296769591368,91913,0
96659,787,92117,zip,CA,CA,San Diego,"San Diego-Chula Vista-Carlsbad, CA",San Diego County,2020-05-31,1934.2655328242183,92117,0
96593,834,92024,zip,CA,CA,Encinitas,"San Diego-Chula Vista-Carlsbad, CA",San Diego County,2020-05-31,2584.831803807451,92024,0
96653,960,92111,zip,CA,CA,San Diego,"San Diego-Chula Vista-Carlsbad, CA",San Diego County,2020-05-31,1950.647492928176,92111,0
96668,995,92127,zip,CA,CA,San Diego,"San Diego-Chula Vista-Carlsbad, CA",San Diego County,2020-05-31,2487.3234008000386,92127,0
96629,996,92078,zip,CA,CA,San Marcos,"San Diego-Chula Vista-Carlsbad, CA",San Diego County,2020-05-31,2245.387009280133,92078,0
96669,1063,92128,zip,CA,CA,San Diego,"San Diego-Chula Vista-Carlsbad, CA",San Diego County,2020-05-31,2133.315971282884,92128,0
96582,1105,92009,zip,CA,CA,Carlsbad,"San Diego-Chula Vista-Carlsbad, CA",San Diego County,2020-05-31,2383.117213107104,92009,0
96646,1143,92104,zip,CA,CA,San Diego,"San Diego-Chula Vista-Carlsbad, CA",San Diego County,2020-05-31,1826.21711907739,92104,0
96664,1151,92122,zip,CA,CA,San Diego,"San Diego-Chula Vista-Carlsbad, CA",San Diego County,2020-05-31,2221.4308591293434,92122,1
96623,1220,92069,zip,CA,CA,San Marcos,"San Diego-Chula Vista-Carlsbad, CA",San Diego County,2020-05-31,2023.0098157717048,92069,0
96651,1290,92109,zip,CA,CA,San Diego,"San Diego-Chula Vista-Carlsbad, CA",San Diego County,2020-05-31,2148.707791956456,92109,0
96643,1522,92101,zip,CA,CA,San Diego,"San Diego-Chula Vista-Carlsbad, CA",San Diego County,2020-05-31,2285.2842669922284,92101,0
96644,1622,92102,zip,CA,CA,San Diego,"San Diego-Chula Vista-Carlsbad, CA",San Diego County,2020-05-31,1694.7595622170245,92102,0
96560,1738,91942,zip,CA,CA,La Mesa,"San Diego-Chula Vista-Carlsbad, CA",San Diego County,2020-05-31,1831.53270878962,91942,0
96610,2205,92054,zip,CA,CA,Oceanside,"San Diego-Chula Vista-Carlsbad, CA",San Diego County,2020-05-31,2008.7588425483636,92054,0
96602,2270,92037,zip,CA,CA,San Diego,"San Diego-Chula Vista-Carlsbad, CA",San Diego County,2020-05-31,2860.349464472052,92037,1
96672,2406,92131,zip,CA,CA,San Diego,"San Diego-Chula Vista-Carlsbad, CA",San Diego County,2020-05-31,2476.2008714430576,92131,0
96645,2966,92103,zip,CA,CA,San Diego,"San Diego-Chula Vista-Carlsbad, CA",San Diego County,2020-05-31,1982.520547107772,92103,0
96652,3560,92110,zip,CA,CA,San Diego,"San Diego-Chula Vista-Carlsbad, CA",San Diego County,2020-05-31,2057.6258859096583,92110,0
96649,3605,92107,zip,CA,CA,San Diego,"San Diego-Chula Vista-Carlsbad, CA",San Diego County,2020-05-31,1949.5715695205647,92107,0
96658,3607,92116,zip,CA,CA,San Diego,"San Diego-Chula Vista-Carlsbad, CA",San Diego County,2020-05-31,1760.819393149196,92116,0
96581,3914,92008,zip,CA,CA,Carlsbad,"San Diego-Chula Vista-Carlsbad, CA",San Diego County,2020-05-31,2050.3955319609104,92008,0
96555,4492,91932,zip,CA,CA,Imperial Beach,"San Diego-Chula Vista-Carlsbad, CA",San Diego County,2020-05-31,2013.0592733858289,91932,0
96584,5214,92011,zip,CA,CA,Carlsbad,"San Diego-Chula Vista-Carlsbad, CA",San Diego County,2020-05-31,2688.0572509644344,92011,0
96650,5900,92108,zip,CA,CA,San Diego,"San Diego-Chula Vista-Carlsbad, CA",San Diego County,2020-05-31,2169.647810229894,92108,0
96660,7608,92118,zip,CA,CA,Coronado,"San Diego-Chula Vista-Carlsbad, CA",San Diego County,2020-05-31,3458.818655848856,92118,0
96546,52,91911,zip,CA,CA,Chula Vista,"San Diego-Chula Vista-Carlsbad, CA",San Diego County,2020-06-30,1877.8403512025195,91911,0
96690,61,92154,zip,CA,CA,San Diego,"San Diego-Chula Vista-Carlsbad, CA",San Diego County,2020-06-30,1998.592646625738,92154,0
96545,153,91910,zip,CA,CA,Chula Vista,"San Diego-Chula Vista-Carlsbad, CA",San Diego County,2020-06-30,1792.885212217947,91910,0
96667,166,92126,zip,CA,CA,San Diego,"San Diego-Chula Vista-Carlsbad, CA",San Diego County,2020-06-30,2112.818744668973,92126,1
96647,207,92105,zip,CA,CA,San Diego,"San Diego-Chula Vista-Carlsbad, CA",San Diego County,2020-06-30,1561.0430854128151,92105,0
96589,396,92020,zip,CA,CA,El Cajon,"San Diego-Chula Vista-Carlsbad, CA",San Diego County,2020-06-30,1546.4422374729809,92020,0
96657,414,92115,zip,CA,CA,San Diego,"San Diego-Chula Vista-Carlsbad, CA",San Diego County,2020-06-30,1758.1571656165218,92115,0
96625,475,92071,zip,CA,CA,Santee,"San Diego-Chula Vista-Carlsbad, CA",San Diego County,2020-06-30,2044.258114065523,92071,0
96596,494,92027,zip,CA,CA,Escondido,"San Diego-Chula Vista-Carlsbad, CA",San Diego County,2020-06-30,1542.5023601308037,92027,0
96671,599,92130,zip,CA,CA,San Diego,"San Diego-Chula Vista-Carlsbad, CA",San Diego County,2020-06-30,2886.83474827856,92130,0
96670,651,92129,zip,CA,CA,San Diego,"San Diego-Chula Vista-Carlsbad, CA",San Diego County,2020-06-30,2545.5360773532902,92129,0
96612,655,92056,zip,CA,CA,Oceanside,"San Diego-Chula Vista-Carlsbad, CA",San Diego County,2020-06-30,1859.788331283727,92056,0
96613,662,92057,zip,CA,CA,Oceanside,"San Diego-Chula Vista-Carlsbad, CA",San Diego County,2020-06-30,2107.9185454212093,92057,0
96548,676,91913,zip,CA,CA,Chula Vista,"San Diego-Chula Vista-Carlsbad, CA",San Diego County,2020-06-30,2238.2260412706228,91913,0
96659,787,92117,zip,CA,CA,San Diego,"San Diego-Chula Vista-Carlsbad, CA",San Diego County,2020-06-30,1917.5938408226448,92117,0
96593,834,92024,zip,CA,CA,Encinitas,"San Diego-Chula Vista-Carlsbad, CA",San Diego County,2020-06-30,2605.920770549957,92024,0
96653,960,92111,zip,CA,CA,San Diego,"San Diego-Chula Vista-Carlsbad, CA",San Diego County,2020-06-30,1951.133230781603,92111,0
96668,995,92127,zip,CA,CA,San Diego,"San Diego-Chula Vista-Carlsbad, CA",San Diego County,2020-06-30,2468.022331940275,92127,0
96629,996,92078,zip,CA,CA,San Marcos,"San Diego-Chula Vista-Carlsbad, CA",San Diego County,2020-06-30,2244.788638051304,92078,0
96669,1063,92128,zip,CA,CA,San Diego,"San Diego-Chula Vista-Carlsbad, CA",San Diego County,2020-06-30,2128.858248527172,92128,0
96582,1105,92009,zip,CA,CA,Carlsbad,"San Diego-Chula Vista-Carlsbad, CA",San Diego County,2020-06-30,2398.930258530803,92009,0
96646,1143,92104,zip,CA,CA,San Diego,"San Diego-Chula Vista-Carlsbad, CA",San Diego County,2020-06-30,1833.4113863350412,92104,0
96664,1151,92122,zip,CA,CA,San Diego,"San Diego-Chula Vista-Carlsbad, CA",San Diego County,2020-06-30,2205.829037243185,92122,1
96623,1220,92069,zip,CA,CA,San Marcos,"San Diego-Chula Vista-Carlsbad, CA",San Diego County,2020-06-30,2005.7874152178183,92069,0
96651,1290,92109,zip,CA,CA,San Diego,"San Diego-Chula Vista-Carlsbad, CA",San Diego County,2020-06-30,2165.6284600742665,92109,0
96643,1522,92101,zip,CA,CA,San Diego,"San Diego-Chula Vista-Carlsbad, CA",San Diego County,2020-06-30,2259.6588993687737,92101,0
96644,1622,92102,zip,CA,CA,San Diego,"San Diego-Chula Vista-Carlsbad, CA",San Diego County,2020-06-30,1718.0289881852375,92102,0
96560,1738,91942,zip,CA,CA,La Mesa,"San Diego-Chula Vista-Carlsbad, CA",San Diego County,2020-06-30,1848.7925845890436,91942,0
96610,2205,92054,zip,CA,CA,Oceanside,"San Diego-Chula Vista-Carlsbad, CA",San Diego County,2020-06-30,2029.7755689512453,92054,0
96602,2270,92037,zip,CA,CA,San Diego,"San Diego-Chula Vista-Carlsbad, CA",San Diego County,2020-06-30,2862.341374505159,92037,1
96672,2406,92131,zip,CA,CA,San Diego,"San Diego-Chula Vista-Carlsbad, CA",San Diego County,2020-06-30,2464.2738818571006,92131,0
96645,2966,92103,zip,CA,CA,San Diego,"San Diego-Chula Vista-Carlsbad, CA",San Diego County,2020-06-30,1999.4866860611028,92103,0
96652,3560,92110,zip,CA,CA,San Diego,"San Diego-Chula Vista-Carlsbad, CA",San Diego County,2020-06-30,2069.000419992024,92110,0
96649,3605,92107,zip,CA,CA,San Diego,"San Diego-Chula Vista-Carlsbad, CA",San Diego County,2020-06-30,1977.64038883354,92107,0
96658,3607,92116,zip,CA,CA,San Diego,"San Diego-Chula Vista-Carlsbad, CA",San Diego County,2020-06-30,1767.0161583269742,92116,0
96581,3914,92008,zip,CA,CA,Carlsbad,"San Diego-Chula Vista-Carlsbad, CA",San Diego County,2020-06-30,2086.4384225375875,92008,0
96555,4492,91932,zip,CA,CA,Imperial Beach,"San Diego-Chula Vista-Carlsbad, CA",San Diego County,2020-06-30,1986.0421424510337,91932,0
96584,5214,92011,zip,CA,CA,Carlsbad,"San Diego-Chula Vista-Carlsbad, CA",San Diego County,2020-06-30,2688.550524463164,92011,0
96650,5900,92108,zip,CA,CA,San Diego,"San Diego-Chula Vista-Carlsbad, CA",San Diego County,2020-06-30,2181.260422839424,92108,0
96660,7608,92118,zip,CA,CA,Coronado,"San Diego-Chula Vista-Carlsbad, CA",San Diego County,2020-06-30,3419.774220335767,92118,0
96546,52,91911,zip,CA,CA,Chula Vista,"San Diego-Chula Vista-Carlsbad, CA",San Diego County,2020-07-31,1889.7979197044172,91911,0
96690,61,92154,zip,CA,CA,San Diego,"San Diego-Chula Vista-Carlsbad, CA",San Diego County,2020-07-31,2028.4699984855083,92154,0
96545,153,91910,zip,CA,CA,Chula Vista,"San Diego-Chula Vista-Carlsbad, CA",San Diego County,2020-07-31,1793.3982898048444,91910,0
96667,166,92126,zip,CA,CA,San Diego,"San Diego-Chula Vista-Carlsbad, CA",San Diego County,2020-07-31,2116.326991130484,92126,1
96647,207,92105,zip,CA,CA,San Diego,"San Diego-Chula Vista-Carlsbad, CA",San Diego County,2020-07-31,1561.540003575239,92105,0
96589,396,92020,zip,CA,CA,El Cajon,"San Diego-Chula Vista-Carlsbad, CA",San Diego County,2020-07-31,1556.8767803330936,92020,0
96657,414,92115,zip,CA,CA,San Diego,"San Diego-Chula Vista-Carlsbad, CA",San Diego County,2020-07-31,1774.0600725161446,92115,0
96625,475,92071,zip,CA,CA,Santee,"San Diego-Chula Vista-Carlsbad, CA",San Diego County,2020-07-31,2071.4449805424965,92071,0
96596,494,92027,zip,CA,CA,Escondido,"San Diego-Chula Vista-Carlsbad, CA",San Diego County,2020-07-31,1537.4360920504405,92027,0
96671,599,92130,zip,CA,CA,San Diego,"San Diego-Chula Vista-Carlsbad, CA",San Diego County,2020-07-31,2911.1801867036224,92130,0
96670,651,92129,zip,CA,CA,San Diego,"San Diego-Chula Vista-Carlsbad, CA",San Diego County,2020-07-31,2547.4771717854755,92129,0
96612,655,92056,zip,CA,CA,Oceanside,"San Diego-Chula Vista-Carlsbad, CA",San Diego County,2020-07-31,1881.5763236812115,92056,0
96613,662,92057,zip,CA,CA,Oceanside,"San Diego-Chula Vista-Carlsbad, CA",San Diego County,2020-07-31,2111.489614099716,92057,0
96548,676,91913,zip,CA,CA,Chula Vista,"San Diego-Chula Vista-Carlsbad, CA",San Diego County,2020-07-31,2245.3513460810063,91913,0
96659,787,92117,zip,CA,CA,San Diego,"San Diego-Chula Vista-Carlsbad, CA",San Diego County,2020-07-31,1925.602720872722,92117,0
96593,834,92024,zip,CA,CA,Encinitas,"San Diego-Chula Vista-Carlsbad, CA",San Diego County,2020-07-31,2629.6726117140056,92024,0
96653,960,92111,zip,CA,CA,San Diego,"San Diego-Chula Vista-Carlsbad, CA",San Diego County,2020-07-31,1977.9205664896667,92111,0
96668,995,92127,zip,CA,CA,San Diego,"San Diego-Chula Vista-Carlsbad, CA",San Diego County,2020-07-31,2487.794609583776,92127,0
96629,996,92078,zip,CA,CA,San Marcos,"San Diego-Chula Vista-Carlsbad, CA",San Diego County,2020-07-31,2302.9179314804715,92078,0
96669,1063,92128,zip,CA,CA,San Diego,"San Diego-Chula Vista-Carlsbad, CA",San Diego County,2020-07-31,2144.5215582098285,92128,0
96582,1105,92009,zip,CA,CA,Carlsbad,"San Diego-Chula Vista-Carlsbad, CA",San Diego County,2020-07-31,2420.387002787617,92009,0
96646,1143,92104,zip,CA,CA,San Diego,"San Diego-Chula Vista-Carlsbad, CA",San Diego County,2020-07-31,1850.1168968555176,92104,0
96664,1151,92122,zip,CA,CA,San Diego,"San Diego-Chula Vista-Carlsbad, CA",San Diego County,2020-07-31,2164.6178308098165,92122,1
96623,1220,92069,zip,CA,CA,San Marcos,"San Diego-Chula Vista-Carlsbad, CA",San Diego County,2020-07-31,2022.8202992282809,92069,0
96651,1290,92109,zip,CA,CA,San Diego,"San Diego-Chula Vista-Carlsbad, CA",San Diego County,2020-07-31,2203.276162807698,92109,0
96643,1522,92101,zip,CA,CA,San Diego,"San Diego-Chula Vista-Carlsbad, CA",San Diego County,2020-07-31,2261.6179733315944,92101,0
96644,1622,92102,zip,CA,CA,San Diego,"San Diego-Chula Vista-Carlsbad, CA",San Diego County,2020-07-31,1740.5910448930072,92102,0
96560,1738,91942,zip,CA,CA,La Mesa,"San Diego-Chula Vista-Carlsbad, CA",San Diego County,2020-07-31,1852.3941597427088,91942,0
96610,2205,92054,zip,CA,CA,Oceanside,"San Diego-Chula Vista-Carlsbad, CA",San Diego County,2020-07-31,2046.1452375624765,92054,0
96602,2270,92037,zip,CA,CA,San Diego,"San Diego-Chula Vista-Carlsbad, CA",San Diego County,2020-07-31,2867.911140822727,92037,1
96672,2406,92131,zip,CA,CA,San Diego,"San Diego-Chula Vista-Carlsbad, CA",San Diego County,2020-07-31,2480.439868514772,92131,0
96645,2966,92103,zip,CA,CA,San Diego,"San Diego-Chula Vista-Carlsbad, CA",San Diego County,2020-07-31,2009.9170824763487,92103,0
96652,3560,92110,zip,CA,CA,San Diego,"San Diego-Chula Vista-Carlsbad, CA",San Diego County,2020-07-31,2096.079554777112,92110,0
96649,3605,92107,zip,CA,CA,San Diego,"San Diego-Chula Vista-Carlsbad, CA",San Diego County,2020-07-31,2015.8943155308011,92107,0
96658,3607,92116,zip,CA,CA,San Diego,"San Diego-Chula Vista-Carlsbad, CA",San Diego County,2020-07-31,1794.9979738903553,92116,0
96581,3914,92008,zip,CA,CA,Carlsbad,"San Diego-Chula Vista-Carlsbad, CA",San Diego County,2020-07-31,2100.862184173338,92008,0
96555,4492,91932,zip,CA,CA,Imperial Beach,"San Diego-Chula Vista-Carlsbad, CA",San Diego County,2020-07-31,2022.387132742212,91932,0
96584,5214,92011,zip,CA,CA,Carlsbad,"San Diego-Chula Vista-Carlsbad, CA",San Diego County,2020-07-31,2684.201664427509,92011,0
96650,5900,92108,zip,CA,CA,San Diego,"San Diego-Chula Vista-Carlsbad, CA",San Diego County,2020-07-31,2207.4657641190297,92108,0
96660,7608,92118,zip,CA,CA,Coronado,"San Diego-Chula Vista-Carlsbad, CA",San Diego County,2020-07-31,3424.257581253878,92118,0
96546,52,91911,zip,CA,CA,Chula Vista,"San Diego-Chula Vista-Carlsbad, CA",San Diego County,2020-08-31,1916.6774745170892,91911,0
96690,61,92154,zip,CA,CA,San Diego,"San Diego-Chula Vista-Carlsbad, CA",San Diego County,2020-08-31,2066.903861244488,92154,0
96545,153,91910,zip,CA,CA,Chula Vista,"San Diego-Chula Vista-Carlsbad, CA",San Diego County,2020-08-31,1814.4196416677728,91910,0
96667,166,92126,zip,CA,CA,San Diego,"San Diego-Chula Vista-Carlsbad, CA",San Diego County,2020-08-31,2118.415134145976,92126,1
96647,207,92105,zip,CA,CA,San Diego,"San Diego-Chula Vista-Carlsbad, CA",San Diego County,2020-08-31,1537.9478732522043,92105,0
96589,396,92020,zip,CA,CA,El Cajon,"San Diego-Chula Vista-Carlsbad, CA",San Diego County,2020-08-31,1564.854360323872,92020,0
96657,414,92115,zip,CA,CA,San Diego,"San Diego-Chula Vista-Carlsbad, CA",San Diego County,2020-08-31,1786.8058866443898,92115,0
96625,475,92071,zip,CA,CA,Santee,"San Diego-Chula Vista-Carlsbad, CA",San Diego County,2020-08-31,2089.428255907738,92071,0
96596,494,92027,zip,CA,CA,Escondido,"San Diego-Chula Vista-Carlsbad, CA",San Diego County,2020-08-31,1538.3244847691683,92027,0
96671,599,92130,zip,CA,CA,San Diego,"San Diego-Chula Vista-Carlsbad, CA",San Diego County,2020-08-31,2909.112236385184,92130,0
96670,651,92129,zip,CA,CA,San Diego,"San Diego-Chula Vista-Carlsbad, CA",San Diego County,2020-08-31,2558.266436488852,92129,0
96612,655,92056,zip,CA,CA,Oceanside,"San Diego-Chula Vista-Carlsbad, CA",San Diego County,2020-08-31,1909.8662380077117,92056,0
96613,662,92057,zip,CA,CA,Oceanside,"San Diego-Chula Vista-Carlsbad, CA",San Diego County,2020-08-31,2126.721456757436,92057,0
96548,676,91913,zip,CA,CA,Chula Vista,"San Diego-Chula Vista-Carlsbad, CA",San Diego County,2020-08-31,2278.0585769117856,91913,0
96659,787,92117,zip,CA,CA,San Diego,"San Diego-Chula Vista-Carlsbad, CA",San Diego County,2020-08-31,1929.9598635895,92117,0
96593,834,92024,zip,CA,CA,Encinitas,"San Diego-Chula Vista-Carlsbad, CA",San Diego County,2020-08-31,2702.4841494689226,92024,0
96653,960,92111,zip,CA,CA,San Diego,"San Diego-Chula Vista-Carlsbad, CA",San Diego County,2020-08-31,1986.977476176868,92111,0
96668,995,92127,zip,CA,CA,San Diego,"San Diego-Chula Vista-Carlsbad, CA",San Diego County,2020-08-31,2475.013446609853,92127,0
96629,996,92078,zip,CA,CA,San Marcos,"San Diego-Chula Vista-Carlsbad, CA",San Diego County,2020-08-31,2310.5719625990832,92078,0
96669,1063,92128,zip,CA,CA,San Diego,"San Diego-Chula Vista-Carlsbad, CA",San Diego County,2020-08-31,2158.250964861226,92128,0
96582,1105,92009,zip,CA,CA,Carlsbad,"San Diego-Chula Vista-Carlsbad, CA",San Diego County,2020-08-31,2456.577934982835,92009,0
96646,1143,92104,zip,CA,CA,San Diego,"San Diego-Chula Vista-Carlsbad, CA",San Diego County,2020-08-31,1860.9029046176147,92104,0
96664,1151,92122,zip,CA,CA,San Diego,"San Diego-Chula Vista-Carlsbad, CA",San Diego County,2020-08-31,2138.1558913977274,92122,1
96623,1220,92069,zip,CA,CA,San Marcos,"San Diego-Chula Vista-Carlsbad, CA",San Diego County,2020-08-31,2032.7421665966956,92069,0
96651,1290,92109,zip,CA,CA,San Diego,"San Diego-Chula Vista-Carlsbad, CA",San Diego County,2020-08-31,2225.7585658655685,92109,0
96643,1522,92101,zip,CA,CA,San Diego,"San Diego-Chula Vista-Carlsbad, CA",San Diego County,2020-08-31,2264.9917243383925,92101,0
96644,1622,92102,zip,CA,CA,San Diego,"San Diego-Chula Vista-Carlsbad, CA",San Diego County,2020-08-31,1751.9713530231006,92102,0
96560,1738,91942,zip,CA,CA,La Mesa,"San Diego-Chula Vista-Carlsbad, CA",San Diego County,2020-08-31,1880.311034291468,91942,0
96610,2205,92054,zip,CA,CA,Oceanside,"San Diego-Chula Vista-Carlsbad, CA",San Diego County,2020-08-31,2071.643937416452,92054,0
96602,2270,92037,zip,CA,CA,San Diego,"San Diego-Chula Vista-Carlsbad, CA",San Diego County,2020-08-31,2882.458412615112,92037,1
96672,2406,92131,zip,CA,CA,San Diego,"San Diego-Chula Vista-Carlsbad, CA",San Diego County,2020-08-31,2518.0976081043927,92131,0
96645,2966,92103,zip,CA,CA,San Diego,"San Diego-Chula Vista-Carlsbad, CA",San Diego County,2020-08-31,2022.2987499040776,92103,0
96652,3560,92110,zip,CA,CA,San Diego,"San Diego-Chula Vista-Carlsbad, CA",San Diego County,2020-08-31,2122.2010913127247,92110,0
96649,3605,92107,zip,CA,CA,San Diego,"San Diego-Chula Vista-Carlsbad, CA",San Diego County,2020-08-31,2059.8288949187154,92107,0
96658,3607,92116,zip,CA,CA,San Diego,"San Diego-Chula Vista-Carlsbad, CA",San Diego County,2020-08-31,1818.0095297991315,92116,0
96581,3914,92008,zip,CA,CA,Carlsbad,"San Diego-Chula Vista-Carlsbad, CA",San Diego County,2020-08-31,2112.1457192180487,92008,0
96555,4492,91932,zip,CA,CA,Imperial Beach,"San Diego-Chula Vista-Carlsbad, CA",San Diego County,2020-08-31,2039.5532929985409,91932,0
96584,5214,92011,zip,CA,CA,Carlsbad,"San Diego-Chula Vista-Carlsbad, CA",San Diego County,2020-08-31,2712.1656238008904,92011,0
96650,5900,92108,zip,CA,CA,San Diego,"San Diego-Chula Vista-Carlsbad, CA",San Diego County,2020-08-31,2240.03888087357,92108,0
96660,7608,92118,zip,CA,CA,Coronado,"San Diego-Chula Vista-Carlsbad, CA",San Diego County,2020-08-31,3420.8543609231847,92118,0
96546,52,91911,zip,CA,CA,Chula Vista,"San Diego-Chula Vista-Carlsbad, CA",San Diego County,2020-09-30,1939.8095897998855,91911,0
96690,61,92154,zip,CA,CA,San Diego,"San Diego-Chula Vista-Carlsbad, CA",San Diego County,2020-09-30,2089.7306024469044,92154,0
96545,153,91910,zip,CA,CA,Chula Vista,"San Diego-Chula Vista-Carlsbad, CA",San Diego County,2020-09-30,1830.1782189896703,91910,0
96667,166,92126,zip,CA,CA,San Diego,"San Diego-Chula Vista-Carlsbad, CA",San Diego County,2020-09-30,2122.348639719277,92126,1
96647,207,92105,zip,CA,CA,San Diego,"San Diego-Chula Vista-Carlsbad, CA",San Diego County,2020-09-30,1545.9238475354514,92105,0
96589,396,92020,zip,CA,CA,El Cajon,"San Diego-Chula Vista-Carlsbad, CA",San Diego County,2020-09-30,1568.5722526562763,92020,0
96657,414,92115,zip,CA,CA,San Diego,"San Diego-Chula Vista-Carlsbad, CA",San Diego County,2020-09-30,1791.2688516626413,92115,0
96625,475,92071,zip,CA,CA,Santee,"San Diego-Chula Vista-Carlsbad, CA",San Diego County,2020-09-30,2096.472600728558,92071,0
96596,494,92027,zip,CA,CA,Escondido,"San Diego-Chula Vista-Carlsbad, CA",San Diego County,2020-09-30,1558.3051712211873,92027,0
96671,599,92130,zip,CA,CA,San Diego,"San Diego-Chula Vista-Carlsbad, CA",San Diego County,2020-09-30,2920.6318309960566,92130,0
96670,651,92129,zip,CA,CA,San Diego,"San Diego-Chula Vista-Carlsbad, CA",San Diego County,2020-09-30,2558.706744847558,92129,0
96612,655,92056,zip,CA,CA,Oceanside,"San Diego-Chula Vista-Carlsbad, CA",San Diego County,2020-09-30,1925.9796141588,92056,0
96613,662,92057,zip,CA,CA,Oceanside,"San Diego-Chula Vista-Carlsbad, CA",San Diego County,2020-09-30,2138.719230837777,92057,0
96548,676,91913,zip,CA,CA,Chula Vista,"San Diego-Chula Vista-Carlsbad, CA",San Diego County,2020-09-30,2287.7657097118126,91913,0
96659,787,92117,zip,CA,CA,San Diego,"San Diego-Chula Vista-Carlsbad, CA",San Diego County,2020-09-30,1955.099736950816,92117,0
96593,834,92024,zip,CA,CA,Encinitas,"San Diego-Chula Vista-Carlsbad, CA",San Diego County,2020-09-30,2735.4137672753704,92024,0
96653,960,92111,zip,CA,CA,San Diego,"San Diego-Chula Vista-Carlsbad, CA",San Diego County,2020-09-30,2002.328766329417,92111,0
96668,995,92127,zip,CA,CA,San Diego,"San Diego-Chula Vista-Carlsbad, CA",San Diego County,2020-09-30,2475.823719994612,92127,0
96629,996,92078,zip,CA,CA,San Marcos,"San Diego-Chula Vista-Carlsbad, CA",San Diego County,2020-09-30,2335.687371431393,92078,0
96669,1063,92128,zip,CA,CA,San Diego,"San Diego-Chula Vista-Carlsbad, CA",San Diego County,2020-09-30,2161.38708664594,92128,0
96582,1105,92009,zip,CA,CA,Carlsbad,"San Diego-Chula Vista-Carlsbad, CA",San Diego County,2020-09-30,2501.945556271387,92009,0
96646,1143,92104,zip,CA,CA,San Diego,"San Diego-Chula Vista-Carlsbad, CA",San Diego County,2020-09-30,1867.491865771624,92104,0
96664,1151,92122,zip,CA,CA,San Diego,"San Diego-Chula Vista-Carlsbad, CA",San Diego County,2020-09-30,2142.2917014265795,92122,1
96623,1220,92069,zip,CA,CA,San Marcos,"San Diego-Chula Vista-Carlsbad, CA",San Diego County,2020-09-30,2075.7545899510083,92069,0
96651,1290,92109,zip,CA,CA,San Diego,"San Diego-Chula Vista-Carlsbad, CA",San Diego County,2020-09-30,2239.758419441483,92109,0
96643,1522,92101,zip,CA,CA,San Diego,"San Diego-Chula Vista-Carlsbad, CA",San Diego County,2020-09-30,2261.666941638928,92101,0
96644,1622,92102,zip,CA,CA,San Diego,"San Diego-Chula Vista-Carlsbad, CA",San Diego County,2020-09-30,1749.5416347086884,92102,0
96560,1738,91942,zip,CA,CA,La Mesa,"San Diego-Chula Vista-Carlsbad, CA",San Diego County,2020-09-30,1892.3907777173824,91942,0
96610,2205,92054,zip,CA,CA,Oceanside,"San Diego-Chula Vista-Carlsbad, CA",San Diego County,2020-09-30,2088.823303571156,92054,0
96602,2270,92037,zip,CA,CA,San Diego,"San Diego-Chula Vista-Carlsbad, CA",San Diego County,2020-09-30,2914.236742643654,92037,1
96672,2406,92131,zip,CA,CA,San Diego,"San Diego-Chula Vista-Carlsbad, CA",San Diego County,2020-09-30,2481.619747367587,92131,0
96645,2966,92103,zip,CA,CA,San Diego,"San Diego-Chula Vista-Carlsbad, CA",San Diego County,2020-09-30,2034.4322787758117,92103,0
96652,3560,92110,zip,CA,CA,San Diego,"San Diego-Chula Vista-Carlsbad, CA",San Diego County,2020-09-30,2130.6442374300696,92110,0
96649,3605,92107,zip,CA,CA,San Diego,"San Diego-Chula Vista-Carlsbad, CA",San Diego County,2020-09-30,2080.6945469194693,92107,0
96658,3607,92116,zip,CA,CA,San Diego,"San Diego-Chula Vista-Carlsbad, CA",San Diego County,2020-09-30,1811.075578561234,92116,0
96581,3914,92008,zip,CA,CA,Carlsbad,"San Diego-Chula Vista-Carlsbad, CA",San Diego County,2020-09-30,2092.044369549335,92008,0
96555,4492,91932,zip,CA,CA,Imperial Beach,"San Diego-Chula Vista-Carlsbad, CA",San Diego County,2020-09-30,2096.071445907062,91932,0
96584,5214,92011,zip,CA,CA,Carlsbad,"San Diego-Chula Vista-Carlsbad, CA",San Diego County,2020-09-30,2750.793142655105,92011,0
96650,5900,92108,zip,CA,CA,San Diego,"San Diego-Chula Vista-Carlsbad, CA",San Diego County,2020-09-30,2256.411039670947,92108,0
96660,7608,92118,zip,CA,CA,Coronado,"San Diego-Chula Vista-Carlsbad, CA",San Diego County,2020-09-30,3514.6926204506703,92118,0
96546,52,91911,zip,CA,CA,Chula Vista,"San Diego-Chula Vista-Carlsbad, CA",San Diego County,2020-10-31,1946.266806787562,91911,0
96690,61,92154,zip,CA,CA,San Diego,"San Diego-Chula Vista-Carlsbad, CA",San Diego County,2020-10-31,2148.9450056072315,92154,0
96545,153,91910,zip,CA,CA,Chula Vista,"San Diego-Chula Vista-Carlsbad, CA",San Diego County,2020-10-31,1851.0997061617236,91910,0
96667,166,92126,zip,CA,CA,San Diego,"San Diego-Chula Vista-Carlsbad, CA",San Diego County,2020-10-31,2127.8129464910985,92126,1
96647,207,92105,zip,CA,CA,San Diego,"San Diego-Chula Vista-Carlsbad, CA",San Diego County,2020-10-31,1545.1593400103884,92105,0
96589,396,92020,zip,CA,CA,El Cajon,"San Diego-Chula Vista-Carlsbad, CA",San Diego County,2020-10-31,1573.0530123849298,92020,0
96657,414,92115,zip,CA,CA,San Diego,"San Diego-Chula Vista-Carlsbad, CA",San Diego County,2020-10-31,1808.194745852921,92115,0
96625,475,92071,zip,CA,CA,Santee,"San Diego-Chula Vista-Carlsbad, CA",San Diego County,2020-10-31,2098.2239113771216,92071,0
96596,494,92027,zip,CA,CA,Escondido,"San Diego-Chula Vista-Carlsbad, CA",San Diego County,2020-10-31,1581.683117473401,92027,0
96671,599,92130,zip,CA,CA,San Diego,"San Diego-Chula Vista-Carlsbad, CA",San Diego County,2020-10-31,2927.7546608493203,92130,0
96670,651,92129,zip,CA,CA,San Diego,"San Diego-Chula Vista-Carlsbad, CA",San Diego County,2020-10-31,2590.6253045121234,92129,0
96612,655,92056,zip,CA,CA,Oceanside,"San Diego-Chula Vista-Carlsbad, CA",San Diego County,2020-10-31,1957.5201125878295,92056,0
96613,662,92057,zip,CA,CA,Oceanside,"San Diego-Chula Vista-Carlsbad, CA",San Diego County,2020-10-31,2173.956738054346,92057,0
96548,676,91913,zip,CA,CA,Chula Vista,"San Diego-Chula Vista-Carlsbad, CA",San Diego County,2020-10-31,2281.208172777588,91913,0
96659,787,92117,zip,CA,CA,San Diego,"San Diego-Chula Vista-Carlsbad, CA",San Diego County,2020-10-31,1971.5004719422416,92117,0
96593,834,92024,zip,CA,CA,Encinitas,"San Diego-Chula Vista-Carlsbad, CA",San Diego County,2020-10-31,2795.926677838976,92024,0
96653,960,92111,zip,CA,CA,San Diego,"San Diego-Chula Vista-Carlsbad, CA",San Diego County,2020-10-31,1996.764415657669,92111,0
96668,995,92127,zip,CA,CA,San Diego,"San Diego-Chula Vista-Carlsbad, CA",San Diego County,2020-10-31,2513.1134648287048,92127,0
96629,996,92078,zip,CA,CA,San Marcos,"San Diego-Chula Vista-Carlsbad, CA",San Diego County,2020-10-31,2333.679341713432,92078,0
96669,1063,92128,zip,CA,CA,San Diego,"San Diego-Chula Vista-Carlsbad, CA",San Diego County,2020-10-31,2156.012509217966,92128,0
96582,1105,92009,zip,CA,CA,Carlsbad,"San Diego-Chula Vista-Carlsbad, CA",San Diego County,2020-10-31,2537.676076647336,92009,0
96646,1143,92104,zip,CA,CA,San Diego,"San Diego-Chula Vista-Carlsbad, CA",San Diego County,2020-10-31,1871.4504608850389,92104,0
96664,1151,92122,zip,CA,CA,San Diego,"San Diego-Chula Vista-Carlsbad, CA",San Diego County,2020-10-31,2174.872842606226,92122,1
96623,1220,92069,zip,CA,CA,San Marcos,"San Diego-Chula Vista-Carlsbad, CA",San Diego County,2020-10-31,2092.345163553795,92069,0
96651,1290,92109,zip,CA,CA,San Diego,"San Diego-Chula Vista-Carlsbad, CA",San Diego County,2020-10-31,2227.252516958539,92109,0
96643,1522,92101,zip,CA,CA,San Diego,"San Diego-Chula Vista-Carlsbad, CA",San Diego County,2020-10-31,2264.842329035494,92101,0
96644,1622,92102,zip,CA,CA,San Diego,"San Diego-Chula Vista-Carlsbad, CA",San Diego County,2020-10-31,1733.410530544781,92102,0
96560,1738,91942,zip,CA,CA,La Mesa,"San Diego-Chula Vista-Carlsbad, CA",San Diego County,2020-10-31,1903.262670013517,91942,0
96610,2205,92054,zip,CA,CA,Oceanside,"San Diego-Chula Vista-Carlsbad, CA",San Diego County,2020-10-31,2114.0992519354704,92054,0
96602,2270,92037,zip,CA,CA,San Diego,"San Diego-Chula Vista-Carlsbad, CA",San Diego County,2020-10-31,2954.525068854354,92037,1
96672,2406,92131,zip,CA,CA,San Diego,"San Diego-Chula Vista-Carlsbad, CA",San Diego County,2020-10-31,2491.19448543932,92131,0
96645,2966,92103,zip,CA,CA,San Diego,"San Diego-Chula Vista-Carlsbad, CA",San Diego County,2020-10-31,2044.8092243849223,92103,0
96652,3560,92110,zip,CA,CA,San Diego,"San Diego-Chula Vista-Carlsbad, CA",San Diego County,2020-10-31,2148.383617890732,92110,0
96649,3605,92107,zip,CA,CA,San Diego,"San Diego-Chula Vista-Carlsbad, CA",San Diego County,2020-10-31,2078.2635074601367,92107,0
96658,3607,92116,zip,CA,CA,San Diego,"San Diego-Chula Vista-Carlsbad, CA",San Diego County,2020-10-31,1812.7876695274315,92116,0
96581,3914,92008,zip,CA,CA,Carlsbad,"San Diego-Chula Vista-Carlsbad, CA",San Diego County,2020-10-31,2112.6794560785142,92008,0
96555,4492,91932,zip,CA,CA,Imperial Beach,"San Diego-Chula Vista-Carlsbad, CA",San Diego County,2020-10-31,2102.3448968388648,91932,0
96650,5900,92108,zip,CA,CA,San Diego,"San Diego-Chula Vista-Carlsbad, CA",San Diego County,2020-10-31,2256.081870805669,92108,0
96660,7608,92118,zip,CA,CA,Coronado,"San Diego-Chula Vista-Carlsbad, CA",San Diego County,2020-10-31,3565.62955938836,92118,0
96546,52,91911,zip,CA,CA,Chula Vista,"San Diego-Chula Vista-Carlsbad, CA",San Diego County,2020-11-30,1913.3426761725796,91911,0
96690,61,92154,zip,CA,CA,San Diego,"San Diego-Chula Vista-Carlsbad, CA",San Diego County,2020-11-30,2163.789387114324,92154,0
96545,153,91910,zip,CA,CA,Chula Vista,"San Diego-Chula Vista-Carlsbad, CA",San Diego County,2020-11-30,1854.48336942571,91910,0
96667,166,92126,zip,CA,CA,San Diego,"San Diego-Chula Vista-Carlsbad, CA",San Diego County,2020-11-30,2124.682337053298,92126,1
96647,207,92105,zip,CA,CA,San Diego,"San Diego-Chula Vista-Carlsbad, CA",San Diego County,2020-11-30,1538.6229317809166,92105,0
96589,396,92020,zip,CA,CA,El Cajon,"San Diego-Chula Vista-Carlsbad, CA",San Diego County,2020-11-30,1592.7844421191255,92020,0
96657,414,92115,zip,CA,CA,San Diego,"San Diego-Chula Vista-Carlsbad, CA",San Diego County,2020-11-30,1826.682762969044,92115,0
96625,475,92071,zip,CA,CA,Santee,"San Diego-Chula Vista-Carlsbad, CA",San Diego County,2020-11-30,2078.699824412661,92071,0
96596,494,92027,zip,CA,CA,Escondido,"San Diego-Chula Vista-Carlsbad, CA",San Diego County,2020-11-30,1615.639487929897,92027,0
96671,599,92130,zip,CA,CA,San Diego,"San Diego-Chula Vista-Carlsbad, CA",San Diego County,2020-11-30,2966.829738048058,92130,0
96670,651,92129,zip,CA,CA,San Diego,"San Diego-Chula Vista-Carlsbad, CA",San Diego County,2020-11-30,2615.915500355256,92129,0
96612,655,92056,zip,CA,CA,Oceanside,"San Diego-Chula Vista-Carlsbad, CA",San Diego County,2020-11-30,1963.8442343281424,92056,0
96613,662,92057,zip,CA,CA,Oceanside,"San Diego-Chula Vista-Carlsbad, CA",San Diego County,2020-11-30,2210.9227080264477,92057,0
96548,676,91913,zip,CA,CA,Chula Vista,"San Diego-Chula Vista-Carlsbad, CA",San Diego County,2020-11-30,2304.919753603267,91913,0
96659,787,92117,zip,CA,CA,San Diego,"San Diego-Chula Vista-Carlsbad, CA",San Diego County,2020-11-30,1954.8257664024095,92117,0
96593,834,92024,zip,CA,CA,Encinitas,"San Diego-Chula Vista-Carlsbad, CA",San Diego County,2020-11-30,2798.563579467585,92024,0
96653,960,92111,zip,CA,CA,San Diego,"San Diego-Chula Vista-Carlsbad, CA",San Diego County,2020-11-30,1982.4849879763424,92111,0
96668,995,92127,zip,CA,CA,San Diego,"San Diego-Chula Vista-Carlsbad, CA",San Diego County,2020-11-30,2535.183463780539,92127,0
96629,996,92078,zip,CA,CA,San Marcos,"San Diego-Chula Vista-Carlsbad, CA",San Diego County,2020-11-30,2344.205832121784,92078,0
96669,1063,92128,zip,CA,CA,San Diego,"San Diego-Chula Vista-Carlsbad, CA",San Diego County,2020-11-30,2145.352884207651,92128,0
96582,1105,92009,zip,CA,CA,Carlsbad,"San Diego-Chula Vista-Carlsbad, CA",San Diego County,2020-11-30,2563.787352926941,92009,0
96646,1143,92104,zip,CA,CA,San Diego,"San Diego-Chula Vista-Carlsbad, CA",San Diego County,2020-11-30,1868.4393437450483,92104,0
96664,1151,92122,zip,CA,CA,San Diego,"San Diego-Chula Vista-Carlsbad, CA",San Diego County,2020-11-30,2207.1550964912626,92122,1
96623,1220,92069,zip,CA,CA,San Marcos,"San Diego-Chula Vista-Carlsbad, CA",San Diego County,2020-11-30,2096.2064354547283,92069,0
96651,1290,92109,zip,CA,CA,San Diego,"San Diego-Chula Vista-Carlsbad, CA",San Diego County,2020-11-30,2233.422220916096,92109,0
96643,1522,92101,zip,CA,CA,San Diego,"San Diego-Chula Vista-Carlsbad, CA",San Diego County,2020-11-30,2279.4219685961684,92101,0
96644,1622,92102,zip,CA,CA,San Diego,"San Diego-Chula Vista-Carlsbad, CA",San Diego County,2020-11-30,1736.5290330243386,92102,0
96560,1738,91942,zip,CA,CA,La Mesa,"San Diego-Chula Vista-Carlsbad, CA",San Diego County,2020-11-30,1907.359568639114,91942,0
96610,2205,92054,zip,CA,CA,Oceanside,"San Diego-Chula Vista-Carlsbad, CA",San Diego County,2020-11-30,2121.128908848099,92054,0
96602,2270,92037,zip,CA,CA,San Diego,"San Diego-Chula Vista-Carlsbad, CA",San Diego County,2020-11-30,2961.7005264434742,92037,1
96672,2406,92131,zip,CA,CA,San Diego,"San Diego-Chula Vista-Carlsbad, CA",San Diego County,2020-11-30,2482.5591724782093,92131,0
96645,2966,92103,zip,CA,CA,San Diego,"San Diego-Chula Vista-Carlsbad, CA",San Diego County,2020-11-30,2047.625955620911,92103,0
96652,3560,92110,zip,CA,CA,San Diego,"San Diego-Chula Vista-Carlsbad, CA",San Diego County,2020-11-30,2148.670817056877,92110,0
96649,3605,92107,zip,CA,CA,San Diego,"San Diego-Chula Vista-Carlsbad, CA",San Diego County,2020-11-30,2071.706676871242,92107,0
96658,3607,92116,zip,CA,CA,San Diego,"San Diego-Chula Vista-Carlsbad, CA",San Diego County,2020-11-30,1798.510523299764,92116,0
96581,3914,92008,zip,CA,CA,Carlsbad,"San Diego-Chula Vista-Carlsbad, CA",San Diego County,2020-11-30,2120.061954991457,92008,0
96555,4492,91932,zip,CA,CA,Imperial Beach,"San Diego-Chula Vista-Carlsbad, CA",San Diego County,2020-11-30,2109.0806183860536,91932,0
96584,5214,92011,zip,CA,CA,Carlsbad,"San Diego-Chula Vista-Carlsbad, CA",San Diego County,2020-11-30,3009.18110785818,92011,0
96650,5900,92108,zip,CA,CA,San Diego,"San Diego-Chula Vista-Carlsbad, CA",San Diego County,2020-11-30,2253.56600978413,92108,0
96660,7608,92118,zip,CA,CA,Coronado,"San Diego-Chula Vista-Carlsbad, CA",San Diego County,2020-11-30,3591.496742443825,92118,0
96546,52,91911,zip,CA,CA,Chula Vista,"San Diego-Chula Vista-Carlsbad, CA",San Diego County,2020-12-31,1898.9132076024464,91911,0
96690,61,92154,zip,CA,CA,San Diego,"San Diego-Chula Vista-Carlsbad, CA",San Diego County,2020-12-31,2141.627943989928,92154,0
96545,153,91910,zip,CA,CA,Chula Vista,"San Diego-Chula Vista-Carlsbad, CA",San Diego County,2020-12-31,1860.80406987016,91910,0
96667,166,92126,zip,CA,CA,San Diego,"San Diego-Chula Vista-Carlsbad, CA",San Diego County,2020-12-31,2156.5390680380447,92126,1
96647,207,92105,zip,CA,CA,San Diego,"San Diego-Chula Vista-Carlsbad, CA",San Diego County,2020-12-31,1532.1492794892945,92105,0
96589,396,92020,zip,CA,CA,El Cajon,"San Diego-Chula Vista-Carlsbad, CA",San Diego County,2020-12-31,1592.3079253768444,92020,0
96657,414,92115,zip,CA,CA,San Diego,"San Diego-Chula Vista-Carlsbad, CA",San Diego County,2020-12-31,1844.3649009215317,92115,0
96625,475,92071,zip,CA,CA,Santee,"San Diego-Chula Vista-Carlsbad, CA",San Diego County,2020-12-31,2073.754627298053,92071,0
96596,494,92027,zip,CA,CA,Escondido,"San Diego-Chula Vista-Carlsbad, CA",San Diego County,2020-12-31,1646.3498014122547,92027,0
96671,599,92130,zip,CA,CA,San Diego,"San Diego-Chula Vista-Carlsbad, CA",San Diego County,2020-12-31,2975.337911754248,92130,0
96670,651,92129,zip,CA,CA,San Diego,"San Diego-Chula Vista-Carlsbad, CA",San Diego County,2020-12-31,2608.865868285233,92129,0
96612,655,92056,zip,CA,CA,Oceanside,"San Diego-Chula Vista-Carlsbad, CA",San Diego County,2020-12-31,2006.053834842481,92056,0
96613,662,92057,zip,CA,CA,Oceanside,"San Diego-Chula Vista-Carlsbad, CA",San Diego County,2020-12-31,2238.170916885902,92057,0
96548,676,91913,zip,CA,CA,Chula Vista,"San Diego-Chula Vista-Carlsbad, CA",San Diego County,2020-12-31,2330.074385447067,91913,0
96659,787,92117,zip,CA,CA,San Diego,"San Diego-Chula Vista-Carlsbad, CA",San Diego County,2020-12-31,1982.564502510488,92117,0
96593,834,92024,zip,CA,CA,Encinitas,"San Diego-Chula Vista-Carlsbad, CA",San Diego County,2020-12-31,2837.9132431978373,92024,0
96653,960,92111,zip,CA,CA,San Diego,"San Diego-Chula Vista-Carlsbad, CA",San Diego County,2020-12-31,2012.4329850119727,92111,0
96668,995,92127,zip,CA,CA,San Diego,"San Diego-Chula Vista-Carlsbad, CA",San Diego County,2020-12-31,2557.389199596017,92127,0
96629,996,92078,zip,CA,CA,San Marcos,"San Diego-Chula Vista-Carlsbad, CA",San Diego County,2020-12-31,2322.7067802757847,92078,0
96669,1063,92128,zip,CA,CA,San Diego,"San Diego-Chula Vista-Carlsbad, CA",San Diego County,2020-12-31,2180.519241327704,92128,0
96582,1105,92009,zip,CA,CA,Carlsbad,"San Diego-Chula Vista-Carlsbad, CA",San Diego County,2020-12-31,2513.163160081867,92009,0
96646,1143,92104,zip,CA,CA,San Diego,"San Diego-Chula Vista-Carlsbad, CA",San Diego County,2020-12-31,1858.8371324870548,92104,0
96664,1151,92122,zip,CA,CA,San Diego,"San Diego-Chula Vista-Carlsbad, CA",San Diego County,2020-12-31,2223.0672221120794,92122,1
96623,1220,92069,zip,CA,CA,San Marcos,"San Diego-Chula Vista-Carlsbad, CA",San Diego County,2020-12-31,2089.711793601265,92069,0
96651,1290,92109,zip,CA,CA,San Diego,"San Diego-Chula Vista-Carlsbad, CA",San Diego County,2020-12-31,2223.573457665948,92109,0
96643,1522,92101,zip,CA,CA,San Diego,"San Diego-Chula Vista-Carlsbad, CA",San Diego County,2020-12-31,2284.3240769980944,92101,0
96644,1622,92102,zip,CA,CA,San Diego,"San Diego-Chula Vista-Carlsbad, CA",San Diego County,2020-12-31,1739.3771257895469,92102,0
96560,1738,91942,zip,CA,CA,La Mesa,"San Diego-Chula Vista-Carlsbad, CA",San Diego County,2020-12-31,1917.6782861479887,91942,0
96610,2205,92054,zip,CA,CA,Oceanside,"San Diego-Chula Vista-Carlsbad, CA",San Diego County,2020-12-31,2120.701111205687,92054,0
96602,2270,92037,zip,CA,CA,San Diego,"San Diego-Chula Vista-Carlsbad, CA",San Diego County,2020-12-31,3023.8870991778613,92037,1
96672,2406,92131,zip,CA,CA,San Diego,"San Diego-Chula Vista-Carlsbad, CA",San Diego County,2020-12-31,2529.113168724136,92131,0
96645,2966,92103,zip,CA,CA,San Diego,"San Diego-Chula Vista-Carlsbad, CA",San Diego County,2020-12-31,2040.515588961236,92103,0
96652,3560,92110,zip,CA,CA,San Diego,"San Diego-Chula Vista-Carlsbad, CA",San Diego County,2020-12-31,2162.5465335880976,92110,0
96649,3605,92107,zip,CA,CA,San Diego,"San Diego-Chula Vista-Carlsbad, CA",San Diego County,2020-12-31,2078.0098535684897,92107,0
96658,3607,92116,zip,CA,CA,San Diego,"San Diego-Chula Vista-Carlsbad, CA",San Diego County,2020-12-31,1813.420386159648,92116,0
96581,3914,92008,zip,CA,CA,Carlsbad,"San Diego-Chula Vista-Carlsbad, CA",San Diego County,2020-12-31,2167.9167429395425,92008,0
96555,4492,91932,zip,CA,CA,Imperial Beach,"San Diego-Chula Vista-Carlsbad, CA",San Diego County,2020-12-31,2061.2435343777183,91932,0
96584,5214,92011,zip,CA,CA,Carlsbad,"San Diego-Chula Vista-Carlsbad, CA",San Diego County,2020-12-31,3040.4036151351543,92011,0
96650,5900,92108,zip,CA,CA,San Diego,"San Diego-Chula Vista-Carlsbad, CA",San Diego County,2020-12-31,2235.572816871523,92108,0
96660,7608,92118,zip,CA,CA,Coronado,"San Diego-Chula Vista-Carlsbad, CA",San Diego County,2020-12-31,3646.5725703008393,92118,0
96546,52,91911,zip,CA,CA,Chula Vista,"San Diego-Chula Vista-Carlsbad, CA",San Diego County,2021-01-31,1912.8173522205936,91911,0
96690,61,92154,zip,CA,CA,San Diego,"San Diego-Chula Vista-Carlsbad, CA",San Diego County,2021-01-31,2108.219743979146,92154,0
96545,153,91910,zip,CA,CA,Chula Vista,"San Diego-Chula Vista-Carlsbad, CA",San Diego County,2021-01-31,1855.1150002873333,91910,0
96667,166,92126,zip,CA,CA,San Diego,"San Diego-Chula Vista-Carlsbad, CA",San Diego County,2021-01-31,2152.4194177855684,92126,1
96647,207,92105,zip,CA,CA,San Diego,"San Diego-Chula Vista-Carlsbad, CA",San Diego County,2021-01-31,1537.137814537086,92105,0
96589,396,92020,zip,CA,CA,El Cajon,"San Diego-Chula Vista-Carlsbad, CA",San Diego County,2021-01-31,1596.5655424529923,92020,0
96657,414,92115,zip,CA,CA,San Diego,"San Diego-Chula Vista-Carlsbad, CA",San Diego County,2021-01-31,1843.2945780026707,92115,0
96625,475,92071,zip,CA,CA,Santee,"San Diego-Chula Vista-Carlsbad, CA",San Diego County,2021-01-31,2063.816367152695,92071,0
96596,494,92027,zip,CA,CA,Escondido,"San Diego-Chula Vista-Carlsbad, CA",San Diego County,2021-01-31,1650.653488994862,92027,0
96671,599,92130,zip,CA,CA,San Diego,"San Diego-Chula Vista-Carlsbad, CA",San Diego County,2021-01-31,3005.6558087302787,92130,0
96670,651,92129,zip,CA,CA,San Diego,"San Diego-Chula Vista-Carlsbad, CA",San Diego County,2021-01-31,2561.181623640055,92129,0
96612,655,92056,zip,CA,CA,Oceanside,"San Diego-Chula Vista-Carlsbad, CA",San Diego County,2021-01-31,2004.628043794694,92056,0
96613,662,92057,zip,CA,CA,Oceanside,"San Diego-Chula Vista-Carlsbad, CA",San Diego County,2021-01-31,2217.67496166742,92057,0
96548,676,91913,zip,CA,CA,Chula Vista,"San Diego-Chula Vista-Carlsbad, CA",San Diego County,2021-01-31,2358.204101452815,91913,0
96659,787,92117,zip,CA,CA,San Diego,"San Diego-Chula Vista-Carlsbad, CA",San Diego County,2021-01-31,1978.549133058504,92117,0
96593,834,92024,zip,CA,CA,Encinitas,"San Diego-Chula Vista-Carlsbad, CA",San Diego County,2021-01-31,2801.076676815321,92024,0
96653,960,92111,zip,CA,CA,San Diego,"San Diego-Chula Vista-Carlsbad, CA",San Diego County,2021-01-31,2036.7859395167968,92111,0
96668,995,92127,zip,CA,CA,San Diego,"San Diego-Chula Vista-Carlsbad, CA",San Diego County,2021-01-31,2559.9735639002124,92127,0
96629,996,92078,zip,CA,CA,San Marcos,"San Diego-Chula Vista-Carlsbad, CA",San Diego County,2021-01-31,2304.6696536727964,92078,0
96669,1063,92128,zip,CA,CA,San Diego,"San Diego-Chula Vista-Carlsbad, CA",San Diego County,2021-01-31,2191.7782325485646,92128,0
96582,1105,92009,zip,CA,CA,Carlsbad,"San Diego-Chula Vista-Carlsbad, CA",San Diego County,2021-01-31,2536.620845787792,92009,0
96646,1143,92104,zip,CA,CA,San Diego,"San Diego-Chula Vista-Carlsbad, CA",San Diego County,2021-01-31,1867.9591378318096,92104,0
96664,1151,92122,zip,CA,CA,San Diego,"San Diego-Chula Vista-Carlsbad, CA",San Diego County,2021-01-31,2224.2268612952807,92122,1
96623,1220,92069,zip,CA,CA,San Marcos,"San Diego-Chula Vista-Carlsbad, CA",San Diego County,2021-01-31,2116.645851200243,92069,0
96651,1290,92109,zip,CA,CA,San Diego,"San Diego-Chula Vista-Carlsbad, CA",San Diego County,2021-01-31,2260.0418788445963,92109,0
96643,1522,92101,zip,CA,CA,San Diego,"San Diego-Chula Vista-Carlsbad, CA",San Diego County,2021-01-31,2308.243712395431,92101,0
96644,1622,92102,zip,CA,CA,San Diego,"San Diego-Chula Vista-Carlsbad, CA",San Diego County,2021-01-31,1773.2638720437224,92102,0
96560,1738,91942,zip,CA,CA,La Mesa,"San Diego-Chula Vista-Carlsbad, CA",San Diego County,2021-01-31,1932.7868154464445,91942,0
96610,2205,92054,zip,CA,CA,Oceanside,"San Diego-Chula Vista-Carlsbad, CA",San Diego County,2021-01-31,2117.587715216039,92054,0
96602,2270,92037,zip,CA,CA,San Diego,"San Diego-Chula Vista-Carlsbad, CA",San Diego County,2021-01-31,3044.205624482357,92037,1
96672,2406,92131,zip,CA,CA,San Diego,"San Diego-Chula Vista-Carlsbad, CA",San Diego County,2021-01-31,2534.8485293353465,92131,0
96645,2966,92103,zip,CA,CA,San Diego,"San Diego-Chula Vista-Carlsbad, CA",San Diego County,2021-01-31,2017.7739525337013,92103,0
96652,3560,92110,zip,CA,CA,San Diego,"San Diego-Chula Vista-Carlsbad, CA",San Diego County,2021-01-31,2164.8033099549907,92110,0
96649,3605,92107,zip,CA,CA,San Diego,"San Diego-Chula Vista-Carlsbad, CA",San Diego County,2021-01-31,2082.878460679874,92107,0
96658,3607,92116,zip,CA,CA,San Diego,"San Diego-Chula Vista-Carlsbad, CA",San Diego County,2021-01-31,1822.838062299863,92116,0
96581,3914,92008,zip,CA,CA,Carlsbad,"San Diego-Chula Vista-Carlsbad, CA",San Diego County,2021-01-31,2180.816614292143,92008,0
96555,4492,91932,zip,CA,CA,Imperial Beach,"San Diego-Chula Vista-Carlsbad, CA",San Diego County,2021-01-31,2100.4792257087997,91932,0
96584,5214,92011,zip,CA,CA,Carlsbad,"San Diego-Chula Vista-Carlsbad, CA",San Diego County,2021-01-31,2932.381268333412,92011,0
96650,5900,92108,zip,CA,CA,San Diego,"San Diego-Chula Vista-Carlsbad, CA",San Diego County,2021-01-31,2235.127312591304,92108,0
96660,7608,92118,zip,CA,CA,Coronado,"San Diego-Chula Vista-Carlsbad, CA",San Diego County,2021-01-31,3606.918395939814,92118,0
96546,52,91911,zip,CA,CA,Chula Vista,"San Diego-Chula Vista-Carlsbad, CA",San Diego County,2021-02-28,1939.191840339605,91911,0
96690,61,92154,zip,CA,CA,San Diego,"San Diego-Chula Vista-Carlsbad, CA",San Diego County,2021-02-28,2090.776894944325,92154,0
96545,153,91910,zip,CA,CA,Chula Vista,"San Diego-Chula Vista-Carlsbad, CA",San Diego County,2021-02-28,1869.3235594886407,91910,0
96667,166,92126,zip,CA,CA,San Diego,"San Diego-Chula Vista-Carlsbad, CA",San Diego County,2021-02-28,2165.995916961544,92126,1
96647,207,92105,zip,CA,CA,San Diego,"San Diego-Chula Vista-Carlsbad, CA",San Diego County,2021-02-28,1564.4586994344202,92105,0
96589,396,92020,zip,CA,CA,El Cajon,"San Diego-Chula Vista-Carlsbad, CA",San Diego County,2021-02-28,1595.6236331993198,92020,0
96657,414,92115,zip,CA,CA,San Diego,"San Diego-Chula Vista-Carlsbad, CA",San Diego County,2021-02-28,1848.711220060116,92115,0
96625,475,92071,zip,CA,CA,Santee,"San Diego-Chula Vista-Carlsbad, CA",San Diego County,2021-02-28,2105.599833538691,92071,0
96596,494,92027,zip,CA,CA,Escondido,"San Diego-Chula Vista-Carlsbad, CA",San Diego County,2021-02-28,1649.9314951234528,92027,0
96671,599,92130,zip,CA,CA,San Diego,"San Diego-Chula Vista-Carlsbad, CA",San Diego County,2021-02-28,3014.361188689568,92130,0
96670,651,92129,zip,CA,CA,San Diego,"San Diego-Chula Vista-Carlsbad, CA",San Diego County,2021-02-28,2572.2459671414445,92129,0
96612,655,92056,zip,CA,CA,Oceanside,"San Diego-Chula Vista-Carlsbad, CA",San Diego County,2021-02-28,2023.9836886425403,92056,0
96613,662,92057,zip,CA,CA,Oceanside,"San Diego-Chula Vista-Carlsbad, CA",San Diego County,2021-02-28,2227.9970598699665,92057,0
96548,676,91913,zip,CA,CA,Chula Vista,"San Diego-Chula Vista-Carlsbad, CA",San Diego County,2021-02-28,2344.689702415188,91913,0
96659,787,92117,zip,CA,CA,San Diego,"San Diego-Chula Vista-Carlsbad, CA",San Diego County,2021-02-28,2005.443623321583,92117,0
96593,834,92024,zip,CA,CA,Encinitas,"San Diego-Chula Vista-Carlsbad, CA",San Diego County,2021-02-28,2790.6377713525862,92024,0
96653,960,92111,zip,CA,CA,San Diego,"San Diego-Chula Vista-Carlsbad, CA",San Diego County,2021-02-28,2015.9625467186308,92111,0
96668,995,92127,zip,CA,CA,San Diego,"San Diego-Chula Vista-Carlsbad, CA",San Diego County,2021-02-28,2596.379974323983,92127,0
96629,996,92078,zip,CA,CA,San Marcos,"San Diego-Chula Vista-Carlsbad, CA",San Diego County,2021-02-28,2324.36278936606,92078,0
96669,1063,92128,zip,CA,CA,San Diego,"San Diego-Chula Vista-Carlsbad, CA",San Diego County,2021-02-28,2207.26326592518,92128,0
96582,1105,92009,zip,CA,CA,Carlsbad,"San Diego-Chula Vista-Carlsbad, CA",San Diego County,2021-02-28,2535.9560204291715,92009,0
96646,1143,92104,zip,CA,CA,San Diego,"San Diego-Chula Vista-Carlsbad, CA",San Diego County,2021-02-28,1888.82551792572,92104,0
96664,1151,92122,zip,CA,CA,San Diego,"San Diego-Chula Vista-Carlsbad, CA",San Diego County,2021-02-28,2227.249596538196,92122,1
96623,1220,92069,zip,CA,CA,San Marcos,"San Diego-Chula Vista-Carlsbad, CA",San Diego County,2021-02-28,2135.314013098604,92069,0
96651,1290,92109,zip,CA,CA,San Diego,"San Diego-Chula Vista-Carlsbad, CA",San Diego County,2021-02-28,2278.176643468192,92109,0
96643,1522,92101,zip,CA,CA,San Diego,"San Diego-Chula Vista-Carlsbad, CA",San Diego County,2021-02-28,2318.484289766619,92101,0
96644,1622,92102,zip,CA,CA,San Diego,"San Diego-Chula Vista-Carlsbad, CA",San Diego County,2021-02-28,1792.7399769788472,92102,0
96560,1738,91942,zip,CA,CA,La Mesa,"San Diego-Chula Vista-Carlsbad, CA",San Diego County,2021-02-28,1947.187836695334,91942,0
96610,2205,92054,zip,CA,CA,Oceanside,"San Diego-Chula Vista-Carlsbad, CA",San Diego County,2021-02-28,2156.626307820832,92054,0
96602,2270,92037,zip,CA,CA,San Diego,"San Diego-Chula Vista-Carlsbad, CA",San Diego County,2021-02-28,3058.54318031872,92037,1
96672,2406,92131,zip,CA,CA,San Diego,"San Diego-Chula Vista-Carlsbad, CA",San Diego County,2021-02-28,2560.451980423108,92131,0
96645,2966,92103,zip,CA,CA,San Diego,"San Diego-Chula Vista-Carlsbad, CA",San Diego County,2021-02-28,2024.3737056835832,92103,0
96652,3560,92110,zip,CA,CA,San Diego,"San Diego-Chula Vista-Carlsbad, CA",San Diego County,2021-02-28,2148.137490108861,92110,0
96649,3605,92107,zip,CA,CA,San Diego,"San Diego-Chula Vista-Carlsbad, CA",San Diego County,2021-02-28,2095.350420905359,92107,0
96658,3607,92116,zip,CA,CA,San Diego,"San Diego-Chula Vista-Carlsbad, CA",San Diego County,2021-02-28,1851.6933088994635,92116,0
96581,3914,92008,zip,CA,CA,Carlsbad,"San Diego-Chula Vista-Carlsbad, CA",San Diego County,2021-02-28,2211.356571503061,92008,0
96555,4492,91932,zip,CA,CA,Imperial Beach,"San Diego-Chula Vista-Carlsbad, CA",San Diego County,2021-02-28,2111.987169030599,91932,0
96584,5214,92011,zip,CA,CA,Carlsbad,"San Diego-Chula Vista-Carlsbad, CA",San Diego County,2021-02-28,2888.032165376605,92011,0
96650,5900,92108,zip,CA,CA,San Diego,"San Diego-Chula Vista-Carlsbad, CA",San Diego County,2021-02-28,2236.7607656983314,92108,0
96660,7608,92118,zip,CA,CA,Coronado,"San Diego-Chula Vista-Carlsbad, CA",San Diego County,2021-02-28,3590.9201264768644,92118,0
96546,52,91911,zip,CA,CA,Chula Vista,"San Diego-Chula Vista-Carlsbad, CA",San Diego County,2021-03-31,1942.3716365288903,91911,0
96690,61,92154,zip,CA,CA,San Diego,"San Diego-Chula Vista-Carlsbad, CA",San Diego County,2021-03-31,2122.390056171974,92154,0
96545,153,91910,zip,CA,CA,Chula Vista,"San Diego-Chula Vista-Carlsbad, CA",San Diego County,2021-03-31,1881.1353322863629,91910,0
96667,166,92126,zip,CA,CA,San Diego,"San Diego-Chula Vista-Carlsbad, CA",San Diego County,2021-03-31,2152.998745308159,92126,1
96647,207,92105,zip,CA,CA,San Diego,"San Diego-Chula Vista-Carlsbad, CA",San Diego County,2021-03-31,1600.7475767019257,92105,0
96589,396,92020,zip,CA,CA,El Cajon,"San Diego-Chula Vista-Carlsbad, CA",San Diego County,2021-03-31,1625.9160687788149,92020,0
96657,414,92115,zip,CA,CA,San Diego,"San Diego-Chula Vista-Carlsbad, CA",San Diego County,2021-03-31,1862.4171819707296,92115,0
96625,475,92071,zip,CA,CA,Santee,"San Diego-Chula Vista-Carlsbad, CA",San Diego County,2021-03-31,2112.8533660044627,92071,0
96596,494,92027,zip,CA,CA,Escondido,"San Diego-Chula Vista-Carlsbad, CA",San Diego County,2021-03-31,1645.3520275730853,92027,0
96671,599,92130,zip,CA,CA,San Diego,"San Diego-Chula Vista-Carlsbad, CA",San Diego County,2021-03-31,3046.423606752093,92130,0
96670,651,92129,zip,CA,CA,San Diego,"San Diego-Chula Vista-Carlsbad, CA",San Diego County,2021-03-31,2637.8963924484565,92129,0
96612,655,92056,zip,CA,CA,Oceanside,"San Diego-Chula Vista-Carlsbad, CA",San Diego County,2021-03-31,2016.670442561896,92056,0
96613,662,92057,zip,CA,CA,Oceanside,"San Diego-Chula Vista-Carlsbad, CA",San Diego County,2021-03-31,2255.215323879401,92057,0
96548,676,91913,zip,CA,CA,Chula Vista,"San Diego-Chula Vista-Carlsbad, CA",San Diego County,2021-03-31,2369.2555730915296,91913,0
96659,787,92117,zip,CA,CA,San Diego,"San Diego-Chula Vista-Carlsbad, CA",San Diego County,2021-03-31,1985.0844130305195,92117,0
96593,834,92024,zip,CA,CA,Encinitas,"San Diego-Chula Vista-Carlsbad, CA",San Diego County,2021-03-31,2777.934269476649,92024,0
96653,960,92111,zip,CA,CA,San Diego,"San Diego-Chula Vista-Carlsbad, CA",San Diego County,2021-03-31,2020.052349954416,92111,0
96668,995,92127,zip,CA,CA,San Diego,"San Diego-Chula Vista-Carlsbad, CA",San Diego County,2021-03-31,2624.341764648584,92127,0
96629,996,92078,zip,CA,CA,San Marcos,"San Diego-Chula Vista-Carlsbad, CA",San Diego County,2021-03-31,2361.320946452209,92078,0
96669,1063,92128,zip,CA,CA,San Diego,"San Diego-Chula Vista-Carlsbad, CA",San Diego County,2021-03-31,2202.208718095603,92128,0
96582,1105,92009,zip,CA,CA,Carlsbad,"San Diego-Chula Vista-Carlsbad, CA",San Diego County,2021-03-31,2622.8941374754354,92009,0
96646,1143,92104,zip,CA,CA,San Diego,"San Diego-Chula Vista-Carlsbad, CA",San Diego County,2021-03-31,1916.3023209421367,92104,0
96664,1151,92122,zip,CA,CA,San Diego,"San Diego-Chula Vista-Carlsbad, CA",San Diego County,2021-03-31,2246.416127152591,92122,1
96623,1220,92069,zip,CA,CA,San Marcos,"San Diego-Chula Vista-Carlsbad, CA",San Diego County,2021-03-31,2174.780984958455,92069,0
96651,1290,92109,zip,CA,CA,San Diego,"San Diego-Chula Vista-Carlsbad, CA",San Diego County,2021-03-31,2314.340563847331,92109,0
96643,1522,92101,zip,CA,CA,San Diego,"San Diego-Chula Vista-Carlsbad, CA",San Diego County,2021-03-31,2345.44877427284,92101,0
96644,1622,92102,zip,CA,CA,San Diego,"San Diego-Chula Vista-Carlsbad, CA",San Diego County,2021-03-31,1820.223030396774,92102,0
96560,1738,91942,zip,CA,CA,La Mesa,"San Diego-Chula Vista-Carlsbad, CA",San Diego County,2021-03-31,1940.0957408759773,91942,0
96610,2205,92054,zip,CA,CA,Oceanside,"San Diego-Chula Vista-Carlsbad, CA",San Diego County,2021-03-31,2151.128124842993,92054,0
96602,2270,92037,zip,CA,CA,San Diego,"San Diego-Chula Vista-Carlsbad, CA",San Diego County,2021-03-31,3026.3710210436343,92037,1
96672,2406,92131,zip,CA,CA,San Diego,"San Diego-Chula Vista-Carlsbad, CA",San Diego County,2021-03-31,2592.467898107483,92131,0
96645,2966,92103,zip,CA,CA,San Diego,"San Diego-Chula Vista-Carlsbad, CA",San Diego County,2021-03-31,2036.8633237302815,92103,0
96652,3560,92110,zip,CA,CA,San Diego,"San Diego-Chula Vista-Carlsbad, CA",San Diego County,2021-03-31,2156.7889343022603,92110,0
96649,3605,92107,zip,CA,CA,San Diego,"San Diego-Chula Vista-Carlsbad, CA",San Diego County,2021-03-31,2103.5124738902027,92107,0
96658,3607,92116,zip,CA,CA,San Diego,"San Diego-Chula Vista-Carlsbad, CA",San Diego County,2021-03-31,1860.7786332331505,92116,0
96581,3914,92008,zip,CA,CA,Carlsbad,"San Diego-Chula Vista-Carlsbad, CA",San Diego County,2021-03-31,2221.130201010769,92008,0
96555,4492,91932,zip,CA,CA,Imperial Beach,"San Diego-Chula Vista-Carlsbad, CA",San Diego County,2021-03-31,2171.2862159814454,91932,0
96584,5214,92011,zip,CA,CA,Carlsbad,"San Diego-Chula Vista-Carlsbad, CA",San Diego County,2021-03-31,2896.996049945423,92011,0
96650,5900,92108,zip,CA,CA,San Diego,"San Diego-Chula Vista-Carlsbad, CA",San Diego County,2021-03-31,2260.6432944526737,92108,0
96660,7608,92118,zip,CA,CA,Coronado,"San Diego-Chula Vista-Carlsbad, CA",San Diego County,2021-03-31,3480.891375102512,92118,0
96546,52,91911,zip,CA,CA,Chula Vista,"San Diego-Chula Vista-Carlsbad, CA",San Diego County,2021-04-30,1933.7019003763005,91911,0
96690,61,92154,zip,CA,CA,San Diego,"San Diego-Chula Vista-Carlsbad, CA",San Diego County,2021-04-30,2124.496249591812,92154,0
96545,153,91910,zip,CA,CA,Chula Vista,"San Diego-Chula Vista-Carlsbad, CA",San Diego County,2021-04-30,1928.945627883078,91910,0
96667,166,92126,zip,CA,CA,San Diego,"San Diego-Chula Vista-Carlsbad, CA",San Diego County,2021-04-30,2185.093858666401,92126,1
96647,207,92105,zip,CA,CA,San Diego,"San Diego-Chula Vista-Carlsbad, CA",San Diego County,2021-04-30,1632.1823420433752,92105,0
96589,396,92020,zip,CA,CA,El Cajon,"San Diego-Chula Vista-Carlsbad, CA",San Diego County,2021-04-30,1629.9392881941767,92020,0
96657,414,92115,zip,CA,CA,San Diego,"San Diego-Chula Vista-Carlsbad, CA",San Diego County,2021-04-30,1867.0230991303924,92115,0
96625,475,92071,zip,CA,CA,Santee,"San Diego-Chula Vista-Carlsbad, CA",San Diego County,2021-04-30,2148.029487175279,92071,0
96596,494,92027,zip,CA,CA,Escondido,"San Diego-Chula Vista-Carlsbad, CA",San Diego County,2021-04-30,1680.0529912313757,92027,0
96671,599,92130,zip,CA,CA,San Diego,"San Diego-Chula Vista-Carlsbad, CA",San Diego County,2021-04-30,3083.0875580226825,92130,0
96670,651,92129,zip,CA,CA,San Diego,"San Diego-Chula Vista-Carlsbad, CA",San Diego County,2021-04-30,2743.285094098817,92129,0
96612,655,92056,zip,CA,CA,Oceanside,"San Diego-Chula Vista-Carlsbad, CA",San Diego County,2021-04-30,2057.6335107060536,92056,0
96613,662,92057,zip,CA,CA,Oceanside,"San Diego-Chula Vista-Carlsbad, CA",San Diego County,2021-04-30,2325.6449784180245,92057,0
96548,676,91913,zip,CA,CA,Chula Vista,"San Diego-Chula Vista-Carlsbad, CA",San Diego County,2021-04-30,2387.7254217762547,91913,0
96659,787,92117,zip,CA,CA,San Diego,"San Diego-Chula Vista-Carlsbad, CA",San Diego County,2021-04-30,2036.3141475966409,92117,0
96593,834,92024,zip,CA,CA,Encinitas,"San Diego-Chula Vista-Carlsbad, CA",San Diego County,2021-04-30,2839.862188915092,92024,0
96653,960,92111,zip,CA,CA,San Diego,"San Diego-Chula Vista-Carlsbad, CA",San Diego County,2021-04-30,2072.137028499176,92111,0
96668,995,92127,zip,CA,CA,San Diego,"San Diego-Chula Vista-Carlsbad, CA",San Diego County,2021-04-30,2646.2791669100643,92127,0
96629,996,92078,zip,CA,CA,San Marcos,"San Diego-Chula Vista-Carlsbad, CA",San Diego County,2021-04-30,2410.496562110025,92078,0
96669,1063,92128,zip,CA,CA,San Diego,"San Diego-Chula Vista-Carlsbad, CA",San Diego County,2021-04-30,2230.1327259870745,92128,0
96582,1105,92009,zip,CA,CA,Carlsbad,"San Diego-Chula Vista-Carlsbad, CA",San Diego County,2021-04-30,2629.718060018547,92009,0
96646,1143,92104,zip,CA,CA,San Diego,"San Diego-Chula Vista-Carlsbad, CA",San Diego County,2021-04-30,1939.1261096012624,92104,0
96664,1151,92122,zip,CA,CA,San Diego,"San Diego-Chula Vista-Carlsbad, CA",San Diego County,2021-04-30,2271.9800301158234,92122,1
96623,1220,92069,zip,CA,CA,San Marcos,"San Diego-Chula Vista-Carlsbad, CA",San Diego County,2021-04-30,2194.232488669488,92069,0
96651,1290,92109,zip,CA,CA,San Diego,"San Diego-Chula Vista-Carlsbad, CA",San Diego County,2021-04-30,2317.657560169824,92109,0
96643,1522,92101,zip,CA,CA,San Diego,"San Diego-Chula Vista-Carlsbad, CA",San Diego County,2021-04-30,2365.445002724855,92101,0
96644,1622,92102,zip,CA,CA,San Diego,"San Diego-Chula Vista-Carlsbad, CA",San Diego County,2021-04-30,1825.103636808923,92102,0
96560,1738,91942,zip,CA,CA,La Mesa,"San Diego-Chula Vista-Carlsbad, CA",San Diego County,2021-04-30,1962.2821403644184,91942,0
96610,2205,92054,zip,CA,CA,Oceanside,"San Diego-Chula Vista-Carlsbad, CA",San Diego County,2021-04-30,2163.337271700521,92054,0
96602,2270,92037,zip,CA,CA,San Diego,"San Diego-Chula Vista-Carlsbad, CA",San Diego County,2021-04-30,3068.446535043961,92037,1
96672,2406,92131,zip,CA,CA,San Diego,"San Diego-Chula Vista-Carlsbad, CA",San Diego County,2021-04-30,2631.011245942202,92131,0
96645,2966,92103,zip,CA,CA,San Diego,"San Diego-Chula Vista-Carlsbad, CA",San Diego County,2021-04-30,2073.6975106563496,92103,0
96652,3560,92110,zip,CA,CA,San Diego,"San Diego-Chula Vista-Carlsbad, CA",San Diego County,2021-04-30,2185.768605709157,92110,0
96649,3605,92107,zip,CA,CA,San Diego,"San Diego-Chula Vista-Carlsbad, CA",San Diego County,2021-04-30,2138.394233598493,92107,0
96658,3607,92116,zip,CA,CA,San Diego,"San Diego-Chula Vista-Carlsbad, CA",San Diego County,2021-04-30,1882.928805294944,92116,0
96581,3914,92008,zip,CA,CA,Carlsbad,"San Diego-Chula Vista-Carlsbad, CA",San Diego County,2021-04-30,2256.669858984269,92008,0
96555,4492,91932,zip,CA,CA,Imperial Beach,"San Diego-Chula Vista-Carlsbad, CA",San Diego County,2021-04-30,2170.760082157071,91932,0
96584,5214,92011,zip,CA,CA,Carlsbad,"San Diego-Chula Vista-Carlsbad, CA",San Diego County,2021-04-30,2947.7175869724824,92011,0
96650,5900,92108,zip,CA,CA,San Diego,"San Diego-Chula Vista-Carlsbad, CA",San Diego County,2021-04-30,2291.6311937207565,92108,0
96660,7608,92118,zip,CA,CA,Coronado,"San Diego-Chula Vista-Carlsbad, CA",San Diego County,2021-04-30,3484.487994444717,92118,0
96546,52,91911,zip,CA,CA,Chula Vista,"San Diego-Chula Vista-Carlsbad, CA",San Diego County,2021-05-31,1948.4536200123769,91911,0
96690,61,92154,zip,CA,CA,San Diego,"San Diego-Chula Vista-Carlsbad, CA",San Diego County,2021-05-31,2152.002553812231,92154,0
96545,153,91910,zip,CA,CA,Chula Vista,"San Diego-Chula Vista-Carlsbad, CA",San Diego County,2021-05-31,1953.6003107565843,91910,0
96667,166,92126,zip,CA,CA,San Diego,"San Diego-Chula Vista-Carlsbad, CA",San Diego County,2021-05-31,2211.542891618751,92126,1
96647,207,92105,zip,CA,CA,San Diego,"San Diego-Chula Vista-Carlsbad, CA",San Diego County,2021-05-31,1653.3515498174906,92105,0
96589,396,92020,zip,CA,CA,El Cajon,"San Diego-Chula Vista-Carlsbad, CA",San Diego County,2021-05-31,1661.0431748483186,92020,0
96657,414,92115,zip,CA,CA,San Diego,"San Diego-Chula Vista-Carlsbad, CA",San Diego County,2021-05-31,1881.022407015462,92115,0
96625,475,92071,zip,CA,CA,Santee,"San Diego-Chula Vista-Carlsbad, CA",San Diego County,2021-05-31,2165.2989500454128,92071,0
96596,494,92027,zip,CA,CA,Escondido,"San Diego-Chula Vista-Carlsbad, CA",San Diego County,2021-05-31,1712.6139321169965,92027,0
96671,599,92130,zip,CA,CA,San Diego,"San Diego-Chula Vista-Carlsbad, CA",San Diego County,2021-05-31,3160.0811847284926,92130,0
96670,651,92129,zip,CA,CA,San Diego,"San Diego-Chula Vista-Carlsbad, CA",San Diego County,2021-05-31,2792.030922188783,92129,0
96612,655,92056,zip,CA,CA,Oceanside,"San Diego-Chula Vista-Carlsbad, CA",San Diego County,2021-05-31,2119.458824031431,92056,0
96613,662,92057,zip,CA,CA,Oceanside,"San Diego-Chula Vista-Carlsbad, CA",San Diego County,2021-05-31,2356.628294809077,92057,0
96548,676,91913,zip,CA,CA,Chula Vista,"San Diego-Chula Vista-Carlsbad, CA",San Diego County,2021-05-31,2427.231809395534,91913,0
96659,787,92117,zip,CA,CA,San Diego,"San Diego-Chula Vista-Carlsbad, CA",San Diego County,2021-05-31,2065.8244687993383,92117,0
96593,834,92024,zip,CA,CA,Encinitas,"San Diego-Chula Vista-Carlsbad, CA",San Diego County,2021-05-31,2927.105445403801,92024,0
96653,960,92111,zip,CA,CA,San Diego,"San Diego-Chula Vista-Carlsbad, CA",San Diego County,2021-05-31,2169.8588975096923,92111,0
96668,995,92127,zip,CA,CA,San Diego,"San Diego-Chula Vista-Carlsbad, CA",San Diego County,2021-05-31,2701.1386487097825,92127,0
96629,996,92078,zip,CA,CA,San Marcos,"San Diego-Chula Vista-Carlsbad, CA",San Diego County,2021-05-31,2465.7129159440383,92078,0
96669,1063,92128,zip,CA,CA,San Diego,"San Diego-Chula Vista-Carlsbad, CA",San Diego County,2021-05-31,2285.686432172395,92128,0
96582,1105,92009,zip,CA,CA,Carlsbad,"San Diego-Chula Vista-Carlsbad, CA",San Diego County,2021-05-31,2707.8739465310896,92009,0
96646,1143,92104,zip,CA,CA,San Diego,"San Diego-Chula Vista-Carlsbad, CA",San Diego County,2021-05-31,1959.9255891412213,92104,0
96664,1151,92122,zip,CA,CA,San Diego,"San Diego-Chula Vista-Carlsbad, CA",San Diego County,2021-05-31,2336.346111637705,92122,1
96623,1220,92069,zip,CA,CA,San Marcos,"San Diego-Chula Vista-Carlsbad, CA",San Diego County,2021-05-31,2225.3267045085954,92069,0
96651,1290,92109,zip,CA,CA,San Diego,"San Diego-Chula Vista-Carlsbad, CA",San Diego County,2021-05-31,2343.470497040989,92109,0
96643,1522,92101,zip,CA,CA,San Diego,"San Diego-Chula Vista-Carlsbad, CA",San Diego County,2021-05-31,2399.6136696359026,92101,0
96644,1622,92102,zip,CA,CA,San Diego,"San Diego-Chula Vista-Carlsbad, CA",San Diego County,2021-05-31,1831.2852653217096,92102,0
96560,1738,91942,zip,CA,CA,La Mesa,"San Diego-Chula Vista-Carlsbad, CA",San Diego County,2021-05-31,1977.9634185741472,91942,0
96610,2205,92054,zip,CA,CA,Oceanside,"San Diego-Chula Vista-Carlsbad, CA",San Diego County,2021-05-31,2177.070067309364,92054,0
96602,2270,92037,zip,CA,CA,San Diego,"San Diego-Chula Vista-Carlsbad, CA",San Diego County,2021-05-31,3142.317935489854,92037,1
96672,2406,92131,zip,CA,CA,San Diego,"San Diego-Chula Vista-Carlsbad, CA",San Diego County,2021-05-31,2642.046973752944,92131,0
96645,2966,92103,zip,CA,CA,San Diego,"San Diego-Chula Vista-Carlsbad, CA",San Diego County,2021-05-31,2107.0518812607684,92103,0
96652,3560,92110,zip,CA,CA,San Diego,"San Diego-Chula Vista-Carlsbad, CA",San Diego County,2021-05-31,2254.6525109008603,92110,0
96649,3605,92107,zip,CA,CA,San Diego,"San Diego-Chula Vista-Carlsbad, CA",San Diego County,2021-05-31,2136.932657983616,92107,0
96658,3607,92116,zip,CA,CA,San Diego,"San Diego-Chula Vista-Carlsbad, CA",San Diego County,2021-05-31,1904.6417448387008,92116,0
96581,3914,92008,zip,CA,CA,Carlsbad,"San Diego-Chula Vista-Carlsbad, CA",San Diego County,2021-05-31,2301.609015758184,92008,0
96555,4492,91932,zip,CA,CA,Imperial Beach,"San Diego-Chula Vista-Carlsbad, CA",San Diego County,2021-05-31,2177.4721952785226,91932,0
96584,5214,92011,zip,CA,CA,Carlsbad,"San Diego-Chula Vista-Carlsbad, CA",San Diego County,2021-05-31,3002.669190247049,92011,0
96650,5900,92108,zip,CA,CA,San Diego,"San Diego-Chula Vista-Carlsbad, CA",San Diego County,2021-05-31,2341.51471005674,92108,0
96660,7608,92118,zip,CA,CA,Coronado,"San Diego-Chula Vista-Carlsbad, CA",San Diego County,2021-05-31,3558.374704002532,92118,0
96546,52,91911,zip,CA,CA,Chula Vista,"San Diego-Chula Vista-Carlsbad, CA",San Diego County,2021-06-30,1955.528000964296,91911,0
96690,61,92154,zip,CA,CA,San Diego,"San Diego-Chula Vista-Carlsbad, CA",San Diego County,2021-06-30,2181.3691599689887,92154,0
96545,153,91910,zip,CA,CA,Chula Vista,"San Diego-Chula Vista-Carlsbad, CA",San Diego County,2021-06-30,1983.520142634604,91910,0
96667,166,92126,zip,CA,CA,San Diego,"San Diego-Chula Vista-Carlsbad, CA",San Diego County,2021-06-30,2255.4744923694298,92126,1
96647,207,92105,zip,CA,CA,San Diego,"San Diego-Chula Vista-Carlsbad, CA",San Diego County,2021-06-30,1659.2839897793267,92105,0
96589,396,92020,zip,CA,CA,El Cajon,"San Diego-Chula Vista-Carlsbad, CA",San Diego County,2021-06-30,1675.0126307791795,92020,0
96657,414,92115,zip,CA,CA,San Diego,"San Diego-Chula Vista-Carlsbad, CA",San Diego County,2021-06-30,1895.284857924157,92115,0
96625,475,92071,zip,CA,CA,Santee,"San Diego-Chula Vista-Carlsbad, CA",San Diego County,2021-06-30,2215.3880144485665,92071,0
96596,494,92027,zip,CA,CA,Escondido,"San Diego-Chula Vista-Carlsbad, CA",San Diego County,2021-06-30,1776.668060110695,92027,0
96671,599,92130,zip,CA,CA,San Diego,"San Diego-Chula Vista-Carlsbad, CA",San Diego County,2021-06-30,3233.483583350603,92130,0
96670,651,92129,zip,CA,CA,San Diego,"San Diego-Chula Vista-Carlsbad, CA",San Diego County,2021-06-30,2840.643842306001,92129,0
96612,655,92056,zip,CA,CA,Oceanside,"San Diego-Chula Vista-Carlsbad, CA",San Diego County,2021-06-30,2167.0098219817683,92056,0
96613,662,92057,zip,CA,CA,Oceanside,"San Diego-Chula Vista-Carlsbad, CA",San Diego County,2021-06-30,2397.103925648117,92057,0
96548,676,91913,zip,CA,CA,Chula Vista,"San Diego-Chula Vista-Carlsbad, CA",San Diego County,2021-06-30,2479.932913693346,91913,0
96659,787,92117,zip,CA,CA,San Diego,"San Diego-Chula Vista-Carlsbad, CA",San Diego County,2021-06-30,2115.300902645625,92117,0
96593,834,92024,zip,CA,CA,Encinitas,"San Diego-Chula Vista-Carlsbad, CA",San Diego County,2021-06-30,2976.4781791323444,92024,0
96653,960,92111,zip,CA,CA,San Diego,"San Diego-Chula Vista-Carlsbad, CA",San Diego County,2021-06-30,2208.560653727013,92111,0
96668,995,92127,zip,CA,CA,San Diego,"San Diego-Chula Vista-Carlsbad, CA",San Diego County,2021-06-30,2765.352913814504,92127,0
96629,996,92078,zip,CA,CA,San Marcos,"San Diego-Chula Vista-Carlsbad, CA",San Diego County,2021-06-30,2540.014278830609,92078,0
96669,1063,92128,zip,CA,CA,San Diego,"San Diego-Chula Vista-Carlsbad, CA",San Diego County,2021-06-30,2344.324164460931,92128,0
96582,1105,92009,zip,CA,CA,Carlsbad,"San Diego-Chula Vista-Carlsbad, CA",San Diego County,2021-06-30,2739.7742265343663,92009,0
96646,1143,92104,zip,CA,CA,San Diego,"San Diego-Chula Vista-Carlsbad, CA",San Diego County,2021-06-30,1981.0743651889013,92104,0
96664,1151,92122,zip,CA,CA,San Diego,"San Diego-Chula Vista-Carlsbad, CA",San Diego County,2021-06-30,2413.118185755912,92122,1
96623,1220,92069,zip,CA,CA,San Marcos,"San Diego-Chula Vista-Carlsbad, CA",San Diego County,2021-06-30,2246.5719857660565,92069,0
96651,1290,92109,zip,CA,CA,San Diego,"San Diego-Chula Vista-Carlsbad, CA",San Diego County,2021-06-30,2386.1468568764208,92109,0
96643,1522,92101,zip,CA,CA,San Diego,"San Diego-Chula Vista-Carlsbad, CA",San Diego County,2021-06-30,2439.751724120428,92101,0
96644,1622,92102,zip,CA,CA,San Diego,"San Diego-Chula Vista-Carlsbad, CA",San Diego County,2021-06-30,1843.4831053476817,92102,0
96560,1738,91942,zip,CA,CA,La Mesa,"San Diego-Chula Vista-Carlsbad, CA",San Diego County,2021-06-30,2010.7739410253616,91942,0
96610,2205,92054,zip,CA,CA,Oceanside,"San Diego-Chula Vista-Carlsbad, CA",San Diego County,2021-06-30,2206.4662683845117,92054,0
96602,2270,92037,zip,CA,CA,San Diego,"San Diego-Chula Vista-Carlsbad, CA",San Diego County,2021-06-30,3224.094939964624,92037,1
96672,2406,92131,zip,CA,CA,San Diego,"San Diego-Chula Vista-Carlsbad, CA",San Diego County,2021-06-30,2678.5387689237355,92131,0
96645,2966,92103,zip,CA,CA,San Diego,"San Diego-Chula Vista-Carlsbad, CA",San Diego County,2021-06-30,2145.717423447323,92103,0
96652,3560,92110,zip,CA,CA,San Diego,"San Diego-Chula Vista-Carlsbad, CA",San Diego County,2021-06-30,2322.739943451462,92110,0
96649,3605,92107,zip,CA,CA,San Diego,"San Diego-Chula Vista-Carlsbad, CA",San Diego County,2021-06-30,2157.3409714283207,92107,0
96658,3607,92116,zip,CA,CA,San Diego,"San Diego-Chula Vista-Carlsbad, CA",San Diego County,2021-06-30,1934.7477210275736,92116,0
96581,3914,92008,zip,CA,CA,Carlsbad,"San Diego-Chula Vista-Carlsbad, CA",San Diego County,2021-06-30,2331.26770106362,92008,0
96555,4492,91932,zip,CA,CA,Imperial Beach,"San Diego-Chula Vista-Carlsbad, CA",San Diego County,2021-06-30,2222.7183635035644,91932,0
96584,5214,92011,zip,CA,CA,Carlsbad,"San Diego-Chula Vista-Carlsbad, CA",San Diego County,2021-06-30,3052.939798922711,92011,0
96650,5900,92108,zip,CA,CA,San Diego,"San Diego-Chula Vista-Carlsbad, CA",San Diego County,2021-06-30,2352.1905751277886,92108,0
96660,7608,92118,zip,CA,CA,Coronado,"San Diego-Chula Vista-Carlsbad, CA",San Diego County,2021-06-30,3666.536572058026,92118,0
96546,52,91911,zip,CA,CA,Chula Vista,"San Diego-Chula Vista-Carlsbad, CA",San Diego County,2021-07-31,2007.540728328319,91911,0
96690,61,92154,zip,CA,CA,San Diego,"San Diego-Chula Vista-Carlsbad, CA",San Diego County,2021-07-31,2238.425439563476,92154,0
96545,153,91910,zip,CA,CA,Chula Vista,"San Diego-Chula Vista-Carlsbad, CA",San Diego County,2021-07-31,2005.6205741657463,91910,0
96667,166,92126,zip,CA,CA,San Diego,"San Diego-Chula Vista-Carlsbad, CA",San Diego County,2021-07-31,2307.8346729788072,92126,1
96647,207,92105,zip,CA,CA,San Diego,"San Diego-Chula Vista-Carlsbad, CA",San Diego County,2021-07-31,1672.1601740207736,92105,0
96589,396,92020,zip,CA,CA,El Cajon,"San Diego-Chula Vista-Carlsbad, CA",San Diego County,2021-07-31,1717.830818166232,92020,0
96657,414,92115,zip,CA,CA,San Diego,"San Diego-Chula Vista-Carlsbad, CA",San Diego County,2021-07-31,1936.6090554110187,92115,0
96625,475,92071,zip,CA,CA,Santee,"San Diego-Chula Vista-Carlsbad, CA",San Diego County,2021-07-31,2245.0706841730944,92071,0
96596,494,92027,zip,CA,CA,Escondido,"San Diego-Chula Vista-Carlsbad, CA",San Diego County,2021-07-31,1824.7734323141897,92027,0
96671,599,92130,zip,CA,CA,San Diego,"San Diego-Chula Vista-Carlsbad, CA",San Diego County,2021-07-31,3310.768377827313,92130,0
96670,651,92129,zip,CA,CA,San Diego,"San Diego-Chula Vista-Carlsbad, CA",San Diego County,2021-07-31,2880.352300117545,92129,0
96612,655,92056,zip,CA,CA,Oceanside,"San Diego-Chula Vista-Carlsbad, CA",San Diego County,2021-07-31,2204.113358006915,92056,0
96613,662,92057,zip,CA,CA,Oceanside,"San Diego-Chula Vista-Carlsbad, CA",San Diego County,2021-07-31,2433.217677425842,92057,0
96548,676,91913,zip,CA,CA,Chula Vista,"San Diego-Chula Vista-Carlsbad, CA",San Diego County,2021-07-31,2528.4225439105862,91913,0
96659,787,92117,zip,CA,CA,San Diego,"San Diego-Chula Vista-Carlsbad, CA",San Diego County,2021-07-31,2144.7169081037546,92117,0
96593,834,92024,zip,CA,CA,Encinitas,"San Diego-Chula Vista-Carlsbad, CA",San Diego County,2021-07-31,3010.4849157963163,92024,0
96653,960,92111,zip,CA,CA,San Diego,"San Diego-Chula Vista-Carlsbad, CA",San Diego County,2021-07-31,2215.8294964638426,92111,0
96668,995,92127,zip,CA,CA,San Diego,"San Diego-Chula Vista-Carlsbad, CA",San Diego County,2021-07-31,2838.411369230572,92127,0
96629,996,92078,zip,CA,CA,San Marcos,"San Diego-Chula Vista-Carlsbad, CA",San Diego County,2021-07-31,2590.202160858774,92078,0
96669,1063,92128,zip,CA,CA,San Diego,"San Diego-Chula Vista-Carlsbad, CA",San Diego County,2021-07-31,2401.754688500288,92128,0
96582,1105,92009,zip,CA,CA,Carlsbad,"San Diego-Chula Vista-Carlsbad, CA",San Diego County,2021-07-31,2808.7398985240147,92009,0
96646,1143,92104,zip,CA,CA,San Diego,"San Diego-Chula Vista-Carlsbad, CA",San Diego County,2021-07-31,2003.3595228936929,92104,0
96664,1151,92122,zip,CA,CA,San Diego,"San Diego-Chula Vista-Carlsbad, CA",San Diego County,2021-07-31,2538.192982588555,92122,1
96623,1220,92069,zip,CA,CA,San Marcos,"San Diego-Chula Vista-Carlsbad, CA",San Diego County,2021-07-31,2276.3485362020174,92069,0
96651,1290,92109,zip,CA,CA,San Diego,"San Diego-Chula Vista-Carlsbad, CA",San Diego County,2021-07-31,2455.264222472857,92109,0
96643,1522,92101,zip,CA,CA,San Diego,"San Diego-Chula Vista-Carlsbad, CA",San Diego County,2021-07-31,2488.728336684385,92101,0
96644,1622,92102,zip,CA,CA,San Diego,"San Diego-Chula Vista-Carlsbad, CA",San Diego County,2021-07-31,1870.0197265255736,92102,0
96560,1738,91942,zip,CA,CA,La Mesa,"San Diego-Chula Vista-Carlsbad, CA",San Diego County,2021-07-31,2027.2835009938333,91942,0
96610,2205,92054,zip,CA,CA,Oceanside,"San Diego-Chula Vista-Carlsbad, CA",San Diego County,2021-07-31,2249.7095651385016,92054,0
96602,2270,92037,zip,CA,CA,San Diego,"San Diego-Chula Vista-Carlsbad, CA",San Diego County,2021-07-31,3330.628518360957,92037,1
96672,2406,92131,zip,CA,CA,San Diego,"San Diego-Chula Vista-Carlsbad, CA",San Diego County,2021-07-31,2746.548175327764,92131,0
96645,2966,92103,zip,CA,CA,San Diego,"San Diego-Chula Vista-Carlsbad, CA",San Diego County,2021-07-31,2175.362806996229,92103,0
96652,3560,92110,zip,CA,CA,San Diego,"San Diego-Chula Vista-Carlsbad, CA",San Diego County,2021-07-31,2376.9233648823897,92110,0
96649,3605,92107,zip,CA,CA,San Diego,"San Diego-Chula Vista-Carlsbad, CA",San Diego County,2021-07-31,2181.582932747911,92107,0
96658,3607,92116,zip,CA,CA,San Diego,"San Diego-Chula Vista-Carlsbad, CA",San Diego County,2021-07-31,1959.59914878546,92116,0
96581,3914,92008,zip,CA,CA,Carlsbad,"San Diego-Chula Vista-Carlsbad, CA",San Diego County,2021-07-31,2392.4017225419784,92008,0
96555,4492,91932,zip,CA,CA,Imperial Beach,"San Diego-Chula Vista-Carlsbad, CA",San Diego County,2021-07-31,2266.360827767563,91932,0
96584,5214,92011,zip,CA,CA,Carlsbad,"San Diego-Chula Vista-Carlsbad, CA",San Diego County,2021-07-31,3145.760397772877,92011,0
96650,5900,92108,zip,CA,CA,San Diego,"San Diego-Chula Vista-Carlsbad, CA",San Diego County,2021-07-31,2438.493169028073,92108,0
96660,7608,92118,zip,CA,CA,Coronado,"San Diego-Chula Vista-Carlsbad, CA",San Diego County,2021-07-31,3865.902679511645,92118,0
96546,52,91911,zip,CA,CA,Chula Vista,"San Diego-Chula Vista-Carlsbad, CA",San Diego County,2021-08-31,2056.030561104148,91911,0
96690,61,92154,zip,CA,CA,San Diego,"San Diego-Chula Vista-Carlsbad, CA",San Diego County,2021-08-31,2302.4019204271794,92154,0
96545,153,91910,zip,CA,CA,Chula Vista,"San Diego-Chula Vista-Carlsbad, CA",San Diego County,2021-08-31,2052.0577730392083,91910,0
96667,166,92126,zip,CA,CA,San Diego,"San Diego-Chula Vista-Carlsbad, CA",San Diego County,2021-08-31,2374.298100641911,92126,1
96647,207,92105,zip,CA,CA,San Diego,"San Diego-Chula Vista-Carlsbad, CA",San Diego County,2021-08-31,1706.55503963245,92105,0
96589,396,92020,zip,CA,CA,El Cajon,"San Diego-Chula Vista-Carlsbad, CA",San Diego County,2021-08-31,1745.2613879776795,92020,0
96657,414,92115,zip,CA,CA,San Diego,"San Diego-Chula Vista-Carlsbad, CA",San Diego County,2021-08-31,1985.5061208112445,92115,0
96625,475,92071,zip,CA,CA,Santee,"San Diego-Chula Vista-Carlsbad, CA",San Diego County,2021-08-31,2288.1185254120496,92071,0
96596,494,92027,zip,CA,CA,Escondido,"San Diego-Chula Vista-Carlsbad, CA",San Diego County,2021-08-31,1882.4519678097297,92027,0
96671,599,92130,zip,CA,CA,San Diego,"San Diego-Chula Vista-Carlsbad, CA",San Diego County,2021-08-31,3384.172712312749,92130,0
96670,651,92129,zip,CA,CA,San Diego,"San Diego-Chula Vista-Carlsbad, CA",San Diego County,2021-08-31,2910.807766611246,92129,0
96612,655,92056,zip,CA,CA,Oceanside,"San Diego-Chula Vista-Carlsbad, CA",San Diego County,2021-08-31,2241.655057848919,92056,0
96613,662,92057,zip,CA,CA,Oceanside,"San Diego-Chula Vista-Carlsbad, CA",San Diego County,2021-08-31,2476.7015892091717,92057,0
96548,676,91913,zip,CA,CA,Chula Vista,"San Diego-Chula Vista-Carlsbad, CA",San Diego County,2021-08-31,2601.954965907877,91913,0
96659,787,92117,zip,CA,CA,San Diego,"San Diego-Chula Vista-Carlsbad, CA",San Diego County,2021-08-31,2176.4469452644475,92117,0
96593,834,92024,zip,CA,CA,Encinitas,"San Diego-Chula Vista-Carlsbad, CA",San Diego County,2021-08-31,3033.4394013386413,92024,0
96653,960,92111,zip,CA,CA,San Diego,"San Diego-Chula Vista-Carlsbad, CA",San Diego County,2021-08-31,2268.8110625873505,92111,0
96668,995,92127,zip,CA,CA,San Diego,"San Diego-Chula Vista-Carlsbad, CA",San Diego County,2021-08-31,2866.254937043448,92127,0
96629,996,92078,zip,CA,CA,San Marcos,"San Diego-Chula Vista-Carlsbad, CA",San Diego County,2021-08-31,2641.6155646996344,92078,0
96669,1063,92128,zip,CA,CA,San Diego,"San Diego-Chula Vista-Carlsbad, CA",San Diego County,2021-08-31,2443.8511825626133,92128,0
96582,1105,92009,zip,CA,CA,Carlsbad,"San Diego-Chula Vista-Carlsbad, CA",San Diego County,2021-08-31,2848.578183292524,92009,0
96646,1143,92104,zip,CA,CA,San Diego,"San Diego-Chula Vista-Carlsbad, CA",San Diego County,2021-08-31,2042.3952159656787,92104,0
96664,1151,92122,zip,CA,CA,San Diego,"San Diego-Chula Vista-Carlsbad, CA",San Diego County,2021-08-31,2687.033839376956,92122,1
96623,1220,92069,zip,CA,CA,San Marcos,"San Diego-Chula Vista-Carlsbad, CA",San Diego County,2021-08-31,2343.370467178273,92069,0
96651,1290,92109,zip,CA,CA,San Diego,"San Diego-Chula Vista-Carlsbad, CA",San Diego County,2021-08-31,2508.262458081232,92109,0
96643,1522,92101,zip,CA,CA,San Diego,"San Diego-Chula Vista-Carlsbad, CA",San Diego County,2021-08-31,2535.1241945242878,92101,0
96644,1622,92102,zip,CA,CA,San Diego,"San Diego-Chula Vista-Carlsbad, CA",San Diego County,2021-08-31,1899.5122704500325,92102,0
96560,1738,91942,zip,CA,CA,La Mesa,"San Diego-Chula Vista-Carlsbad, CA",San Diego County,2021-08-31,2076.39817899289,91942,0
96610,2205,92054,zip,CA,CA,Oceanside,"San Diego-Chula Vista-Carlsbad, CA",San Diego County,2021-08-31,2262.0670547072123,92054,0
96602,2270,92037,zip,CA,CA,San Diego,"San Diego-Chula Vista-Carlsbad, CA",San Diego County,2021-08-31,3434.730454471964,92037,1
96672,2406,92131,zip,CA,CA,San Diego,"San Diego-Chula Vista-Carlsbad, CA",San Diego County,2021-08-31,2796.807742234512,92131,0
96645,2966,92103,zip,CA,CA,San Diego,"San Diego-Chula Vista-Carlsbad, CA",San Diego County,2021-08-31,2209.2447088978124,92103,0
96652,3560,92110,zip,CA,CA,San Diego,"San Diego-Chula Vista-Carlsbad, CA",San Diego County,2021-08-31,2438.822930069032,92110,0
96649,3605,92107,zip,CA,CA,San Diego,"San Diego-Chula Vista-Carlsbad, CA",San Diego County,2021-08-31,2239.676384593939,92107,0
96658,3607,92116,zip,CA,CA,San Diego,"San Diego-Chula Vista-Carlsbad, CA",San Diego County,2021-08-31,1986.9993444274307,92116,0
96581,3914,92008,zip,CA,CA,Carlsbad,"San Diego-Chula Vista-Carlsbad, CA",San Diego County,2021-08-31,2454.31894631581,92008,0
96555,4492,91932,zip,CA,CA,Imperial Beach,"San Diego-Chula Vista-Carlsbad, CA",San Diego County,2021-08-31,2338.969906920341,91932,0
96584,5214,92011,zip,CA,CA,Carlsbad,"San Diego-Chula Vista-Carlsbad, CA",San Diego County,2021-08-31,3257.18971692822,92011,0
96650,5900,92108,zip,CA,CA,San Diego,"San Diego-Chula Vista-Carlsbad, CA",San Diego County,2021-08-31,2503.8917042739586,92108,0
96660,7608,92118,zip,CA,CA,Coronado,"San Diego-Chula Vista-Carlsbad, CA",San Diego County,2021-08-31,3936.194385305264,92118,0
96546,52,91911,zip,CA,CA,Chula Vista,"San Diego-Chula Vista-Carlsbad, CA",San Diego County,2021-09-30,2108.8926951270105,91911,0
96690,61,92154,zip,CA,CA,San Diego,"San Diego-Chula Vista-Carlsbad, CA",San Diego County,2021-09-30,2315.7703251106223,92154,0
96545,153,91910,zip,CA,CA,Chula Vista,"San Diego-Chula Vista-Carlsbad, CA",San Diego County,2021-09-30,2081.882044279719,91910,0
96667,166,92126,zip,CA,CA,San Diego,"San Diego-Chula Vista-Carlsbad, CA",San Diego County,2021-09-30,2445.55892041322,92126,1
96647,207,92105,zip,CA,CA,San Diego,"San Diego-Chula Vista-Carlsbad, CA",San Diego County,2021-09-30,1718.4086375098525,92105,0
96589,396,92020,zip,CA,CA,El Cajon,"San Diego-Chula Vista-Carlsbad, CA",San Diego County,2021-09-30,1783.810189873221,92020,0
96657,414,92115,zip,CA,CA,San Diego,"San Diego-Chula Vista-Carlsbad, CA",San Diego County,2021-09-30,2032.6118810706537,92115,0
96625,475,92071,zip,CA,CA,Santee,"San Diego-Chula Vista-Carlsbad, CA",San Diego County,2021-09-30,2344.4148418231152,92071,0
96596,494,92027,zip,CA,CA,Escondido,"San Diego-Chula Vista-Carlsbad, CA",San Diego County,2021-09-30,1938.2284770818897,92027,0
96671,599,92130,zip,CA,CA,San Diego,"San Diego-Chula Vista-Carlsbad, CA",San Diego County,2021-09-30,3490.5718035164728,92130,0
96670,651,92129,zip,CA,CA,San Diego,"San Diego-Chula Vista-Carlsbad, CA",San Diego County,2021-09-30,2965.735620627818,92129,0
96612,655,92056,zip,CA,CA,Oceanside,"San Diego-Chula Vista-Carlsbad, CA",San Diego County,2021-09-30,2303.5161889780625,92056,0
96613,662,92057,zip,CA,CA,Oceanside,"San Diego-Chula Vista-Carlsbad, CA",San Diego County,2021-09-30,2514.077126054522,92057,0
96548,676,91913,zip,CA,CA,Chula Vista,"San Diego-Chula Vista-Carlsbad, CA",San Diego County,2021-09-30,2636.32374170738,91913,0
96659,787,92117,zip,CA,CA,San Diego,"San Diego-Chula Vista-Carlsbad, CA",San Diego County,2021-09-30,2205.8255290800907,92117,0
96593,834,92024,zip,CA,CA,Encinitas,"San Diego-Chula Vista-Carlsbad, CA",San Diego County,2021-09-30,3044.6368104638705,92024,0
96653,960,92111,zip,CA,CA,San Diego,"San Diego-Chula Vista-Carlsbad, CA",San Diego County,2021-09-30,2244.00769907255,92111,0
96668,995,92127,zip,CA,CA,San Diego,"San Diego-Chula Vista-Carlsbad, CA",San Diego County,2021-09-30,2880.3532109647917,92127,0
96629,996,92078,zip,CA,CA,San Marcos,"San Diego-Chula Vista-Carlsbad, CA",San Diego County,2021-09-30,2675.947122338599,92078,0
96669,1063,92128,zip,CA,CA,San Diego,"San Diego-Chula Vista-Carlsbad, CA",San Diego County,2021-09-30,2477.765949549513,92128,0
96582,1105,92009,zip,CA,CA,Carlsbad,"San Diego-Chula Vista-Carlsbad, CA",San Diego County,2021-09-30,2887.6436793074163,92009,0
96646,1143,92104,zip,CA,CA,San Diego,"San Diego-Chula Vista-Carlsbad, CA",San Diego County,2021-09-30,2070.971007841908,92104,0
96664,1151,92122,zip,CA,CA,San Diego,"San Diego-Chula Vista-Carlsbad, CA",San Diego County,2021-09-30,2820.2475364180923,92122,1
96623,1220,92069,zip,CA,CA,San Marcos,"San Diego-Chula Vista-Carlsbad, CA",San Diego County,2021-09-30,2417.8369746755016,92069,0
96651,1290,92109,zip,CA,CA,San Diego,"San Diego-Chula Vista-Carlsbad, CA",San Diego County,2021-09-30,2571.354671040004,92109,0
96643,1522,92101,zip,CA,CA,San Diego,"San Diego-Chula Vista-Carlsbad, CA",San Diego County,2021-09-30,2582.703881608813,92101,0
96644,1622,92102,zip,CA,CA,San Diego,"San Diego-Chula Vista-Carlsbad, CA",San Diego County,2021-09-30,1931.1515183703564,92102,0
96560,1738,91942,zip,CA,CA,La Mesa,"San Diego-Chula Vista-Carlsbad, CA",San Diego County,2021-09-30,2128.0389625597286,91942,0
96610,2205,92054,zip,CA,CA,Oceanside,"San Diego-Chula Vista-Carlsbad, CA",San Diego County,2021-09-30,2334.4759823397712,92054,0
96602,2270,92037,zip,CA,CA,San Diego,"San Diego-Chula Vista-Carlsbad, CA",San Diego County,2021-09-30,3498.248226480652,92037,1
96672,2406,92131,zip,CA,CA,San Diego,"San Diego-Chula Vista-Carlsbad, CA",San Diego County,2021-09-30,2803.500572986651,92131,0
96645,2966,92103,zip,CA,CA,San Diego,"San Diego-Chula Vista-Carlsbad, CA",San Diego County,2021-09-30,2245.630561358684,92103,0
96652,3560,92110,zip,CA,CA,San Diego,"San Diego-Chula Vista-Carlsbad, CA",San Diego County,2021-09-30,2470.6845605377603,92110,0
96649,3605,92107,zip,CA,CA,San Diego,"San Diego-Chula Vista-Carlsbad, CA",San Diego County,2021-09-30,2284.210185709745,92107,0
96658,3607,92116,zip,CA,CA,San Diego,"San Diego-Chula Vista-Carlsbad, CA",San Diego County,2021-09-30,2035.395951012337,92116,0
96581,3914,92008,zip,CA,CA,Carlsbad,"San Diego-Chula Vista-Carlsbad, CA",San Diego County,2021-09-30,2529.15496403292,92008,0
96555,4492,91932,zip,CA,CA,Imperial Beach,"San Diego-Chula Vista-Carlsbad, CA",San Diego County,2021-09-30,2342.4565712554886,91932,0
96584,5214,92011,zip,CA,CA,Carlsbad,"San Diego-Chula Vista-Carlsbad, CA",San Diego County,2021-09-30,3357.757055923629,92011,0
96660,7608,92118,zip,CA,CA,Coronado,"San Diego-Chula Vista-Carlsbad, CA",San Diego County,2021-09-30,3986.7886685996887,92118,0
96546,52,91911,zip,CA,CA,Chula Vista,"San Diego-Chula Vista-Carlsbad, CA",San Diego County,2021-10-31,2131.4545798996974,91911,0
96690,61,92154,zip,CA,CA,San Diego,"San Diego-Chula Vista-Carlsbad, CA",San Diego County,2021-10-31,2352.868103957296,92154,0
96545,153,91910,zip,CA,CA,Chula Vista,"San Diego-Chula Vista-Carlsbad, CA",San Diego County,2021-10-31,2133.539540866698,91910,0
96667,166,92126,zip,CA,CA,San Diego,"San Diego-Chula Vista-Carlsbad, CA",San Diego County,2021-10-31,2495.3579642486898,92126,1
96647,207,92105,zip,CA,CA,San Diego,"San Diego-Chula Vista-Carlsbad, CA",San Diego County,2021-10-31,1755.620470073855,92105,0
96589,396,92020,zip,CA,CA,El Cajon,"San Diego-Chula Vista-Carlsbad, CA",San Diego County,2021-10-31,1791.2980936183908,92020,0
96657,414,92115,zip,CA,CA,San Diego,"San Diego-Chula Vista-Carlsbad, CA",San Diego County,2021-10-31,2059.3467828263,92115,0
96625,475,92071,zip,CA,CA,Santee,"San Diego-Chula Vista-Carlsbad, CA",San Diego County,2021-10-31,2393.271616993666,92071,0
96596,494,92027,zip,CA,CA,Escondido,"San Diego-Chula Vista-Carlsbad, CA",San Diego County,2021-10-31,1996.740738688792,92027,0
96671,599,92130,zip,CA,CA,San Diego,"San Diego-Chula Vista-Carlsbad, CA",San Diego County,2021-10-31,3540.080397398848,92130,0
96670,651,92129,zip,CA,CA,San Diego,"San Diego-Chula Vista-Carlsbad, CA",San Diego County,2021-10-31,2995.856797130251,92129,0
96612,655,92056,zip,CA,CA,Oceanside,"San Diego-Chula Vista-Carlsbad, CA",San Diego County,2021-10-31,2302.198296692277,92056,0
96613,662,92057,zip,CA,CA,Oceanside,"San Diego-Chula Vista-Carlsbad, CA",San Diego County,2021-10-31,2515.4204830060926,92057,0
96548,676,91913,zip,CA,CA,Chula Vista,"San Diego-Chula Vista-Carlsbad, CA",San Diego County,2021-10-31,2687.1152871451136,91913,0
96659,787,92117,zip,CA,CA,San Diego,"San Diego-Chula Vista-Carlsbad, CA",San Diego County,2021-10-31,2278.826094820528,92117,0
96593,834,92024,zip,CA,CA,Encinitas,"San Diego-Chula Vista-Carlsbad, CA",San Diego County,2021-10-31,3077.86099321829,92024,0
96653,960,92111,zip,CA,CA,San Diego,"San Diego-Chula Vista-Carlsbad, CA",San Diego County,2021-10-31,2288.7176022845783,92111,0
96668,995,92127,zip,CA,CA,San Diego,"San Diego-Chula Vista-Carlsbad, CA",San Diego County,2021-10-31,2911.983386607288,92127,0
96629,996,92078,zip,CA,CA,San Marcos,"San Diego-Chula Vista-Carlsbad, CA",San Diego County,2021-10-31,2707.4975765360514,92078,0
96669,1063,92128,zip,CA,CA,San Diego,"San Diego-Chula Vista-Carlsbad, CA",San Diego County,2021-10-31,2532.132930923305,92128,0
96582,1105,92009,zip,CA,CA,Carlsbad,"San Diego-Chula Vista-Carlsbad, CA",San Diego County,2021-10-31,2910.3507775538037,92009,0
96646,1143,92104,zip,CA,CA,San Diego,"San Diego-Chula Vista-Carlsbad, CA",San Diego County,2021-10-31,2102.6544424653903,92104,0
96664,1151,92122,zip,CA,CA,San Diego,"San Diego-Chula Vista-Carlsbad, CA",San Diego County,2021-10-31,2902.9934846905426,92122,1
96623,1220,92069,zip,CA,CA,San Marcos,"San Diego-Chula Vista-Carlsbad, CA",San Diego County,2021-10-31,2446.0734764129397,92069,0
96651,1290,92109,zip,CA,CA,San Diego,"San Diego-Chula Vista-Carlsbad, CA",San Diego County,2021-10-31,2605.062676089753,92109,0
96643,1522,92101,zip,CA,CA,San Diego,"San Diego-Chula Vista-Carlsbad, CA",San Diego County,2021-10-31,2616.442378533793,92101,0
96644,1622,92102,zip,CA,CA,San Diego,"San Diego-Chula Vista-Carlsbad, CA",San Diego County,2021-10-31,1964.2015354626292,92102,0
96560,1738,91942,zip,CA,CA,La Mesa,"San Diego-Chula Vista-Carlsbad, CA",San Diego County,2021-10-31,2171.9202897219934,91942,0
96610,2205,92054,zip,CA,CA,Oceanside,"San Diego-Chula Vista-Carlsbad, CA",San Diego County,2021-10-31,2376.242092342423,92054,0
96602,2270,92037,zip,CA,CA,San Diego,"San Diego-Chula Vista-Carlsbad, CA",San Diego County,2021-10-31,3517.468340513955,92037,1
96672,2406,92131,zip,CA,CA,San Diego,"San Diego-Chula Vista-Carlsbad, CA",San Diego County,2021-10-31,2792.2036956228685,92131,0
96645,2966,92103,zip,CA,CA,San Diego,"San Diego-Chula Vista-Carlsbad, CA",San Diego County,2021-10-31,2249.606436367417,92103,0
96652,3560,92110,zip,CA,CA,San Diego,"San Diego-Chula Vista-Carlsbad, CA",San Diego County,2021-10-31,2483.599803527205,92110,0
96649,3605,92107,zip,CA,CA,San Diego,"San Diego-Chula Vista-Carlsbad, CA",San Diego County,2021-10-31,2339.833719921003,92107,0
96658,3607,92116,zip,CA,CA,San Diego,"San Diego-Chula Vista-Carlsbad, CA",San Diego County,2021-10-31,2064.3509291311034,92116,0
96581,3914,92008,zip,CA,CA,Carlsbad,"San Diego-Chula Vista-Carlsbad, CA",San Diego County,2021-10-31,2556.050612577629,92008,0
96555,4492,91932,zip,CA,CA,Imperial Beach,"San Diego-Chula Vista-Carlsbad, CA",San Diego County,2021-10-31,2361.708823477265,91932,0
96584,5214,92011,zip,CA,CA,Carlsbad,"San Diego-Chula Vista-Carlsbad, CA",San Diego County,2021-10-31,3336.232088059128,92011,0
96650,5900,92108,zip,CA,CA,San Diego,"San Diego-Chula Vista-Carlsbad, CA",San Diego County,2021-10-31,2732.097991537547,92108,0
96660,7608,92118,zip,CA,CA,Coronado,"San Diego-Chula Vista-Carlsbad, CA",San Diego County,2021-10-31,4017.0346325375976,92118,0
96546,52,91911,zip,CA,CA,Chula Vista,"San Diego-Chula Vista-Carlsbad, CA",San Diego County,2021-11-30,2152.3800073633515,91911,0
96690,61,92154,zip,CA,CA,San Diego,"San Diego-Chula Vista-Carlsbad, CA",San Diego County,2021-11-30,2368.989786487911,92154,0
96545,153,91910,zip,CA,CA,Chula Vista,"San Diego-Chula Vista-Carlsbad, CA",San Diego County,2021-11-30,2172.674782903229,91910,0
96667,166,92126,zip,CA,CA,San Diego,"San Diego-Chula Vista-Carlsbad, CA",San Diego County,2021-11-30,2541.77800789448,92126,1
96647,207,92105,zip,CA,CA,San Diego,"San Diego-Chula Vista-Carlsbad, CA",San Diego County,2021-11-30,1760.8048006367371,92105,0
96589,396,92020,zip,CA,CA,El Cajon,"San Diego-Chula Vista-Carlsbad, CA",San Diego County,2021-11-30,1823.1799089765643,92020,0
96657,414,92115,zip,CA,CA,San Diego,"San Diego-Chula Vista-Carlsbad, CA",San Diego County,2021-11-30,2066.7004411425323,92115,0
96625,475,92071,zip,CA,CA,Santee,"San Diego-Chula Vista-Carlsbad, CA",San Diego County,2021-11-30,2403.920923773813,92071,0
96596,494,92027,zip,CA,CA,Escondido,"San Diego-Chula Vista-Carlsbad, CA",San Diego County,2021-11-30,1991.238172581984,92027,0
96671,599,92130,zip,CA,CA,San Diego,"San Diego-Chula Vista-Carlsbad, CA",San Diego County,2021-11-30,3574.0735835252062,92130,0
96670,651,92129,zip,CA,CA,San Diego,"San Diego-Chula Vista-Carlsbad, CA",San Diego County,2021-11-30,3051.9723053655525,92129,0
96612,655,92056,zip,CA,CA,Oceanside,"San Diego-Chula Vista-Carlsbad, CA",San Diego County,2021-11-30,2297.090641027189,92056,0
96613,662,92057,zip,CA,CA,Oceanside,"San Diego-Chula Vista-Carlsbad, CA",San Diego County,2021-11-30,2546.881374118291,92057,0
96548,676,91913,zip,CA,CA,Chula Vista,"San Diego-Chula Vista-Carlsbad, CA",San Diego County,2021-11-30,2700.181101697358,91913,0
96659,787,92117,zip,CA,CA,San Diego,"San Diego-Chula Vista-Carlsbad, CA",San Diego County,2021-11-30,2358.497737596821,92117,0
96593,834,92024,zip,CA,CA,Encinitas,"San Diego-Chula Vista-Carlsbad, CA",San Diego County,2021-11-30,3080.2000244825285,92024,0
96653,960,92111,zip,CA,CA,San Diego,"San Diego-Chula Vista-Carlsbad, CA",San Diego County,2021-11-30,2312.1498737565094,92111,0
96668,995,92127,zip,CA,CA,San Diego,"San Diego-Chula Vista-Carlsbad, CA",San Diego County,2021-11-30,2891.2031152945283,92127,0
96629,996,92078,zip,CA,CA,San Marcos,"San Diego-Chula Vista-Carlsbad, CA",San Diego County,2021-11-30,2747.427267361423,92078,0
96669,1063,92128,zip,CA,CA,San Diego,"San Diego-Chula Vista-Carlsbad, CA",San Diego County,2021-11-30,2554.293699746985,92128,0
96582,1105,92009,zip,CA,CA,Carlsbad,"San Diego-Chula Vista-Carlsbad, CA",San Diego County,2021-11-30,2920.177789809626,92009,0
96646,1143,92104,zip,CA,CA,San Diego,"San Diego-Chula Vista-Carlsbad, CA",San Diego County,2021-11-30,2117.5646741704622,92104,0
96664,1151,92122,zip,CA,CA,San Diego,"San Diego-Chula Vista-Carlsbad, CA",San Diego County,2021-11-30,2903.0841805621144,92122,1
96623,1220,92069,zip,CA,CA,San Marcos,"San Diego-Chula Vista-Carlsbad, CA",San Diego County,2021-11-30,2425.849142943477,92069,0
96651,1290,92109,zip,CA,CA,San Diego,"San Diego-Chula Vista-Carlsbad, CA",San Diego County,2021-11-30,2635.274244588576,92109,0
96643,1522,92101,zip,CA,CA,San Diego,"San Diego-Chula Vista-Carlsbad, CA",San Diego County,2021-11-30,2639.665017131341,92101,0
96644,1622,92102,zip,CA,CA,San Diego,"San Diego-Chula Vista-Carlsbad, CA",San Diego County,2021-11-30,1982.7824175350167,92102,0
96560,1738,91942,zip,CA,CA,La Mesa,"San Diego-Chula Vista-Carlsbad, CA",San Diego County,2021-11-30,2183.2014537880827,91942,0
96610,2205,92054,zip,CA,CA,Oceanside,"San Diego-Chula Vista-Carlsbad, CA",San Diego County,2021-11-30,2383.828584205789,92054,0
96602,2270,92037,zip,CA,CA,San Diego,"San Diego-Chula Vista-Carlsbad, CA",San Diego County,2021-11-30,3537.79408482614,92037,1
96672,2406,92131,zip,CA,CA,San Diego,"San Diego-Chula Vista-Carlsbad, CA",San Diego County,2021-11-30,2838.0256838444075,92131,0
96645,2966,92103,zip,CA,CA,San Diego,"San Diego-Chula Vista-Carlsbad, CA",San Diego County,2021-11-30,2288.5978143203843,92103,0
96652,3560,92110,zip,CA,CA,San Diego,"San Diego-Chula Vista-Carlsbad, CA",San Diego County,2021-11-30,2436.026374875279,92110,0
96649,3605,92107,zip,CA,CA,San Diego,"San Diego-Chula Vista-Carlsbad, CA",San Diego County,2021-11-30,2375.698237777957,92107,0
96658,3607,92116,zip,CA,CA,San Diego,"San Diego-Chula Vista-Carlsbad, CA",San Diego County,2021-11-30,2090.1186558478826,92116,0
96581,3914,92008,zip,CA,CA,Carlsbad,"San Diego-Chula Vista-Carlsbad, CA",San Diego County,2021-11-30,2549.36692206648,92008,0
96555,4492,91932,zip,CA,CA,Imperial Beach,"San Diego-Chula Vista-Carlsbad, CA",San Diego County,2021-11-30,2377.0221128466437,91932,0
96584,5214,92011,zip,CA,CA,Carlsbad,"San Diego-Chula Vista-Carlsbad, CA",San Diego County,2021-11-30,3295.5333016067784,92011,0
96650,5900,92108,zip,CA,CA,San Diego,"San Diego-Chula Vista-Carlsbad, CA",San Diego County,2021-11-30,2780.004075001641,92108,0
96660,7608,92118,zip,CA,CA,Coronado,"San Diego-Chula Vista-Carlsbad, CA",San Diego County,2021-11-30,4092.543210682831,92118,0
96546,52,91911,zip,CA,CA,Chula Vista,"San Diego-Chula Vista-Carlsbad, CA",San Diego County,2021-12-31,2184.5867907917377,91911,0
96690,61,92154,zip,CA,CA,San Diego,"San Diego-Chula Vista-Carlsbad, CA",San Diego County,2021-12-31,2432.262880452702,92154,0
96545,153,91910,zip,CA,CA,Chula Vista,"San Diego-Chula Vista-Carlsbad, CA",San Diego County,2021-12-31,2198.115644753101,91910,0
96667,166,92126,zip,CA,CA,San Diego,"San Diego-Chula Vista-Carlsbad, CA",San Diego County,2021-12-31,2552.9434033208067,92126,1
96647,207,92105,zip,CA,CA,San Diego,"San Diego-Chula Vista-Carlsbad, CA",San Diego County,2021-12-31,1767.772709980326,92105,0
96589,396,92020,zip,CA,CA,El Cajon,"San Diego-Chula Vista-Carlsbad, CA",San Diego County,2021-12-31,1821.0915098696216,92020,0
96657,414,92115,zip,CA,CA,San Diego,"San Diego-Chula Vista-Carlsbad, CA",San Diego County,2021-12-31,2062.424602237388,92115,0
96625,475,92071,zip,CA,CA,Santee,"San Diego-Chula Vista-Carlsbad, CA",San Diego County,2021-12-31,2412.437037551053,92071,0
96596,494,92027,zip,CA,CA,Escondido,"San Diego-Chula Vista-Carlsbad, CA",San Diego County,2021-12-31,1952.9903116319488,92027,0
96671,599,92130,zip,CA,CA,San Diego,"San Diego-Chula Vista-Carlsbad, CA",San Diego County,2021-12-31,3590.371661695766,92130,0
96670,651,92129,zip,CA,CA,San Diego,"San Diego-Chula Vista-Carlsbad, CA",San Diego County,2021-12-31,3082.644318683408,92129,0
96612,655,92056,zip,CA,CA,Oceanside,"San Diego-Chula Vista-Carlsbad, CA",San Diego County,2021-12-31,2320.376888857244,92056,0
96613,662,92057,zip,CA,CA,Oceanside,"San Diego-Chula Vista-Carlsbad, CA",San Diego County,2021-12-31,2575.1745339164904,92057,0
96548,676,91913,zip,CA,CA,Chula Vista,"San Diego-Chula Vista-Carlsbad, CA",San Diego County,2021-12-31,2749.637947545478,91913,0
96659,787,92117,zip,CA,CA,San Diego,"San Diego-Chula Vista-Carlsbad, CA",San Diego County,2021-12-31,2370.873567247331,92117,0
96593,834,92024,zip,CA,CA,Encinitas,"San Diego-Chula Vista-Carlsbad, CA",San Diego County,2021-12-31,3134.1822919419665,92024,0
96653,960,92111,zip,CA,CA,San Diego,"San Diego-Chula Vista-Carlsbad, CA",San Diego County,2021-12-31,2376.511858507103,92111,0
96668,995,92127,zip,CA,CA,San Diego,"San Diego-Chula Vista-Carlsbad, CA",San Diego County,2021-12-31,2924.200411480605,92127,0
96629,996,92078,zip,CA,CA,San Marcos,"San Diego-Chula Vista-Carlsbad, CA",San Diego County,2021-12-31,2792.179338968693,92078,0
96669,1063,92128,zip,CA,CA,San Diego,"San Diego-Chula Vista-Carlsbad, CA",San Diego County,2021-12-31,2597.217021177075,92128,0
96582,1105,92009,zip,CA,CA,Carlsbad,"San Diego-Chula Vista-Carlsbad, CA",San Diego County,2021-12-31,2953.1425711791903,92009,0
96646,1143,92104,zip,CA,CA,San Diego,"San Diego-Chula Vista-Carlsbad, CA",San Diego County,2021-12-31,2147.092386265254,92104,0
96664,1151,92122,zip,CA,CA,San Diego,"San Diego-Chula Vista-Carlsbad, CA",San Diego County,2021-12-31,2904.761994083219,92122,1
96623,1220,92069,zip,CA,CA,San Marcos,"San Diego-Chula Vista-Carlsbad, CA",San Diego County,2021-12-31,2369.780951397726,92069,0
96651,1290,92109,zip,CA,CA,San Diego,"San Diego-Chula Vista-Carlsbad, CA",San Diego County,2021-12-31,2629.374398811518,92109,0
96643,1522,92101,zip,CA,CA,San Diego,"San Diego-Chula Vista-Carlsbad, CA",San Diego County,2021-12-31,2640.3557098024844,92101,0
96644,1622,92102,zip,CA,CA,San Diego,"San Diego-Chula Vista-Carlsbad, CA",San Diego County,2021-12-31,2007.6259749524056,92102,0
96560,1738,91942,zip,CA,CA,La Mesa,"San Diego-Chula Vista-Carlsbad, CA",San Diego County,2021-12-31,2177.1728527996747,91942,0
96610,2205,92054,zip,CA,CA,Oceanside,"San Diego-Chula Vista-Carlsbad, CA",San Diego County,2021-12-31,2380.8163415473423,92054,0
96602,2270,92037,zip,CA,CA,San Diego,"San Diego-Chula Vista-Carlsbad, CA",San Diego County,2021-12-31,3600.698375630805,92037,1
96672,2406,92131,zip,CA,CA,San Diego,"San Diego-Chula Vista-Carlsbad, CA",San Diego County,2021-12-31,2911.700268482713,92131,0
96645,2966,92103,zip,CA,CA,San Diego,"San Diego-Chula Vista-Carlsbad, CA",San Diego County,2021-12-31,2301.2109740251763,92103,0
96652,3560,92110,zip,CA,CA,San Diego,"San Diego-Chula Vista-Carlsbad, CA",San Diego County,2021-12-31,2462.509828679149,92110,0
96649,3605,92107,zip,CA,CA,San Diego,"San Diego-Chula Vista-Carlsbad, CA",San Diego County,2021-12-31,2406.485077633333,92107,0
96658,3607,92116,zip,CA,CA,San Diego,"San Diego-Chula Vista-Carlsbad, CA",San Diego County,2021-12-31,2084.509107062588,92116,0
96581,3914,92008,zip,CA,CA,Carlsbad,"San Diego-Chula Vista-Carlsbad, CA",San Diego County,2021-12-31,2553.724112676769,92008,0
96555,4492,91932,zip,CA,CA,Imperial Beach,"San Diego-Chula Vista-Carlsbad, CA",San Diego County,2021-12-31,2430.7095698675816,91932,0
96584,5214,92011,zip,CA,CA,Carlsbad,"San Diego-Chula Vista-Carlsbad, CA",San Diego County,2021-12-31,3254.5655733171616,92011,0
96650,5900,92108,zip,CA,CA,San Diego,"San Diego-Chula Vista-Carlsbad, CA",San Diego County,2021-12-31,2787.7068508375005,92108,0
96660,7608,92118,zip,CA,CA,Coronado,"San Diego-Chula Vista-Carlsbad, CA",San Diego County,2021-12-31,4069.141271126741,92118,0
96546,52,91911,zip,CA,CA,Chula Vista,"San Diego-Chula Vista-Carlsbad, CA",San Diego County,2022-01-31,2214.176145875539,91911,0
96690,61,92154,zip,CA,CA,San Diego,"San Diego-Chula Vista-Carlsbad, CA",San Diego County,2022-01-31,2435.9669886569272,92154,0
96545,153,91910,zip,CA,CA,Chula Vista,"San Diego-Chula Vista-Carlsbad, CA",San Diego County,2022-01-31,2190.1843275719534,91910,0
96667,166,92126,zip,CA,CA,San Diego,"San Diego-Chula Vista-Carlsbad, CA",San Diego County,2022-01-31,2573.3874103488565,92126,1
96647,207,92105,zip,CA,CA,San Diego,"San Diego-Chula Vista-Carlsbad, CA",San Diego County,2022-01-31,1765.5609413815946,92105,0
96589,396,92020,zip,CA,CA,El Cajon,"San Diego-Chula Vista-Carlsbad, CA",San Diego County,2022-01-31,1820.9434706395368,92020,0
96657,414,92115,zip,CA,CA,San Diego,"San Diego-Chula Vista-Carlsbad, CA",San Diego County,2022-01-31,2068.190457486537,92115,0
96625,475,92071,zip,CA,CA,Santee,"San Diego-Chula Vista-Carlsbad, CA",San Diego County,2022-01-31,2452.5186846526603,92071,0
96671,599,92130,zip,CA,CA,San Diego,"San Diego-Chula Vista-Carlsbad, CA",San Diego County,2022-01-31,3609.874470540996,92130,0
96670,651,92129,zip,CA,CA,San Diego,"San Diego-Chula Vista-Carlsbad, CA",San Diego County,2022-01-31,3145.658682457146,92129,0
96612,655,92056,zip,CA,CA,Oceanside,"San Diego-Chula Vista-Carlsbad, CA",San Diego County,2022-01-31,2366.802943209363,92056,0
96613,662,92057,zip,CA,CA,Oceanside,"San Diego-Chula Vista-Carlsbad, CA",San Diego County,2022-01-31,2621.7763479336445,92057,0
96548,676,91913,zip,CA,CA,Chula Vista,"San Diego-Chula Vista-Carlsbad, CA",San Diego County,2022-01-31,2772.1561094451367,91913,0
96659,787,92117,zip,CA,CA,San Diego,"San Diego-Chula Vista-Carlsbad, CA",San Diego County,2022-01-31,2365.130715085168,92117,0
96593,834,92024,zip,CA,CA,Encinitas,"San Diego-Chula Vista-Carlsbad, CA",San Diego County,2022-01-31,3197.041490197536,92024,0
96653,960,92111,zip,CA,CA,San Diego,"San Diego-Chula Vista-Carlsbad, CA",San Diego County,2022-01-31,2388.1260701403826,92111,0
96668,995,92127,zip,CA,CA,San Diego,"San Diego-Chula Vista-Carlsbad, CA",San Diego County,2022-01-31,2953.81666955628,92127,0
96629,996,92078,zip,CA,CA,San Marcos,"San Diego-Chula Vista-Carlsbad, CA",San Diego County,2022-01-31,2841.944242908337,92078,0
96669,1063,92128,zip,CA,CA,San Diego,"San Diego-Chula Vista-Carlsbad, CA",San Diego County,2022-01-31,2606.752332738307,92128,0
96582,1105,92009,zip,CA,CA,Carlsbad,"San Diego-Chula Vista-Carlsbad, CA",San Diego County,2022-01-31,3011.0656023439483,92009,0
96646,1143,92104,zip,CA,CA,San Diego,"San Diego-Chula Vista-Carlsbad, CA",San Diego County,2022-01-31,2166.80465444752,92104,0
96664,1151,92122,zip,CA,CA,San Diego,"San Diego-Chula Vista-Carlsbad, CA",San Diego County,2022-01-31,2888.271470205485,92122,1
96623,1220,92069,zip,CA,CA,San Marcos,"San Diego-Chula Vista-Carlsbad, CA",San Diego County,2022-01-31,2384.5850803403214,92069,0
96651,1290,92109,zip,CA,CA,San Diego,"San Diego-Chula Vista-Carlsbad, CA",San Diego County,2022-01-31,2653.047807152641,92109,0
96643,1522,92101,zip,CA,CA,San Diego,"San Diego-Chula Vista-Carlsbad, CA",San Diego County,2022-01-31,2648.72600894676,92101,0
96644,1622,92102,zip,CA,CA,San Diego,"San Diego-Chula Vista-Carlsbad, CA",San Diego County,2022-01-31,2009.8237000986128,92102,0
96560,1738,91942,zip,CA,CA,La Mesa,"San Diego-Chula Vista-Carlsbad, CA",San Diego County,2022-01-31,2219.696918331188,91942,0
96610,2205,92054,zip,CA,CA,Oceanside,"San Diego-Chula Vista-Carlsbad, CA",San Diego County,2022-01-31,2370.98970268764,92054,0
96602,2270,92037,zip,CA,CA,San Diego,"San Diego-Chula Vista-Carlsbad, CA",San Diego County,2022-01-31,3633.9535951870103,92037,1
96672,2406,92131,zip,CA,CA,San Diego,"San Diego-Chula Vista-Carlsbad, CA",San Diego County,2022-01-31,2986.5177667396447,92131,0
96645,2966,92103,zip,CA,CA,San Diego,"San Diego-Chula Vista-Carlsbad, CA",San Diego County,2022-01-31,2351.825896726287,92103,0
96652,3560,92110,zip,CA,CA,San Diego,"San Diego-Chula Vista-Carlsbad, CA",San Diego County,2022-01-31,2489.34652786946,92110,0
96649,3605,92107,zip,CA,CA,San Diego,"San Diego-Chula Vista-Carlsbad, CA",San Diego County,2022-01-31,2393.9283093376257,92107,0
96658,3607,92116,zip,CA,CA,San Diego,"San Diego-Chula Vista-Carlsbad, CA",San Diego County,2022-01-31,2104.6933513276904,92116,0
96581,3914,92008,zip,CA,CA,Carlsbad,"San Diego-Chula Vista-Carlsbad, CA",San Diego County,2022-01-31,2572.0994929543235,92008,0
96555,4492,91932,zip,CA,CA,Imperial Beach,"San Diego-Chula Vista-Carlsbad, CA",San Diego County,2022-01-31,2503.001906245347,91932,0
96584,5214,92011,zip,CA,CA,Carlsbad,"San Diego-Chula Vista-Carlsbad, CA",San Diego County,2022-01-31,3287.183504291286,92011,0
96650,5900,92108,zip,CA,CA,San Diego,"San Diego-Chula Vista-Carlsbad, CA",San Diego County,2022-01-31,2754.8815417201395,92108,0
96660,7608,92118,zip,CA,CA,Coronado,"San Diego-Chula Vista-Carlsbad, CA",San Diego County,2022-01-31,4023.965889947975,92118,0
96546,52,91911,zip,CA,CA,Chula Vista,"San Diego-Chula Vista-Carlsbad, CA",San Diego County,2022-02-28,2256.5563974795823,91911,0
96690,61,92154,zip,CA,CA,San Diego,"San Diego-Chula Vista-Carlsbad, CA",San Diego County,2022-02-28,2482.6089541777988,92154,0
96545,153,91910,zip,CA,CA,Chula Vista,"San Diego-Chula Vista-Carlsbad, CA",San Diego County,2022-02-28,2194.200757824614,91910,0
96667,166,92126,zip,CA,CA,San Diego,"San Diego-Chula Vista-Carlsbad, CA",San Diego County,2022-02-28,2607.636166158962,92126,1
96647,207,92105,zip,CA,CA,San Diego,"San Diego-Chula Vista-Carlsbad, CA",San Diego County,2022-02-28,1793.4419002127918,92105,0
96589,396,92020,zip,CA,CA,El Cajon,"San Diego-Chula Vista-Carlsbad, CA",San Diego County,2022-02-28,1843.517484366802,92020,0
96657,414,92115,zip,CA,CA,San Diego,"San Diego-Chula Vista-Carlsbad, CA",San Diego County,2022-02-28,2081.807538867735,92115,0
96625,475,92071,zip,CA,CA,Santee,"San Diego-Chula Vista-Carlsbad, CA",San Diego County,2022-02-28,2495.46817597506,92071,0
96596,494,92027,zip,CA,CA,Escondido,"San Diego-Chula Vista-Carlsbad, CA",San Diego County,2022-02-28,1901.1511742824507,92027,0
96671,599,92130,zip,CA,CA,San Diego,"San Diego-Chula Vista-Carlsbad, CA",San Diego County,2022-02-28,3656.191046836802,92130,0
96670,651,92129,zip,CA,CA,San Diego,"San Diego-Chula Vista-Carlsbad, CA",San Diego County,2022-02-28,3236.233600314541,92129,0
96612,655,92056,zip,CA,CA,Oceanside,"San Diego-Chula Vista-Carlsbad, CA",San Diego County,2022-02-28,2426.2788367040853,92056,0
96613,662,92057,zip,CA,CA,Oceanside,"San Diego-Chula Vista-Carlsbad, CA",San Diego County,2022-02-28,2620.1748189465998,92057,0
96548,676,91913,zip,CA,CA,Chula Vista,"San Diego-Chula Vista-Carlsbad, CA",San Diego County,2022-02-28,2780.8495078564406,91913,0
96659,787,92117,zip,CA,CA,San Diego,"San Diego-Chula Vista-Carlsbad, CA",San Diego County,2022-02-28,2372.1383575968543,92117,0
96593,834,92024,zip,CA,CA,Encinitas,"San Diego-Chula Vista-Carlsbad, CA",San Diego County,2022-02-28,3228.920218086156,92024,0
96653,960,92111,zip,CA,CA,San Diego,"San Diego-Chula Vista-Carlsbad, CA",San Diego County,2022-02-28,2417.1036592420683,92111,0
96668,995,92127,zip,CA,CA,San Diego,"San Diego-Chula Vista-Carlsbad, CA",San Diego County,2022-02-28,3082.6198452628937,92127,0
96629,996,92078,zip,CA,CA,San Marcos,"San Diego-Chula Vista-Carlsbad, CA",San Diego County,2022-02-28,2848.760016564467,92078,0
96669,1063,92128,zip,CA,CA,San Diego,"San Diego-Chula Vista-Carlsbad, CA",San Diego County,2022-02-28,2667.2051765019887,92128,0
96582,1105,92009,zip,CA,CA,Carlsbad,"San Diego-Chula Vista-Carlsbad, CA",San Diego County,2022-02-28,3035.9936397050874,92009,0
96646,1143,92104,zip,CA,CA,San Diego,"San Diego-Chula Vista-Carlsbad, CA",San Diego County,2022-02-28,2196.0777875000563,92104,0
96664,1151,92122,zip,CA,CA,San Diego,"San Diego-Chula Vista-Carlsbad, CA",San Diego County,2022-02-28,2919.957834523901,92122,1
96623,1220,92069,zip,CA,CA,San Marcos,"San Diego-Chula Vista-Carlsbad, CA",San Diego County,2022-02-28,2444.9904207624577,92069,0
96651,1290,92109,zip,CA,CA,San Diego,"San Diego-Chula Vista-Carlsbad, CA",San Diego County,2022-02-28,2683.2229650638583,92109,0
96643,1522,92101,zip,CA,CA,San Diego,"San Diego-Chula Vista-Carlsbad, CA",San Diego County,2022-02-28,2658.806987507362,92101,0
96644,1622,92102,zip,CA,CA,San Diego,"San Diego-Chula Vista-Carlsbad, CA",San Diego County,2022-02-28,2042.360485487376,92102,0
96560,1738,91942,zip,CA,CA,La Mesa,"San Diego-Chula Vista-Carlsbad, CA",San Diego County,2022-02-28,2232.343477582397,91942,0
96610,2205,92054,zip,CA,CA,Oceanside,"San Diego-Chula Vista-Carlsbad, CA",San Diego County,2022-02-28,2415.290080826266,92054,0
96602,2270,92037,zip,CA,CA,San Diego,"San Diego-Chula Vista-Carlsbad, CA",San Diego County,2022-02-28,3686.842156339463,92037,1
96672,2406,92131,zip,CA,CA,San Diego,"San Diego-Chula Vista-Carlsbad, CA",San Diego County,2022-02-28,3043.339981890436,92131,0
96645,2966,92103,zip,CA,CA,San Diego,"San Diego-Chula Vista-Carlsbad, CA",San Diego County,2022-02-28,2354.43400201987,92103,0
96652,3560,92110,zip,CA,CA,San Diego,"San Diego-Chula Vista-Carlsbad, CA",San Diego County,2022-02-28,2604.857052279315,92110,0
96649,3605,92107,zip,CA,CA,San Diego,"San Diego-Chula Vista-Carlsbad, CA",San Diego County,2022-02-28,2397.005131793528,92107,0
96658,3607,92116,zip,CA,CA,San Diego,"San Diego-Chula Vista-Carlsbad, CA",San Diego County,2022-02-28,2119.098549439768,92116,0
96581,3914,92008,zip,CA,CA,Carlsbad,"San Diego-Chula Vista-Carlsbad, CA",San Diego County,2022-02-28,2610.4869465894453,92008,0
96555,4492,91932,zip,CA,CA,Imperial Beach,"San Diego-Chula Vista-Carlsbad, CA",San Diego County,2022-02-28,2521.0093867559467,91932,0
96584,5214,92011,zip,CA,CA,Carlsbad,"San Diego-Chula Vista-Carlsbad, CA",San Diego County,2022-02-28,3374.166991016287,92011,0
96650,5900,92108,zip,CA,CA,San Diego,"San Diego-Chula Vista-Carlsbad, CA",San Diego County,2022-02-28,2763.962160481344,92108,0
96660,7608,92118,zip,CA,CA,Coronado,"San Diego-Chula Vista-Carlsbad, CA",San Diego County,2022-02-28,4083.297464141369,92118,0
96546,52,91911,zip,CA,CA,Chula Vista,"San Diego-Chula Vista-Carlsbad, CA",San Diego County,2022-03-31,2308.4451832541536,91911,0
96690,61,92154,zip,CA,CA,San Diego,"San Diego-Chula Vista-Carlsbad, CA",San Diego County,2022-03-31,2501.923230940793,92154,0
96545,153,91910,zip,CA,CA,Chula Vista,"San Diego-Chula Vista-Carlsbad, CA",San Diego County,2022-03-31,2210.019274216473,91910,0
96667,166,92126,zip,CA,CA,San Diego,"San Diego-Chula Vista-Carlsbad, CA",San Diego County,2022-03-31,2642.811867777758,92126,1
96647,207,92105,zip,CA,CA,San Diego,"San Diego-Chula Vista-Carlsbad, CA",San Diego County,2022-03-31,1846.953356471956,92105,0
96589,396,92020,zip,CA,CA,El Cajon,"San Diego-Chula Vista-Carlsbad, CA",San Diego County,2022-03-31,1895.76213962323,92020,0
96657,414,92115,zip,CA,CA,San Diego,"San Diego-Chula Vista-Carlsbad, CA",San Diego County,2022-03-31,2112.458267015327,92115,0
96625,475,92071,zip,CA,CA,Santee,"San Diego-Chula Vista-Carlsbad, CA",San Diego County,2022-03-31,2527.2294322940165,92071,0
96596,494,92027,zip,CA,CA,Escondido,"San Diego-Chula Vista-Carlsbad, CA",San Diego County,2022-03-31,1883.470297159412,92027,0
96671,599,92130,zip,CA,CA,San Diego,"San Diego-Chula Vista-Carlsbad, CA",San Diego County,2022-03-31,3680.710957718112,92130,0
96670,651,92129,zip,CA,CA,San Diego,"San Diego-Chula Vista-Carlsbad, CA",San Diego County,2022-03-31,3296.9368111974145,92129,0
96612,655,92056,zip,CA,CA,Oceanside,"San Diego-Chula Vista-Carlsbad, CA",San Diego County,2022-03-31,2441.679123696514,92056,0
96613,662,92057,zip,CA,CA,Oceanside,"San Diego-Chula Vista-Carlsbad, CA",San Diego County,2022-03-31,2645.299604859358,92057,0
96548,676,91913,zip,CA,CA,Chula Vista,"San Diego-Chula Vista-Carlsbad, CA",San Diego County,2022-03-31,2758.3537361964027,91913,0
96659,787,92117,zip,CA,CA,San Diego,"San Diego-Chula Vista-Carlsbad, CA",San Diego County,2022-03-31,2430.633326922418,92117,0
96593,834,92024,zip,CA,CA,Encinitas,"San Diego-Chula Vista-Carlsbad, CA",San Diego County,2022-03-31,3378.4974247077707,92024,0
96653,960,92111,zip,CA,CA,San Diego,"San Diego-Chula Vista-Carlsbad, CA",San Diego County,2022-03-31,2444.7954484797974,92111,0
96668,995,92127,zip,CA,CA,San Diego,"San Diego-Chula Vista-Carlsbad, CA",San Diego County,2022-03-31,3135.986018470664,92127,0
96629,996,92078,zip,CA,CA,San Marcos,"San Diego-Chula Vista-Carlsbad, CA",San Diego County,2022-03-31,2873.134922863626,92078,0
96669,1063,92128,zip,CA,CA,San Diego,"San Diego-Chula Vista-Carlsbad, CA",San Diego County,2022-03-31,2694.5619725048714,92128,0
96582,1105,92009,zip,CA,CA,Carlsbad,"San Diego-Chula Vista-Carlsbad, CA",San Diego County,2022-03-31,3066.036484569101,92009,0
96646,1143,92104,zip,CA,CA,San Diego,"San Diego-Chula Vista-Carlsbad, CA",San Diego County,2022-03-31,2227.6257042198654,92104,0
96664,1151,92122,zip,CA,CA,San Diego,"San Diego-Chula Vista-Carlsbad, CA",San Diego County,2022-03-31,2928.4680103190526,92122,1
96623,1220,92069,zip,CA,CA,San Marcos,"San Diego-Chula Vista-Carlsbad, CA",San Diego County,2022-03-31,2505.7321447699064,92069,0
96651,1290,92109,zip,CA,CA,San Diego,"San Diego-Chula Vista-Carlsbad, CA",San Diego County,2022-03-31,2735.890145258978,92109,0
96643,1522,92101,zip,CA,CA,San Diego,"San Diego-Chula Vista-Carlsbad, CA",San Diego County,2022-03-31,2695.6869908954864,92101,0
96644,1622,92102,zip,CA,CA,San Diego,"San Diego-Chula Vista-Carlsbad, CA",San Diego County,2022-03-31,2065.2436878713274,92102,0
96560,1738,91942,zip,CA,CA,La Mesa,"San Diego-Chula Vista-Carlsbad, CA",San Diego County,2022-03-31,2298.3837141896474,91942,0
96610,2205,92054,zip,CA,CA,Oceanside,"San Diego-Chula Vista-Carlsbad, CA",San Diego County,2022-03-31,2452.123323210551,92054,0
96602,2270,92037,zip,CA,CA,San Diego,"San Diego-Chula Vista-Carlsbad, CA",San Diego County,2022-03-31,3711.774202750292,92037,1
96672,2406,92131,zip,CA,CA,San Diego,"San Diego-Chula Vista-Carlsbad, CA",San Diego County,2022-03-31,3074.754817536474,92131,0
96645,2966,92103,zip,CA,CA,San Diego,"San Diego-Chula Vista-Carlsbad, CA",San Diego County,2022-03-31,2394.3592426060773,92103,0
96652,3560,92110,zip,CA,CA,San Diego,"San Diego-Chula Vista-Carlsbad, CA",San Diego County,2022-03-31,2600.464282912549,92110,0
96649,3605,92107,zip,CA,CA,San Diego,"San Diego-Chula Vista-Carlsbad, CA",San Diego County,2022-03-31,2440.60810004248,92107,0
96658,3607,92116,zip,CA,CA,San Diego,"San Diego-Chula Vista-Carlsbad, CA",San Diego County,2022-03-31,2163.4945470450607,92116,0
96581,3914,92008,zip,CA,CA,Carlsbad,"San Diego-Chula Vista-Carlsbad, CA",San Diego County,2022-03-31,2613.995034001931,92008,0
96555,4492,91932,zip,CA,CA,Imperial Beach,"San Diego-Chula Vista-Carlsbad, CA",San Diego County,2022-03-31,2522.6698977977,91932,0
96584,5214,92011,zip,CA,CA,Carlsbad,"San Diego-Chula Vista-Carlsbad, CA",San Diego County,2022-03-31,3466.2892785915496,92011,0
96650,5900,92108,zip,CA,CA,San Diego,"San Diego-Chula Vista-Carlsbad, CA",San Diego County,2022-03-31,2780.73599731862,92108,0
96660,7608,92118,zip,CA,CA,Coronado,"San Diego-Chula Vista-Carlsbad, CA",San Diego County,2022-03-31,4283.574892007033,92118,0
96546,52,91911,zip,CA,CA,Chula Vista,"San Diego-Chula Vista-Carlsbad, CA",San Diego County,2022-04-30,2337.067865316024,91911,0
96690,61,92154,zip,CA,CA,San Diego,"San Diego-Chula Vista-Carlsbad, CA",San Diego County,2022-04-30,2543.127753041979,92154,0
96545,153,91910,zip,CA,CA,Chula Vista,"San Diego-Chula Vista-Carlsbad, CA",San Diego County,2022-04-30,2250.643111123208,91910,0
96667,166,92126,zip,CA,CA,San Diego,"San Diego-Chula Vista-Carlsbad, CA",San Diego County,2022-04-30,2681.63873436172,92126,1
96647,207,92105,zip,CA,CA,San Diego,"San Diego-Chula Vista-Carlsbad, CA",San Diego County,2022-04-30,1867.0050690267676,92105,0
96589,396,92020,zip,CA,CA,El Cajon,"San Diego-Chula Vista-Carlsbad, CA",San Diego County,2022-04-30,1946.7539218933016,92020,0
96657,414,92115,zip,CA,CA,San Diego,"San Diego-Chula Vista-Carlsbad, CA",San Diego County,2022-04-30,2145.2736105932063,92115,0
96625,475,92071,zip,CA,CA,Santee,"San Diego-Chula Vista-Carlsbad, CA",San Diego County,2022-04-30,2536.0657754476447,92071,0
96596,494,92027,zip,CA,CA,Escondido,"San Diego-Chula Vista-Carlsbad, CA",San Diego County,2022-04-30,1937.372745958948,92027,0
96671,599,92130,zip,CA,CA,San Diego,"San Diego-Chula Vista-Carlsbad, CA",San Diego County,2022-04-30,3739.643132463647,92130,0
96670,651,92129,zip,CA,CA,San Diego,"San Diego-Chula Vista-Carlsbad, CA",San Diego County,2022-04-30,3343.996273393615,92129,0
96612,655,92056,zip,CA,CA,Oceanside,"San Diego-Chula Vista-Carlsbad, CA",San Diego County,2022-04-30,2502.0727635260246,92056,0
96613,662,92057,zip,CA,CA,Oceanside,"San Diego-Chula Vista-Carlsbad, CA",San Diego County,2022-04-30,2672.8500340224127,92057,0
96548,676,91913,zip,CA,CA,Chula Vista,"San Diego-Chula Vista-Carlsbad, CA",San Diego County,2022-04-30,2771.097844802241,91913,0
96659,787,92117,zip,CA,CA,San Diego,"San Diego-Chula Vista-Carlsbad, CA",San Diego County,2022-04-30,2453.402617419116,92117,0
96593,834,92024,zip,CA,CA,Encinitas,"San Diego-Chula Vista-Carlsbad, CA",San Diego County,2022-04-30,3488.692829197351,92024,0
96653,960,92111,zip,CA,CA,San Diego,"San Diego-Chula Vista-Carlsbad, CA",San Diego County,2022-04-30,2525.000164346166,92111,0
96668,995,92127,zip,CA,CA,San Diego,"San Diego-Chula Vista-Carlsbad, CA",San Diego County,2022-04-30,3198.587420309896,92127,0
96629,996,92078,zip,CA,CA,San Marcos,"San Diego-Chula Vista-Carlsbad, CA",San Diego County,2022-04-30,2895.985388795468,92078,0
96669,1063,92128,zip,CA,CA,San Diego,"San Diego-Chula Vista-Carlsbad, CA",San Diego County,2022-04-30,2771.7820366340675,92128,0
96582,1105,92009,zip,CA,CA,Carlsbad,"San Diego-Chula Vista-Carlsbad, CA",San Diego County,2022-04-30,3113.515894138523,92009,0
96646,1143,92104,zip,CA,CA,San Diego,"San Diego-Chula Vista-Carlsbad, CA",San Diego County,2022-04-30,2272.0505698037105,92104,0
96664,1151,92122,zip,CA,CA,San Diego,"San Diego-Chula Vista-Carlsbad, CA",San Diego County,2022-04-30,2988.9882040142024,92122,1
96623,1220,92069,zip,CA,CA,San Marcos,"San Diego-Chula Vista-Carlsbad, CA",San Diego County,2022-04-30,2574.8287102490767,92069,0
96651,1290,92109,zip,CA,CA,San Diego,"San Diego-Chula Vista-Carlsbad, CA",San Diego County,2022-04-30,2784.4688649551404,92109,0
96643,1522,92101,zip,CA,CA,San Diego,"San Diego-Chula Vista-Carlsbad, CA",San Diego County,2022-04-30,2719.308160537924,92101,0
96644,1622,92102,zip,CA,CA,San Diego,"San Diego-Chula Vista-Carlsbad, CA",San Diego County,2022-04-30,2105.3568663350297,92102,0
96560,1738,91942,zip,CA,CA,La Mesa,"San Diego-Chula Vista-Carlsbad, CA",San Diego County,2022-04-30,2306.5508948895026,91942,0
96610,2205,92054,zip,CA,CA,Oceanside,"San Diego-Chula Vista-Carlsbad, CA",San Diego County,2022-04-30,2481.839192975999,92054,0
96602,2270,92037,zip,CA,CA,San Diego,"San Diego-Chula Vista-Carlsbad, CA",San Diego County,2022-04-30,3737.870946201376,92037,1
96672,2406,92131,zip,CA,CA,San Diego,"San Diego-Chula Vista-Carlsbad, CA",San Diego County,2022-04-30,3103.339171586277,92131,0
96645,2966,92103,zip,CA,CA,San Diego,"San Diego-Chula Vista-Carlsbad, CA",San Diego County,2022-04-30,2432.034331729681,92103,0
96652,3560,92110,zip,CA,CA,San Diego,"San Diego-Chula Vista-Carlsbad, CA",San Diego County,2022-04-30,2643.8507707851018,92110,0
96649,3605,92107,zip,CA,CA,San Diego,"San Diego-Chula Vista-Carlsbad, CA",San Diego County,2022-04-30,2500.585351197117,92107,0
96658,3607,92116,zip,CA,CA,San Diego,"San Diego-Chula Vista-Carlsbad, CA",San Diego County,2022-04-30,2197.5336657676467,92116,0
96581,3914,92008,zip,CA,CA,Carlsbad,"San Diego-Chula Vista-Carlsbad, CA",San Diego County,2022-04-30,2646.364385177277,92008,0
96555,4492,91932,zip,CA,CA,Imperial Beach,"San Diego-Chula Vista-Carlsbad, CA",San Diego County,2022-04-30,2495.648030445279,91932,0
96584,5214,92011,zip,CA,CA,Carlsbad,"San Diego-Chula Vista-Carlsbad, CA",San Diego County,2022-04-30,3562.7334156362813,92011,0
96650,5900,92108,zip,CA,CA,San Diego,"San Diego-Chula Vista-Carlsbad, CA",San Diego County,2022-04-30,2820.851169056874,92108,0
96660,7608,92118,zip,CA,CA,Coronado,"San Diego-Chula Vista-Carlsbad, CA",San Diego County,2022-04-30,4380.969798958302,92118,0
96546,52,91911,zip,CA,CA,Chula Vista,"San Diego-Chula Vista-Carlsbad, CA",San Diego County,2022-05-31,2352.6702818146955,91911,0
96690,61,92154,zip,CA,CA,San Diego,"San Diego-Chula Vista-Carlsbad, CA",San Diego County,2022-05-31,2541.2449716993824,92154,0
96545,153,91910,zip,CA,CA,Chula Vista,"San Diego-Chula Vista-Carlsbad, CA",San Diego County,2022-05-31,2268.057892551372,91910,0
96667,166,92126,zip,CA,CA,San Diego,"San Diego-Chula Vista-Carlsbad, CA",San Diego County,2022-05-31,2702.5295119690177,92126,1
96647,207,92105,zip,CA,CA,San Diego,"San Diego-Chula Vista-Carlsbad, CA",San Diego County,2022-05-31,1889.6335676783324,92105,0
96589,396,92020,zip,CA,CA,El Cajon,"San Diego-Chula Vista-Carlsbad, CA",San Diego County,2022-05-31,1972.9420166240632,92020,0
96657,414,92115,zip,CA,CA,San Diego,"San Diego-Chula Vista-Carlsbad, CA",San Diego County,2022-05-31,2162.03636285775,92115,0
96625,475,92071,zip,CA,CA,Santee,"San Diego-Chula Vista-Carlsbad, CA",San Diego County,2022-05-31,2578.9752119328136,92071,0
96596,494,92027,zip,CA,CA,Escondido,"San Diego-Chula Vista-Carlsbad, CA",San Diego County,2022-05-31,2013.3866940799692,92027,0
96671,599,92130,zip,CA,CA,San Diego,"San Diego-Chula Vista-Carlsbad, CA",San Diego County,2022-05-31,3803.475388059154,92130,0
96670,651,92129,zip,CA,CA,San Diego,"San Diego-Chula Vista-Carlsbad, CA",San Diego County,2022-05-31,3352.832633548047,92129,0
96612,655,92056,zip,CA,CA,Oceanside,"San Diego-Chula Vista-Carlsbad, CA",San Diego County,2022-05-31,2540.163430007185,92056,0
96613,662,92057,zip,CA,CA,Oceanside,"San Diego-Chula Vista-Carlsbad, CA",San Diego County,2022-05-31,2737.2095458534222,92057,0
96548,676,91913,zip,CA,CA,Chula Vista,"San Diego-Chula Vista-Carlsbad, CA",San Diego County,2022-05-31,2844.6902331233755,91913,0
96659,787,92117,zip,CA,CA,San Diego,"San Diego-Chula Vista-Carlsbad, CA",San Diego County,2022-05-31,2493.81099278347,92117,0
96593,834,92024,zip,CA,CA,Encinitas,"San Diego-Chula Vista-Carlsbad, CA",San Diego County,2022-05-31,3627.2238772433298,92024,0
96653,960,92111,zip,CA,CA,San Diego,"San Diego-Chula Vista-Carlsbad, CA",San Diego County,2022-05-31,2550.1043272670427,92111,0
96668,995,92127,zip,CA,CA,San Diego,"San Diego-Chula Vista-Carlsbad, CA",San Diego County,2022-05-31,3189.1174463065063,92127,0
96629,996,92078,zip,CA,CA,San Marcos,"San Diego-Chula Vista-Carlsbad, CA",San Diego County,2022-05-31,2942.0175463956066,92078,0
96669,1063,92128,zip,CA,CA,San Diego,"San Diego-Chula Vista-Carlsbad, CA",San Diego County,2022-05-31,2786.1964749882645,92128,0
96582,1105,92009,zip,CA,CA,Carlsbad,"San Diego-Chula Vista-Carlsbad, CA",San Diego County,2022-05-31,3180.0951618396844,92009,0
96646,1143,92104,zip,CA,CA,San Diego,"San Diego-Chula Vista-Carlsbad, CA",San Diego County,2022-05-31,2300.605798238933,92104,0
96664,1151,92122,zip,CA,CA,San Diego,"San Diego-Chula Vista-Carlsbad, CA",San Diego County,2022-05-31,3033.3279672145904,92122,1
96623,1220,92069,zip,CA,CA,San Marcos,"San Diego-Chula Vista-Carlsbad, CA",San Diego County,2022-05-31,2589.9655214609797,92069,0
96651,1290,92109,zip,CA,CA,San Diego,"San Diego-Chula Vista-Carlsbad, CA",San Diego County,2022-05-31,2841.0884158340914,92109,0
96643,1522,92101,zip,CA,CA,San Diego,"San Diego-Chula Vista-Carlsbad, CA",San Diego County,2022-05-31,2761.903144181876,92101,0
96644,1622,92102,zip,CA,CA,San Diego,"San Diego-Chula Vista-Carlsbad, CA",San Diego County,2022-05-31,2117.447844682995,92102,0
96560,1738,91942,zip,CA,CA,La Mesa,"San Diego-Chula Vista-Carlsbad, CA",San Diego County,2022-05-31,2372.00561642481,91942,0
96610,2205,92054,zip,CA,CA,Oceanside,"San Diego-Chula Vista-Carlsbad, CA",San Diego County,2022-05-31,2524.245190558216,92054,0
96602,2270,92037,zip,CA,CA,San Diego,"San Diego-Chula Vista-Carlsbad, CA",San Diego County,2022-05-31,3790.3081460374906,92037,1
96672,2406,92131,zip,CA,CA,San Diego,"San Diego-Chula Vista-Carlsbad, CA",San Diego County,2022-05-31,3126.268702683446,92131,0
96645,2966,92103,zip,CA,CA,San Diego,"San Diego-Chula Vista-Carlsbad, CA",San Diego County,2022-05-31,2479.2461333250217,92103,0
96652,3560,92110,zip,CA,CA,San Diego,"San Diego-Chula Vista-Carlsbad, CA",San Diego County,2022-05-31,2675.345859553426,92110,0
96649,3605,92107,zip,CA,CA,San Diego,"San Diego-Chula Vista-Carlsbad, CA",San Diego County,2022-05-31,2569.488043796436,92107,0
96658,3607,92116,zip,CA,CA,San Diego,"San Diego-Chula Vista-Carlsbad, CA",San Diego County,2022-05-31,2243.235194735331,92116,0
96581,3914,92008,zip,CA,CA,Carlsbad,"San Diego-Chula Vista-Carlsbad, CA",San Diego County,2022-05-31,2698.899721806586,92008,0
96555,4492,91932,zip,CA,CA,Imperial Beach,"San Diego-Chula Vista-Carlsbad, CA",San Diego County,2022-05-31,2549.191764297316,91932,0
96584,5214,92011,zip,CA,CA,Carlsbad,"San Diego-Chula Vista-Carlsbad, CA",San Diego County,2022-05-31,3560.9964647842417,92011,0
96650,5900,92108,zip,CA,CA,San Diego,"San Diego-Chula Vista-Carlsbad, CA",San Diego County,2022-05-31,2880.3622943282203,92108,0
96660,7608,92118,zip,CA,CA,Coronado,"San Diego-Chula Vista-Carlsbad, CA",San Diego County,2022-05-31,4570.448648053173,92118,0
96546,52,91911,zip,CA,CA,Chula Vista,"San Diego-Chula Vista-Carlsbad, CA",San Diego County,2022-06-30,2410.8212158507336,91911,0
96690,61,92154,zip,CA,CA,San Diego,"San Diego-Chula Vista-Carlsbad, CA",San Diego County,2022-06-30,2585.8157236790826,92154,0
96545,153,91910,zip,CA,CA,Chula Vista,"San Diego-Chula Vista-Carlsbad, CA",San Diego County,2022-06-30,2320.432764928324,91910,0
96667,166,92126,zip,CA,CA,San Diego,"San Diego-Chula Vista-Carlsbad, CA",San Diego County,2022-06-30,2733.213431528715,92126,1
96647,207,92105,zip,CA,CA,San Diego,"San Diego-Chula Vista-Carlsbad, CA",San Diego County,2022-06-30,1902.0209179526116,92105,0
96589,396,92020,zip,CA,CA,El Cajon,"San Diego-Chula Vista-Carlsbad, CA",San Diego County,2022-06-30,2024.4671012216031,92020,0
96657,414,92115,zip,CA,CA,San Diego,"San Diego-Chula Vista-Carlsbad, CA",San Diego County,2022-06-30,2194.3898814677623,92115,0
96625,475,92071,zip,CA,CA,Santee,"San Diego-Chula Vista-Carlsbad, CA",San Diego County,2022-06-30,2610.2659122601794,92071,0
96596,494,92027,zip,CA,CA,Escondido,"San Diego-Chula Vista-Carlsbad, CA",San Diego County,2022-06-30,2084.421047888083,92027,0
96671,599,92130,zip,CA,CA,San Diego,"San Diego-Chula Vista-Carlsbad, CA",San Diego County,2022-06-30,3844.8700408383615,92130,0
96670,651,92129,zip,CA,CA,San Diego,"San Diego-Chula Vista-Carlsbad, CA",San Diego County,2022-06-30,3373.6972852533286,92129,0
96612,655,92056,zip,CA,CA,Oceanside,"San Diego-Chula Vista-Carlsbad, CA",San Diego County,2022-06-30,2571.03509265766,92056,0
96613,662,92057,zip,CA,CA,Oceanside,"San Diego-Chula Vista-Carlsbad, CA",San Diego County,2022-06-30,2753.686511092068,92057,0
96548,676,91913,zip,CA,CA,Chula Vista,"San Diego-Chula Vista-Carlsbad, CA",San Diego County,2022-06-30,2926.950279166312,91913,0
96659,787,92117,zip,CA,CA,San Diego,"San Diego-Chula Vista-Carlsbad, CA",San Diego County,2022-06-30,2529.104397840871,92117,0
96593,834,92024,zip,CA,CA,Encinitas,"San Diego-Chula Vista-Carlsbad, CA",San Diego County,2022-06-30,3561.8802440484515,92024,0
96653,960,92111,zip,CA,CA,San Diego,"San Diego-Chula Vista-Carlsbad, CA",San Diego County,2022-06-30,2627.423610078112,92111,0
96668,995,92127,zip,CA,CA,San Diego,"San Diego-Chula Vista-Carlsbad, CA",San Diego County,2022-06-30,3234.850570415202,92127,0
96629,996,92078,zip,CA,CA,San Marcos,"San Diego-Chula Vista-Carlsbad, CA",San Diego County,2022-06-30,2957.248615439603,92078,0
96669,1063,92128,zip,CA,CA,San Diego,"San Diego-Chula Vista-Carlsbad, CA",San Diego County,2022-06-30,2819.128451082845,92128,0
96582,1105,92009,zip,CA,CA,Carlsbad,"San Diego-Chula Vista-Carlsbad, CA",San Diego County,2022-06-30,3199.327508172678,92009,0
96646,1143,92104,zip,CA,CA,San Diego,"San Diego-Chula Vista-Carlsbad, CA",San Diego County,2022-06-30,2334.879949744146,92104,0
96664,1151,92122,zip,CA,CA,San Diego,"San Diego-Chula Vista-Carlsbad, CA",San Diego County,2022-06-30,3134.0912858343568,92122,1
96623,1220,92069,zip,CA,CA,San Marcos,"San Diego-Chula Vista-Carlsbad, CA",San Diego County,2022-06-30,2669.2339954155614,92069,0
96651,1290,92109,zip,CA,CA,San Diego,"San Diego-Chula Vista-Carlsbad, CA",San Diego County,2022-06-30,2902.5173732135763,92109,0
96643,1522,92101,zip,CA,CA,San Diego,"San Diego-Chula Vista-Carlsbad, CA",San Diego County,2022-06-30,2793.547373212795,92101,0
96644,1622,92102,zip,CA,CA,San Diego,"San Diego-Chula Vista-Carlsbad, CA",San Diego County,2022-06-30,2142.7807609924557,92102,0
96560,1738,91942,zip,CA,CA,La Mesa,"San Diego-Chula Vista-Carlsbad, CA",San Diego County,2022-06-30,2398.200674553887,91942,0
96610,2205,92054,zip,CA,CA,Oceanside,"San Diego-Chula Vista-Carlsbad, CA",San Diego County,2022-06-30,2566.24458763164,92054,0
96602,2270,92037,zip,CA,CA,San Diego,"San Diego-Chula Vista-Carlsbad, CA",San Diego County,2022-06-30,3838.4162827855152,92037,1
96672,2406,92131,zip,CA,CA,San Diego,"San Diego-Chula Vista-Carlsbad, CA",San Diego County,2022-06-30,3156.965872804539,92131,0
96645,2966,92103,zip,CA,CA,San Diego,"San Diego-Chula Vista-Carlsbad, CA",San Diego County,2022-06-30,2511.6805711600505,92103,0
96652,3560,92110,zip,CA,CA,San Diego,"San Diego-Chula Vista-Carlsbad, CA",San Diego County,2022-06-30,2755.260146213989,92110,0
96649,3605,92107,zip,CA,CA,San Diego,"San Diego-Chula Vista-Carlsbad, CA",San Diego County,2022-06-30,2612.930859210639,92107,0
96658,3607,92116,zip,CA,CA,San Diego,"San Diego-Chula Vista-Carlsbad, CA",San Diego County,2022-06-30,2268.0355598253136,92116,0
96581,3914,92008,zip,CA,CA,Carlsbad,"San Diego-Chula Vista-Carlsbad, CA",San Diego County,2022-06-30,2753.616435035095,92008,0
96555,4492,91932,zip,CA,CA,Imperial Beach,"San Diego-Chula Vista-Carlsbad, CA",San Diego County,2022-06-30,2594.7103561127933,91932,0
96584,5214,92011,zip,CA,CA,Carlsbad,"San Diego-Chula Vista-Carlsbad, CA",San Diego County,2022-06-30,3591.298434559325,92011,0
96650,5900,92108,zip,CA,CA,San Diego,"San Diego-Chula Vista-Carlsbad, CA",San Diego County,2022-06-30,2941.401783118667,92108,0
96660,7608,92118,zip,CA,CA,Coronado,"San Diego-Chula Vista-Carlsbad, CA",San Diego County,2022-06-30,4714.718153016155,92118,0
96546,52,91911,zip,CA,CA,Chula Vista,"San Diego-Chula Vista-Carlsbad, CA",San Diego County,2022-07-31,2468.023093072504,91911,0
96690,61,92154,zip,CA,CA,San Diego,"San Diego-Chula Vista-Carlsbad, CA",San Diego County,2022-07-31,2637.61188887531,92154,0
96545,153,91910,zip,CA,CA,Chula Vista,"San Diego-Chula Vista-Carlsbad, CA",San Diego County,2022-07-31,2365.790473602453,91910,0
96667,166,92126,zip,CA,CA,San Diego,"San Diego-Chula Vista-Carlsbad, CA",San Diego County,2022-07-31,2753.238886578926,92126,1
96647,207,92105,zip,CA,CA,San Diego,"San Diego-Chula Vista-Carlsbad, CA",San Diego County,2022-07-31,1935.866229338987,92105,0
96589,396,92020,zip,CA,CA,El Cajon,"San Diego-Chula Vista-Carlsbad, CA",San Diego County,2022-07-31,2057.932864102231,92020,0
96657,414,92115,zip,CA,CA,San Diego,"San Diego-Chula Vista-Carlsbad, CA",San Diego County,2022-07-31,2225.8207246876195,92115,0
96625,475,92071,zip,CA,CA,Santee,"San Diego-Chula Vista-Carlsbad, CA",San Diego County,2022-07-31,2640.1929380972483,92071,0
96596,494,92027,zip,CA,CA,Escondido,"San Diego-Chula Vista-Carlsbad, CA",San Diego County,2022-07-31,2063.441496880422,92027,0
96671,599,92130,zip,CA,CA,San Diego,"San Diego-Chula Vista-Carlsbad, CA",San Diego County,2022-07-31,3888.208935106277,92130,0
96670,651,92129,zip,CA,CA,San Diego,"San Diego-Chula Vista-Carlsbad, CA",San Diego County,2022-07-31,3369.900020672215,92129,0
96612,655,92056,zip,CA,CA,Oceanside,"San Diego-Chula Vista-Carlsbad, CA",San Diego County,2022-07-31,2586.315921184684,92056,0
96613,662,92057,zip,CA,CA,Oceanside,"San Diego-Chula Vista-Carlsbad, CA",San Diego County,2022-07-31,2778.272884373952,92057,0
96548,676,91913,zip,CA,CA,Chula Vista,"San Diego-Chula Vista-Carlsbad, CA",San Diego County,2022-07-31,2990.156455161273,91913,0
96659,787,92117,zip,CA,CA,San Diego,"San Diego-Chula Vista-Carlsbad, CA",San Diego County,2022-07-31,2536.9452075584563,92117,0
96593,834,92024,zip,CA,CA,Encinitas,"San Diego-Chula Vista-Carlsbad, CA",San Diego County,2022-07-31,3517.3740194750767,92024,0
96653,960,92111,zip,CA,CA,San Diego,"San Diego-Chula Vista-Carlsbad, CA",San Diego County,2022-07-31,2643.563204952932,92111,0
96668,995,92127,zip,CA,CA,San Diego,"San Diego-Chula Vista-Carlsbad, CA",San Diego County,2022-07-31,3253.542695748765,92127,0
96629,996,92078,zip,CA,CA,San Marcos,"San Diego-Chula Vista-Carlsbad, CA",San Diego County,2022-07-31,3012.228205081002,92078,0
96669,1063,92128,zip,CA,CA,San Diego,"San Diego-Chula Vista-Carlsbad, CA",San Diego County,2022-07-31,2807.712580748499,92128,0
96582,1105,92009,zip,CA,CA,Carlsbad,"San Diego-Chula Vista-Carlsbad, CA",San Diego County,2022-07-31,3225.463600261263,92009,0
96646,1143,92104,zip,CA,CA,San Diego,"San Diego-Chula Vista-Carlsbad, CA",San Diego County,2022-07-31,2347.771517535294,92104,0
96664,1151,92122,zip,CA,CA,San Diego,"San Diego-Chula Vista-Carlsbad, CA",San Diego County,2022-07-31,3171.628670575369,92122,1
96623,1220,92069,zip,CA,CA,San Marcos,"San Diego-Chula Vista-Carlsbad, CA",San Diego County,2022-07-31,2657.483663972526,92069,0
96651,1290,92109,zip,CA,CA,San Diego,"San Diego-Chula Vista-Carlsbad, CA",San Diego County,2022-07-31,2939.2122906113555,92109,0
96643,1522,92101,zip,CA,CA,San Diego,"San Diego-Chula Vista-Carlsbad, CA",San Diego County,2022-07-31,2843.9185325294497,92101,0
96644,1622,92102,zip,CA,CA,San Diego,"San Diego-Chula Vista-Carlsbad, CA",San Diego County,2022-07-31,2173.21831461139,92102,0
96560,1738,91942,zip,CA,CA,La Mesa,"San Diego-Chula Vista-Carlsbad, CA",San Diego County,2022-07-31,2438.293996766048,91942,0
96610,2205,92054,zip,CA,CA,Oceanside,"San Diego-Chula Vista-Carlsbad, CA",San Diego County,2022-07-31,2627.871075062474,92054,0
96602,2270,92037,zip,CA,CA,San Diego,"San Diego-Chula Vista-Carlsbad, CA",San Diego County,2022-07-31,3912.7934245914394,92037,1
96672,2406,92131,zip,CA,CA,San Diego,"San Diego-Chula Vista-Carlsbad, CA",San Diego County,2022-07-31,3172.079567671776,92131,0
96645,2966,92103,zip,CA,CA,San Diego,"San Diego-Chula Vista-Carlsbad, CA",San Diego County,2022-07-31,2522.1196784004305,92103,0
96652,3560,92110,zip,CA,CA,San Diego,"San Diego-Chula Vista-Carlsbad, CA",San Diego County,2022-07-31,2784.0255464509187,92110,0
96649,3605,92107,zip,CA,CA,San Diego,"San Diego-Chula Vista-Carlsbad, CA",San Diego County,2022-07-31,2641.6302521080825,92107,0
96658,3607,92116,zip,CA,CA,San Diego,"San Diego-Chula Vista-Carlsbad, CA",San Diego County,2022-07-31,2296.28363831745,92116,0
96581,3914,92008,zip,CA,CA,Carlsbad,"San Diego-Chula Vista-Carlsbad, CA",San Diego County,2022-07-31,2776.2874059298424,92008,0
96555,4492,91932,zip,CA,CA,Imperial Beach,"San Diego-Chula Vista-Carlsbad, CA",San Diego County,2022-07-31,2624.497130408109,91932,0
96584,5214,92011,zip,CA,CA,Carlsbad,"San Diego-Chula Vista-Carlsbad, CA",San Diego County,2022-07-31,3627.02343944106,92011,0
96650,5900,92108,zip,CA,CA,San Diego,"San Diego-Chula Vista-Carlsbad, CA",San Diego County,2022-07-31,2998.584477734088,92108,0
96660,7608,92118,zip,CA,CA,Coronado,"San Diego-Chula Vista-Carlsbad, CA",San Diego County,2022-07-31,4712.321056405201,92118,0
96546,52,91911,zip,CA,CA,Chula Vista,"San Diego-Chula Vista-Carlsbad, CA",San Diego County,2022-08-31,2530.960687021364,91911,0
96690,61,92154,zip,CA,CA,San Diego,"San Diego-Chula Vista-Carlsbad, CA",San Diego County,2022-08-31,2715.012297088506,92154,0
96545,153,91910,zip,CA,CA,Chula Vista,"San Diego-Chula Vista-Carlsbad, CA",San Diego County,2022-08-31,2427.3654446400965,91910,0
96667,166,92126,zip,CA,CA,San Diego,"San Diego-Chula Vista-Carlsbad, CA",San Diego County,2022-08-31,2779.832214865146,92126,1
96647,207,92105,zip,CA,CA,San Diego,"San Diego-Chula Vista-Carlsbad, CA",San Diego County,2022-08-31,1943.1741586818907,92105,0
96589,396,92020,zip,CA,CA,El Cajon,"San Diego-Chula Vista-Carlsbad, CA",San Diego County,2022-08-31,2065.840501275756,92020,0
96657,414,92115,zip,CA,CA,San Diego,"San Diego-Chula Vista-Carlsbad, CA",San Diego County,2022-08-31,2266.3382247756613,92115,0
96625,475,92071,zip,CA,CA,Santee,"San Diego-Chula Vista-Carlsbad, CA",San Diego County,2022-08-31,2694.034603027238,92071,0
96596,494,92027,zip,CA,CA,Escondido,"San Diego-Chula Vista-Carlsbad, CA",San Diego County,2022-08-31,2047.324295395012,92027,0
96671,599,92130,zip,CA,CA,San Diego,"San Diego-Chula Vista-Carlsbad, CA",San Diego County,2022-08-31,3881.3142593293887,92130,0
96670,651,92129,zip,CA,CA,San Diego,"San Diego-Chula Vista-Carlsbad, CA",San Diego County,2022-08-31,3350.4510213435747,92129,0
96612,655,92056,zip,CA,CA,Oceanside,"San Diego-Chula Vista-Carlsbad, CA",San Diego County,2022-08-31,2591.4409787720747,92056,0
96613,662,92057,zip,CA,CA,Oceanside,"San Diego-Chula Vista-Carlsbad, CA",San Diego County,2022-08-31,2760.26561715665,92057,0
96548,676,91913,zip,CA,CA,Chula Vista,"San Diego-Chula Vista-Carlsbad, CA",San Diego County,2022-08-31,3036.6146857085723,91913,0
96659,787,92117,zip,CA,CA,San Diego,"San Diego-Chula Vista-Carlsbad, CA",San Diego County,2022-08-31,2550.479800774551,92117,0
96593,834,92024,zip,CA,CA,Encinitas,"San Diego-Chula Vista-Carlsbad, CA",San Diego County,2022-08-31,3469.8431877342127,92024,0
96653,960,92111,zip,CA,CA,San Diego,"San Diego-Chula Vista-Carlsbad, CA",San Diego County,2022-08-31,2669.377327324588,92111,0
96668,995,92127,zip,CA,CA,San Diego,"San Diego-Chula Vista-Carlsbad, CA",San Diego County,2022-08-31,3263.597383244666,92127,0
96629,996,92078,zip,CA,CA,San Marcos,"San Diego-Chula Vista-Carlsbad, CA",San Diego County,2022-08-31,3009.7072228526963,92078,0
96669,1063,92128,zip,CA,CA,San Diego,"San Diego-Chula Vista-Carlsbad, CA",San Diego County,2022-08-31,2821.3801315898977,92128,0
96582,1105,92009,zip,CA,CA,Carlsbad,"San Diego-Chula Vista-Carlsbad, CA",San Diego County,2022-08-31,3208.9795170140937,92009,0
96646,1143,92104,zip,CA,CA,San Diego,"San Diego-Chula Vista-Carlsbad, CA",San Diego County,2022-08-31,2384.069603981903,92104,0
96664,1151,92122,zip,CA,CA,San Diego,"San Diego-Chula Vista-Carlsbad, CA",San Diego County,2022-08-31,3220.143187570405,92122,1
96623,1220,92069,zip,CA,CA,San Marcos,"San Diego-Chula Vista-Carlsbad, CA",San Diego County,2022-08-31,2726.2244121562894,92069,0
96651,1290,92109,zip,CA,CA,San Diego,"San Diego-Chula Vista-Carlsbad, CA",San Diego County,2022-08-31,2969.110178766187,92109,0
96643,1522,92101,zip,CA,CA,San Diego,"San Diego-Chula Vista-Carlsbad, CA",San Diego County,2022-08-31,2870.057364577936,92101,0
96644,1622,92102,zip,CA,CA,San Diego,"San Diego-Chula Vista-Carlsbad, CA",San Diego County,2022-08-31,2207.10588151472,92102,0
96560,1738,91942,zip,CA,CA,La Mesa,"San Diego-Chula Vista-Carlsbad, CA",San Diego County,2022-08-31,2474.9149462633018,91942,0
96610,2205,92054,zip,CA,CA,Oceanside,"San Diego-Chula Vista-Carlsbad, CA",San Diego County,2022-08-31,2676.969119385769,92054,0
96602,2270,92037,zip,CA,CA,San Diego,"San Diego-Chula Vista-Carlsbad, CA",San Diego County,2022-08-31,3932.076307195373,92037,1
96672,2406,92131,zip,CA,CA,San Diego,"San Diego-Chula Vista-Carlsbad, CA",San Diego County,2022-08-31,3152.47971703139,92131,0
96645,2966,92103,zip,CA,CA,San Diego,"San Diego-Chula Vista-Carlsbad, CA",San Diego County,2022-08-31,2542.848941569808,92103,0
96652,3560,92110,zip,CA,CA,San Diego,"San Diego-Chula Vista-Carlsbad, CA",San Diego County,2022-08-31,2808.318237339336,92110,0
96649,3605,92107,zip,CA,CA,San Diego,"San Diego-Chula Vista-Carlsbad, CA",San Diego County,2022-08-31,2659.255406689359,92107,0
96658,3607,92116,zip,CA,CA,San Diego,"San Diego-Chula Vista-Carlsbad, CA",San Diego County,2022-08-31,2312.5004312006663,92116,0
96581,3914,92008,zip,CA,CA,Carlsbad,"San Diego-Chula Vista-Carlsbad, CA",San Diego County,2022-08-31,2776.318436353263,92008,0
96555,4492,91932,zip,CA,CA,Imperial Beach,"San Diego-Chula Vista-Carlsbad, CA",San Diego County,2022-08-31,2644.8598790950005,91932,0
96584,5214,92011,zip,CA,CA,Carlsbad,"San Diego-Chula Vista-Carlsbad, CA",San Diego County,2022-08-31,3698.1117686659086,92011,0
96650,5900,92108,zip,CA,CA,San Diego,"San Diego-Chula Vista-Carlsbad, CA",San Diego County,2022-08-31,3040.7028707180057,92108,0
96660,7608,92118,zip,CA,CA,Coronado,"San Diego-Chula Vista-Carlsbad, CA",San Diego County,2022-08-31,4606.499228259043,92118,0
96546,52,91911,zip,CA,CA,Chula Vista,"San Diego-Chula Vista-Carlsbad, CA",San Diego County,2022-09-30,2496.451004314932,91911,0
96690,61,92154,zip,CA,CA,San Diego,"San Diego-Chula Vista-Carlsbad, CA",San Diego County,2022-09-30,2723.3818112195413,92154,0
96545,153,91910,zip,CA,CA,Chula Vista,"San Diego-Chula Vista-Carlsbad, CA",San Diego County,2022-09-30,2443.392091883712,91910,0
96667,166,92126,zip,CA,CA,San Diego,"San Diego-Chula Vista-Carlsbad, CA",San Diego County,2022-09-30,2774.93490993353,92126,1
96647,207,92105,zip,CA,CA,San Diego,"San Diego-Chula Vista-Carlsbad, CA",San Diego County,2022-09-30,1939.2158501395884,92105,0
96589,396,92020,zip,CA,CA,El Cajon,"San Diego-Chula Vista-Carlsbad, CA",San Diego County,2022-09-30,2033.458977709752,92020,0
96657,414,92115,zip,CA,CA,San Diego,"San Diego-Chula Vista-Carlsbad, CA",San Diego County,2022-09-30,2310.9827835398514,92115,0
96625,475,92071,zip,CA,CA,Santee,"San Diego-Chula Vista-Carlsbad, CA",San Diego County,2022-09-30,2721.9211025172485,92071,0
96596,494,92027,zip,CA,CA,Escondido,"San Diego-Chula Vista-Carlsbad, CA",San Diego County,2022-09-30,2031.692077003372,92027,0
96671,599,92130,zip,CA,CA,San Diego,"San Diego-Chula Vista-Carlsbad, CA",San Diego County,2022-09-30,3909.380021305033,92130,0
96670,651,92129,zip,CA,CA,San Diego,"San Diego-Chula Vista-Carlsbad, CA",San Diego County,2022-09-30,3348.1309235400545,92129,0
96612,655,92056,zip,CA,CA,Oceanside,"San Diego-Chula Vista-Carlsbad, CA",San Diego County,2022-09-30,2611.383287670548,92056,0
96613,662,92057,zip,CA,CA,Oceanside,"San Diego-Chula Vista-Carlsbad, CA",San Diego County,2022-09-30,2750.912753575464,92057,0
96548,676,91913,zip,CA,CA,Chula Vista,"San Diego-Chula Vista-Carlsbad, CA",San Diego County,2022-09-30,3030.4300046155768,91913,0
96659,787,92117,zip,CA,CA,San Diego,"San Diego-Chula Vista-Carlsbad, CA",San Diego County,2022-09-30,2552.71244543828,92117,0
96593,834,92024,zip,CA,CA,Encinitas,"San Diego-Chula Vista-Carlsbad, CA",San Diego County,2022-09-30,3437.051907399336,92024,0
96653,960,92111,zip,CA,CA,San Diego,"San Diego-Chula Vista-Carlsbad, CA",San Diego County,2022-09-30,2661.151830920588,92111,0
96668,995,92127,zip,CA,CA,San Diego,"San Diego-Chula Vista-Carlsbad, CA",San Diego County,2022-09-30,3268.606471835159,92127,0
96629,996,92078,zip,CA,CA,San Marcos,"San Diego-Chula Vista-Carlsbad, CA",San Diego County,2022-09-30,3060.1750461250726,92078,0
96669,1063,92128,zip,CA,CA,San Diego,"San Diego-Chula Vista-Carlsbad, CA",San Diego County,2022-09-30,2809.0396098160318,92128,0
96582,1105,92009,zip,CA,CA,Carlsbad,"San Diego-Chula Vista-Carlsbad, CA",San Diego County,2022-09-30,3253.999740512775,92009,0
96646,1143,92104,zip,CA,CA,San Diego,"San Diego-Chula Vista-Carlsbad, CA",San Diego County,2022-09-30,2398.9866602786897,92104,0
96664,1151,92122,zip,CA,CA,San Diego,"San Diego-Chula Vista-Carlsbad, CA",San Diego County,2022-09-30,3190.170545686104,92122,1
96623,1220,92069,zip,CA,CA,San Marcos,"San Diego-Chula Vista-Carlsbad, CA",San Diego County,2022-09-30,2683.993795915779,92069,0
96651,1290,92109,zip,CA,CA,San Diego,"San Diego-Chula Vista-Carlsbad, CA",San Diego County,2022-09-30,2991.8768717629,92109,0
96643,1522,92101,zip,CA,CA,San Diego,"San Diego-Chula Vista-Carlsbad, CA",San Diego County,2022-09-30,2886.325321426237,92101,0
96644,1622,92102,zip,CA,CA,San Diego,"San Diego-Chula Vista-Carlsbad, CA",San Diego County,2022-09-30,2211.513934323704,92102,0
96560,1738,91942,zip,CA,CA,La Mesa,"San Diego-Chula Vista-Carlsbad, CA",San Diego County,2022-09-30,2498.8668690087675,91942,0
96610,2205,92054,zip,CA,CA,Oceanside,"San Diego-Chula Vista-Carlsbad, CA",San Diego County,2022-09-30,2681.818985374199,92054,0
96602,2270,92037,zip,CA,CA,San Diego,"San Diego-Chula Vista-Carlsbad, CA",San Diego County,2022-09-30,3922.593404761047,92037,1
96672,2406,92131,zip,CA,CA,San Diego,"San Diego-Chula Vista-Carlsbad, CA",San Diego County,2022-09-30,3158.802578679162,92131,0
96645,2966,92103,zip,CA,CA,San Diego,"San Diego-Chula Vista-Carlsbad, CA",San Diego County,2022-09-30,2555.622548606388,92103,0
96652,3560,92110,zip,CA,CA,San Diego,"San Diego-Chula Vista-Carlsbad, CA",San Diego County,2022-09-30,2818.0069885212365,92110,0
96649,3605,92107,zip,CA,CA,San Diego,"San Diego-Chula Vista-Carlsbad, CA",San Diego County,2022-09-30,2659.437874703427,92107,0
96658,3607,92116,zip,CA,CA,San Diego,"San Diego-Chula Vista-Carlsbad, CA",San Diego County,2022-09-30,2333.162858663303,92116,0
96581,3914,92008,zip,CA,CA,Carlsbad,"San Diego-Chula Vista-Carlsbad, CA",San Diego County,2022-09-30,2748.281111561966,92008,0
96555,4492,91932,zip,CA,CA,Imperial Beach,"San Diego-Chula Vista-Carlsbad, CA",San Diego County,2022-09-30,2686.632915858306,91932,0
96584,5214,92011,zip,CA,CA,Carlsbad,"San Diego-Chula Vista-Carlsbad, CA",San Diego County,2022-09-30,3699.447689245729,92011,0
96650,5900,92108,zip,CA,CA,San Diego,"San Diego-Chula Vista-Carlsbad, CA",San Diego County,2022-09-30,2999.725871341961,92108,0
96660,7608,92118,zip,CA,CA,Coronado,"San Diego-Chula Vista-Carlsbad, CA",San Diego County,2022-09-30,4490.691239671162,92118,0
96546,52,91911,zip,CA,CA,Chula Vista,"San Diego-Chula Vista-Carlsbad, CA",San Diego County,2022-10-31,2489.8528923030203,91911,0
96690,61,92154,zip,CA,CA,San Diego,"San Diego-Chula Vista-Carlsbad, CA",San Diego County,2022-10-31,2729.8074880729832,92154,0
96545,153,91910,zip,CA,CA,Chula Vista,"San Diego-Chula Vista-Carlsbad, CA",San Diego County,2022-10-31,2412.44007186028,91910,0
96667,166,92126,zip,CA,CA,San Diego,"San Diego-Chula Vista-Carlsbad, CA",San Diego County,2022-10-31,2769.0072013800404,92126,1
96647,207,92105,zip,CA,CA,San Diego,"San Diego-Chula Vista-Carlsbad, CA",San Diego County,2022-10-31,1947.528659514298,92105,0
96589,396,92020,zip,CA,CA,El Cajon,"San Diego-Chula Vista-Carlsbad, CA",San Diego County,2022-10-31,2064.8671071007984,92020,0
96657,414,92115,zip,CA,CA,San Diego,"San Diego-Chula Vista-Carlsbad, CA",San Diego County,2022-10-31,2307.767061998842,92115,0
96625,475,92071,zip,CA,CA,Santee,"San Diego-Chula Vista-Carlsbad, CA",San Diego County,2022-10-31,2720.385189890892,92071,0
96596,494,92027,zip,CA,CA,Escondido,"San Diego-Chula Vista-Carlsbad, CA",San Diego County,2022-10-31,2067.9532287877846,92027,0
96671,599,92130,zip,CA,CA,San Diego,"San Diego-Chula Vista-Carlsbad, CA",San Diego County,2022-10-31,3887.25156131398,92130,0
96670,651,92129,zip,CA,CA,San Diego,"San Diego-Chula Vista-Carlsbad, CA",San Diego County,2022-10-31,3363.4228712881,92129,0
96612,655,92056,zip,CA,CA,Oceanside,"San Diego-Chula Vista-Carlsbad, CA",San Diego County,2022-10-31,2605.9013580094743,92056,0
96613,662,92057,zip,CA,CA,Oceanside,"San Diego-Chula Vista-Carlsbad, CA",San Diego County,2022-10-31,2752.401559206281,92057,0
96548,676,91913,zip,CA,CA,Chula Vista,"San Diego-Chula Vista-Carlsbad, CA",San Diego County,2022-10-31,3039.118182018264,91913,0
96659,787,92117,zip,CA,CA,San Diego,"San Diego-Chula Vista-Carlsbad, CA",San Diego County,2022-10-31,2584.547973587932,92117,0
96593,834,92024,zip,CA,CA,Encinitas,"San Diego-Chula Vista-Carlsbad, CA",San Diego County,2022-10-31,3464.5936120756824,92024,0
96653,960,92111,zip,CA,CA,San Diego,"San Diego-Chula Vista-Carlsbad, CA",San Diego County,2022-10-31,2632.477618892368,92111,0
96668,995,92127,zip,CA,CA,San Diego,"San Diego-Chula Vista-Carlsbad, CA",San Diego County,2022-10-31,3287.532438485357,92127,0
96629,996,92078,zip,CA,CA,San Marcos,"San Diego-Chula Vista-Carlsbad, CA",San Diego County,2022-10-31,3022.329498302118,92078,0
96669,1063,92128,zip,CA,CA,San Diego,"San Diego-Chula Vista-Carlsbad, CA",San Diego County,2022-10-31,2792.253957449043,92128,0
96582,1105,92009,zip,CA,CA,Carlsbad,"San Diego-Chula Vista-Carlsbad, CA",San Diego County,2022-10-31,3196.159274531562,92009,0
96646,1143,92104,zip,CA,CA,San Diego,"San Diego-Chula Vista-Carlsbad, CA",San Diego County,2022-10-31,2424.2690601053205,92104,0
96664,1151,92122,zip,CA,CA,San Diego,"San Diego-Chula Vista-Carlsbad, CA",San Diego County,2022-10-31,3164.423635239115,92122,1
96623,1220,92069,zip,CA,CA,San Marcos,"San Diego-Chula Vista-Carlsbad, CA",San Diego County,2022-10-31,2682.2317226951877,92069,0
96651,1290,92109,zip,CA,CA,San Diego,"San Diego-Chula Vista-Carlsbad, CA",San Diego County,2022-10-31,3013.709263892106,92109,0
96643,1522,92101,zip,CA,CA,San Diego,"San Diego-Chula Vista-Carlsbad, CA",San Diego County,2022-10-31,2860.5125783774924,92101,0
96644,1622,92102,zip,CA,CA,San Diego,"San Diego-Chula Vista-Carlsbad, CA",San Diego County,2022-10-31,2209.6359189019117,92102,0
96560,1738,91942,zip,CA,CA,La Mesa,"San Diego-Chula Vista-Carlsbad, CA",San Diego County,2022-10-31,2502.5663541609388,91942,0
96610,2205,92054,zip,CA,CA,Oceanside,"San Diego-Chula Vista-Carlsbad, CA",San Diego County,2022-10-31,2696.7399786683977,92054,0
96602,2270,92037,zip,CA,CA,San Diego,"San Diego-Chula Vista-Carlsbad, CA",San Diego County,2022-10-31,3854.0046043407942,92037,1
96672,2406,92131,zip,CA,CA,San Diego,"San Diego-Chula Vista-Carlsbad, CA",San Diego County,2022-10-31,3111.638239219621,92131,0
96645,2966,92103,zip,CA,CA,San Diego,"San Diego-Chula Vista-Carlsbad, CA",San Diego County,2022-10-31,2573.9234232963786,92103,0
96652,3560,92110,zip,CA,CA,San Diego,"San Diego-Chula Vista-Carlsbad, CA",San Diego County,2022-10-31,2847.762999221323,92110,0
96649,3605,92107,zip,CA,CA,San Diego,"San Diego-Chula Vista-Carlsbad, CA",San Diego County,2022-10-31,2664.741003633117,92107,0
96658,3607,92116,zip,CA,CA,San Diego,"San Diego-Chula Vista-Carlsbad, CA",San Diego County,2022-10-31,2342.217892846124,92116,0
96581,3914,92008,zip,CA,CA,Carlsbad,"San Diego-Chula Vista-Carlsbad, CA",San Diego County,2022-10-31,2738.789206709875,92008,0
96555,4492,91932,zip,CA,CA,Imperial Beach,"San Diego-Chula Vista-Carlsbad, CA",San Diego County,2022-10-31,2796.843385709889,91932,0
96584,5214,92011,zip,CA,CA,Carlsbad,"San Diego-Chula Vista-Carlsbad, CA",San Diego County,2022-10-31,3683.396570291429,92011,0
96650,5900,92108,zip,CA,CA,San Diego,"San Diego-Chula Vista-Carlsbad, CA",San Diego County,2022-10-31,3014.7319683960777,92108,0
96660,7608,92118,zip,CA,CA,Coronado,"San Diego-Chula Vista-Carlsbad, CA",San Diego County,2022-10-31,4540.6717805695935,92118,0
96546,52,91911,zip,CA,CA,Chula Vista,"San Diego-Chula Vista-Carlsbad, CA",San Diego County,2022-11-30,2476.359831442019,91911,0
96690,61,92154,zip,CA,CA,San Diego,"San Diego-Chula Vista-Carlsbad, CA",San Diego County,2022-11-30,2680.1788141851503,92154,0
96545,153,91910,zip,CA,CA,Chula Vista,"San Diego-Chula Vista-Carlsbad, CA",San Diego County,2022-11-30,2388.96992384322,91910,0
96667,166,92126,zip,CA,CA,San Diego,"San Diego-Chula Vista-Carlsbad, CA",San Diego County,2022-11-30,2741.2328428688934,92126,1
96647,207,92105,zip,CA,CA,San Diego,"San Diego-Chula Vista-Carlsbad, CA",San Diego County,2022-11-30,1961.3470083874,92105,0
96589,396,92020,zip,CA,CA,El Cajon,"San Diego-Chula Vista-Carlsbad, CA",San Diego County,2022-11-30,2069.7210063982093,92020,0
96657,414,92115,zip,CA,CA,San Diego,"San Diego-Chula Vista-Carlsbad, CA",San Diego County,2022-11-30,2288.621275155895,92115,0
96625,475,92071,zip,CA,CA,Santee,"San Diego-Chula Vista-Carlsbad, CA",San Diego County,2022-11-30,2711.179073365181,92071,0
96596,494,92027,zip,CA,CA,Escondido,"San Diego-Chula Vista-Carlsbad, CA",San Diego County,2022-11-30,2047.2842092159883,92027,0
96671,599,92130,zip,CA,CA,San Diego,"San Diego-Chula Vista-Carlsbad, CA",San Diego County,2022-11-30,3821.449169180769,92130,0
96670,651,92129,zip,CA,CA,San Diego,"San Diego-Chula Vista-Carlsbad, CA",San Diego County,2022-11-30,3421.7865342462983,92129,0
96612,655,92056,zip,CA,CA,Oceanside,"San Diego-Chula Vista-Carlsbad, CA",San Diego County,2022-11-30,2583.601639473685,92056,0
96613,662,92057,zip,CA,CA,Oceanside,"San Diego-Chula Vista-Carlsbad, CA",San Diego County,2022-11-30,2767.5006685041767,92057,0
96548,676,91913,zip,CA,CA,Chula Vista,"San Diego-Chula Vista-Carlsbad, CA",San Diego County,2022-11-30,3004.178813971901,91913,0
96659,787,92117,zip,CA,CA,San Diego,"San Diego-Chula Vista-Carlsbad, CA",San Diego County,2022-11-30,2608.6843440645216,92117,0
96593,834,92024,zip,CA,CA,Encinitas,"San Diego-Chula Vista-Carlsbad, CA",San Diego County,2022-11-30,3444.8697519047314,92024,0
96653,960,92111,zip,CA,CA,San Diego,"San Diego-Chula Vista-Carlsbad, CA",San Diego County,2022-11-30,2649.104936637546,92111,0
96668,995,92127,zip,CA,CA,San Diego,"San Diego-Chula Vista-Carlsbad, CA",San Diego County,2022-11-30,3282.065385122936,92127,0
96629,996,92078,zip,CA,CA,San Marcos,"San Diego-Chula Vista-Carlsbad, CA",San Diego County,2022-11-30,3023.658884958724,92078,0
96669,1063,92128,zip,CA,CA,San Diego,"San Diego-Chula Vista-Carlsbad, CA",San Diego County,2022-11-30,2761.7842187340075,92128,0
96582,1105,92009,zip,CA,CA,Carlsbad,"San Diego-Chula Vista-Carlsbad, CA",San Diego County,2022-11-30,3215.3692231555624,92009,0
96646,1143,92104,zip,CA,CA,San Diego,"San Diego-Chula Vista-Carlsbad, CA",San Diego County,2022-11-30,2407.579828800107,92104,0
96664,1151,92122,zip,CA,CA,San Diego,"San Diego-Chula Vista-Carlsbad, CA",San Diego County,2022-11-30,3088.3394457840527,92122,1
96623,1220,92069,zip,CA,CA,San Marcos,"San Diego-Chula Vista-Carlsbad, CA",San Diego County,2022-11-30,2637.5956611637544,92069,0
96651,1290,92109,zip,CA,CA,San Diego,"San Diego-Chula Vista-Carlsbad, CA",San Diego County,2022-11-30,3015.177893808326,92109,0
96643,1522,92101,zip,CA,CA,San Diego,"San Diego-Chula Vista-Carlsbad, CA",San Diego County,2022-11-30,2848.4498396604986,92101,0
96644,1622,92102,zip,CA,CA,San Diego,"San Diego-Chula Vista-Carlsbad, CA",San Diego County,2022-11-30,2212.4300710468547,92102,0
96560,1738,91942,zip,CA,CA,La Mesa,"San Diego-Chula Vista-Carlsbad, CA",San Diego County,2022-11-30,2472.5324850414977,91942,0
96610,2205,92054,zip,CA,CA,Oceanside,"San Diego-Chula Vista-Carlsbad, CA",San Diego County,2022-11-30,2701.689278921196,92054,0
96602,2270,92037,zip,CA,CA,San Diego,"San Diego-Chula Vista-Carlsbad, CA",San Diego County,2022-11-30,3822.746269936473,92037,1
96672,2406,92131,zip,CA,CA,San Diego,"San Diego-Chula Vista-Carlsbad, CA",San Diego County,2022-11-30,3114.815921377176,92131,0
96645,2966,92103,zip,CA,CA,San Diego,"San Diego-Chula Vista-Carlsbad, CA",San Diego County,2022-11-30,2563.472766175515,92103,0
96652,3560,92110,zip,CA,CA,San Diego,"San Diego-Chula Vista-Carlsbad, CA",San Diego County,2022-11-30,2814.6911651990886,92110,0
96649,3605,92107,zip,CA,CA,San Diego,"San Diego-Chula Vista-Carlsbad, CA",San Diego County,2022-11-30,2677.2435719624345,92107,0
96658,3607,92116,zip,CA,CA,San Diego,"San Diego-Chula Vista-Carlsbad, CA",San Diego County,2022-11-30,2339.686880202027,92116,0
96581,3914,92008,zip,CA,CA,Carlsbad,"San Diego-Chula Vista-Carlsbad, CA",San Diego County,2022-11-30,2703.249695594915,92008,0
96555,4492,91932,zip,CA,CA,Imperial Beach,"San Diego-Chula Vista-Carlsbad, CA",San Diego County,2022-11-30,2811.3877979656627,91932,0
96584,5214,92011,zip,CA,CA,Carlsbad,"San Diego-Chula Vista-Carlsbad, CA",San Diego County,2022-11-30,3591.662301739881,92011,0
96650,5900,92108,zip,CA,CA,San Diego,"San Diego-Chula Vista-Carlsbad, CA",San Diego County,2022-11-30,2971.104769738437,92108,0
96660,7608,92118,zip,CA,CA,Coronado,"San Diego-Chula Vista-Carlsbad, CA",San Diego County,2022-11-30,4520.881482093668,92118,0
96546,52,91911,zip,CA,CA,Chula Vista,"San Diego-Chula Vista-Carlsbad, CA",San Diego County,2022-12-31,2501.43449351558,91911,0
96690,61,92154,zip,CA,CA,San Diego,"San Diego-Chula Vista-Carlsbad, CA",San Diego County,2022-12-31,2704.98270604829,92154,0
96545,153,91910,zip,CA,CA,Chula Vista,"San Diego-Chula Vista-Carlsbad, CA",San Diego County,2022-12-31,2396.807911788434,91910,0
96667,166,92126,zip,CA,CA,San Diego,"San Diego-Chula Vista-Carlsbad, CA",San Diego County,2022-12-31,2732.2841732898405,92126,1
96647,207,92105,zip,CA,CA,San Diego,"San Diego-Chula Vista-Carlsbad, CA",San Diego County,2022-12-31,1973.5847847370692,92105,0
96589,396,92020,zip,CA,CA,El Cajon,"San Diego-Chula Vista-Carlsbad, CA",San Diego County,2022-12-31,2088.2377064734724,92020,0
96657,414,92115,zip,CA,CA,San Diego,"San Diego-Chula Vista-Carlsbad, CA",San Diego County,2022-12-31,2248.601678366038,92115,0
96625,475,92071,zip,CA,CA,Santee,"San Diego-Chula Vista-Carlsbad, CA",San Diego County,2022-12-31,2709.069208250817,92071,0
96596,494,92027,zip,CA,CA,Escondido,"San Diego-Chula Vista-Carlsbad, CA",San Diego County,2022-12-31,2024.276389791073,92027,0
96671,599,92130,zip,CA,CA,San Diego,"San Diego-Chula Vista-Carlsbad, CA",San Diego County,2022-12-31,3767.647641726296,92130,0
96670,651,92129,zip,CA,CA,San Diego,"San Diego-Chula Vista-Carlsbad, CA",San Diego County,2022-12-31,3426.8475222981683,92129,0
96612,655,92056,zip,CA,CA,Oceanside,"San Diego-Chula Vista-Carlsbad, CA",San Diego County,2022-12-31,2565.3357541602386,92056,0
96613,662,92057,zip,CA,CA,Oceanside,"San Diego-Chula Vista-Carlsbad, CA",San Diego County,2022-12-31,2762.827550589912,92057,0
96548,676,91913,zip,CA,CA,Chula Vista,"San Diego-Chula Vista-Carlsbad, CA",San Diego County,2022-12-31,3004.9230595007275,91913,0
96659,787,92117,zip,CA,CA,San Diego,"San Diego-Chula Vista-Carlsbad, CA",San Diego County,2022-12-31,2597.7119076962404,92117,0
96593,834,92024,zip,CA,CA,Encinitas,"San Diego-Chula Vista-Carlsbad, CA",San Diego County,2022-12-31,3539.811390070848,92024,0
96653,960,92111,zip,CA,CA,San Diego,"San Diego-Chula Vista-Carlsbad, CA",San Diego County,2022-12-31,2670.0643721334127,92111,0
96668,995,92127,zip,CA,CA,San Diego,"San Diego-Chula Vista-Carlsbad, CA",San Diego County,2022-12-31,3287.101822635275,92127,0
96629,996,92078,zip,CA,CA,San Marcos,"San Diego-Chula Vista-Carlsbad, CA",San Diego County,2022-12-31,2977.3701444030626,92078,0
96669,1063,92128,zip,CA,CA,San Diego,"San Diego-Chula Vista-Carlsbad, CA",San Diego County,2022-12-31,2777.471598990562,92128,0
96582,1105,92009,zip,CA,CA,Carlsbad,"San Diego-Chula Vista-Carlsbad, CA",San Diego County,2022-12-31,3210.814951350145,92009,0
96646,1143,92104,zip,CA,CA,San Diego,"San Diego-Chula Vista-Carlsbad, CA",San Diego County,2022-12-31,2398.49233570512,92104,0
96664,1151,92122,zip,CA,CA,San Diego,"San Diego-Chula Vista-Carlsbad, CA",San Diego County,2022-12-31,3052.347177996477,92122,1
96623,1220,92069,zip,CA,CA,San Marcos,"San Diego-Chula Vista-Carlsbad, CA",San Diego County,2022-12-31,2620.694332198143,92069,0
96651,1290,92109,zip,CA,CA,San Diego,"San Diego-Chula Vista-Carlsbad, CA",San Diego County,2022-12-31,2993.74357678771,92109,0
96643,1522,92101,zip,CA,CA,San Diego,"San Diego-Chula Vista-Carlsbad, CA",San Diego County,2022-12-31,2827.033093156941,92101,0
96644,1622,92102,zip,CA,CA,San Diego,"San Diego-Chula Vista-Carlsbad, CA",San Diego County,2022-12-31,2228.9905606789007,92102,0
96560,1738,91942,zip,CA,CA,La Mesa,"San Diego-Chula Vista-Carlsbad, CA",San Diego County,2022-12-31,2456.697592150637,91942,0
96610,2205,92054,zip,CA,CA,Oceanside,"San Diego-Chula Vista-Carlsbad, CA",San Diego County,2022-12-31,2689.016755803665,92054,0
96602,2270,92037,zip,CA,CA,San Diego,"San Diego-Chula Vista-Carlsbad, CA",San Diego County,2022-12-31,3813.1040462836495,92037,1
96672,2406,92131,zip,CA,CA,San Diego,"San Diego-Chula Vista-Carlsbad, CA",San Diego County,2022-12-31,3101.9074118981457,92131,0
96645,2966,92103,zip,CA,CA,San Diego,"San Diego-Chula Vista-Carlsbad, CA",San Diego County,2022-12-31,2584.238393109404,92103,0
96652,3560,92110,zip,CA,CA,San Diego,"San Diego-Chula Vista-Carlsbad, CA",San Diego County,2022-12-31,2773.4095674737805,92110,0
96649,3605,92107,zip,CA,CA,San Diego,"San Diego-Chula Vista-Carlsbad, CA",San Diego County,2022-12-31,2686.3479097890663,92107,0
96658,3607,92116,zip,CA,CA,San Diego,"San Diego-Chula Vista-Carlsbad, CA",San Diego County,2022-12-31,2325.2901153370844,92116,0
96581,3914,92008,zip,CA,CA,Carlsbad,"San Diego-Chula Vista-Carlsbad, CA",San Diego County,2022-12-31,2729.80037491554,92008,0
96555,4492,91932,zip,CA,CA,Imperial Beach,"San Diego-Chula Vista-Carlsbad, CA",San Diego County,2022-12-31,2811.611633371294,91932,0
96584,5214,92011,zip,CA,CA,Carlsbad,"San Diego-Chula Vista-Carlsbad, CA",San Diego County,2022-12-31,3578.923495051297,92011,0
96650,5900,92108,zip,CA,CA,San Diego,"San Diego-Chula Vista-Carlsbad, CA",San Diego County,2022-12-31,2979.133960593498,92108,0
96660,7608,92118,zip,CA,CA,Coronado,"San Diego-Chula Vista-Carlsbad, CA",San Diego County,2022-12-31,4497.73432429757,92118,0
96546,52,91911,zip,CA,CA,Chula Vista,"San Diego-Chula Vista-Carlsbad, CA",San Diego County,2023-01-31,2546.5083229621514,91911,0
96690,61,92154,zip,CA,CA,San Diego,"San Diego-Chula Vista-Carlsbad, CA",San Diego County,2023-01-31,2682.553341077562,92154,0
96545,153,91910,zip,CA,CA,Chula Vista,"San Diego-Chula Vista-Carlsbad, CA",San Diego County,2023-01-31,2401.330470513737,91910,0
96667,166,92126,zip,CA,CA,San Diego,"San Diego-Chula Vista-Carlsbad, CA",San Diego County,2023-01-31,2731.418487952743,92126,1
96647,207,92105,zip,CA,CA,San Diego,"San Diego-Chula Vista-Carlsbad, CA",San Diego County,2023-01-31,1962.172455845752,92105,0
96589,396,92020,zip,CA,CA,El Cajon,"San Diego-Chula Vista-Carlsbad, CA",San Diego County,2023-01-31,2046.0907842463212,92020,0
96657,414,92115,zip,CA,CA,San Diego,"San Diego-Chula Vista-Carlsbad, CA",San Diego County,2023-01-31,2239.921859141163,92115,0
96625,475,92071,zip,CA,CA,Santee,"San Diego-Chula Vista-Carlsbad, CA",San Diego County,2023-01-31,2734.942836907559,92071,0
96596,494,92027,zip,CA,CA,Escondido,"San Diego-Chula Vista-Carlsbad, CA",San Diego County,2023-01-31,1918.736020231993,92027,0
96671,599,92130,zip,CA,CA,San Diego,"San Diego-Chula Vista-Carlsbad, CA",San Diego County,2023-01-31,3775.509522618778,92130,0
96670,651,92129,zip,CA,CA,San Diego,"San Diego-Chula Vista-Carlsbad, CA",San Diego County,2023-01-31,3438.008592729844,92129,0
96612,655,92056,zip,CA,CA,Oceanside,"San Diego-Chula Vista-Carlsbad, CA",San Diego County,2023-01-31,2565.417862736061,92056,0
96613,662,92057,zip,CA,CA,Oceanside,"San Diego-Chula Vista-Carlsbad, CA",San Diego County,2023-01-31,2778.0213819221262,92057,0
96548,676,91913,zip,CA,CA,Chula Vista,"San Diego-Chula Vista-Carlsbad, CA",San Diego County,2023-01-31,2954.999482326116,91913,0
96659,787,92117,zip,CA,CA,San Diego,"San Diego-Chula Vista-Carlsbad, CA",San Diego County,2023-01-31,2616.1212252167293,92117,0
96593,834,92024,zip,CA,CA,Encinitas,"San Diego-Chula Vista-Carlsbad, CA",San Diego County,2023-01-31,3519.7959793609834,92024,0
96653,960,92111,zip,CA,CA,San Diego,"San Diego-Chula Vista-Carlsbad, CA",San Diego County,2023-01-31,2687.737762182653,92111,0
96668,995,92127,zip,CA,CA,San Diego,"San Diego-Chula Vista-Carlsbad, CA",San Diego County,2023-01-31,3265.0668551912145,92127,0
96629,996,92078,zip,CA,CA,San Marcos,"San Diego-Chula Vista-Carlsbad, CA",San Diego County,2023-01-31,2942.2353707696484,92078,0
96669,1063,92128,zip,CA,CA,San Diego,"San Diego-Chula Vista-Carlsbad, CA",San Diego County,2023-01-31,2783.9563095021213,92128,0
96582,1105,92009,zip,CA,CA,Carlsbad,"San Diego-Chula Vista-Carlsbad, CA",San Diego County,2023-01-31,3242.279340942928,92009,0
96646,1143,92104,zip,CA,CA,San Diego,"San Diego-Chula Vista-Carlsbad, CA",San Diego County,2023-01-31,2387.081053003238,92104,0
96664,1151,92122,zip,CA,CA,San Diego,"San Diego-Chula Vista-Carlsbad, CA",San Diego County,2023-01-31,3031.824677341041,92122,1
96623,1220,92069,zip,CA,CA,San Marcos,"San Diego-Chula Vista-Carlsbad, CA",San Diego County,2023-01-31,2639.3463272368035,92069,0
96651,1290,92109,zip,CA,CA,San Diego,"San Diego-Chula Vista-Carlsbad, CA",San Diego County,2023-01-31,2978.617226091679,92109,0
96643,1522,92101,zip,CA,CA,San Diego,"San Diego-Chula Vista-Carlsbad, CA",San Diego County,2023-01-31,2832.029152236093,92101,0
96644,1622,92102,zip,CA,CA,San Diego,"San Diego-Chula Vista-Carlsbad, CA",San Diego County,2023-01-31,2262.5350341598883,92102,0
96560,1738,91942,zip,CA,CA,La Mesa,"San Diego-Chula Vista-Carlsbad, CA",San Diego County,2023-01-31,2447.1801629948063,91942,0
96610,2205,92054,zip,CA,CA,Oceanside,"San Diego-Chula Vista-Carlsbad, CA",San Diego County,2023-01-31,2671.0923514996966,92054,0
96602,2270,92037,zip,CA,CA,San Diego,"San Diego-Chula Vista-Carlsbad, CA",San Diego County,2023-01-31,3838.094421972926,92037,1
96672,2406,92131,zip,CA,CA,San Diego,"San Diego-Chula Vista-Carlsbad, CA",San Diego County,2023-01-31,3149.8674687742314,92131,0
96645,2966,92103,zip,CA,CA,San Diego,"San Diego-Chula Vista-Carlsbad, CA",San Diego County,2023-01-31,2587.4889898718425,92103,0
96652,3560,92110,zip,CA,CA,San Diego,"San Diego-Chula Vista-Carlsbad, CA",San Diego County,2023-01-31,2773.037863726654,92110,0
96649,3605,92107,zip,CA,CA,San Diego,"San Diego-Chula Vista-Carlsbad, CA",San Diego County,2023-01-31,2677.6269699926083,92107,0
96658,3607,92116,zip,CA,CA,San Diego,"San Diego-Chula Vista-Carlsbad, CA",San Diego County,2023-01-31,2315.041834374604,92116,0
96581,3914,92008,zip,CA,CA,Carlsbad,"San Diego-Chula Vista-Carlsbad, CA",San Diego County,2023-01-31,2725.3384986658084,92008,0
96555,4492,91932,zip,CA,CA,Imperial Beach,"San Diego-Chula Vista-Carlsbad, CA",San Diego County,2023-01-31,2745.051880002081,91932,0
96584,5214,92011,zip,CA,CA,Carlsbad,"San Diego-Chula Vista-Carlsbad, CA",San Diego County,2023-01-31,3584.1512371682834,92011,0
96650,5900,92108,zip,CA,CA,San Diego,"San Diego-Chula Vista-Carlsbad, CA",San Diego County,2023-01-31,2941.4146812512085,92108,0
96660,7608,92118,zip,CA,CA,Coronado,"San Diego-Chula Vista-Carlsbad, CA",San Diego County,2023-01-31,4456.790815304728,92118,0
96546,52,91911,zip,CA,CA,Chula Vista,"San Diego-Chula Vista-Carlsbad, CA",San Diego County,2023-02-28,2555.2647772883024,91911,0
96690,61,92154,zip,CA,CA,San Diego,"San Diego-Chula Vista-Carlsbad, CA",San Diego County,2023-02-28,2715.755567771477,92154,0
96545,153,91910,zip,CA,CA,Chula Vista,"San Diego-Chula Vista-Carlsbad, CA",San Diego County,2023-02-28,2402.051135985197,91910,0
96667,166,92126,zip,CA,CA,San Diego,"San Diego-Chula Vista-Carlsbad, CA",San Diego County,2023-02-28,2760.577889505308,92126,1
96647,207,92105,zip,CA,CA,San Diego,"San Diego-Chula Vista-Carlsbad, CA",San Diego County,2023-02-28,1974.1501339059405,92105,0
96589,396,92020,zip,CA,CA,El Cajon,"San Diego-Chula Vista-Carlsbad, CA",San Diego County,2023-02-28,2074.2339287253367,92020,0
96657,414,92115,zip,CA,CA,San Diego,"San Diego-Chula Vista-Carlsbad, CA",San Diego County,2023-02-28,2276.5268399889164,92115,0
96625,475,92071,zip,CA,CA,Santee,"San Diego-Chula Vista-Carlsbad, CA",San Diego County,2023-02-28,2728.193411344605,92071,0
96596,494,92027,zip,CA,CA,Escondido,"San Diego-Chula Vista-Carlsbad, CA",San Diego County,2023-02-28,1844.0335644713557,92027,0
96671,599,92130,zip,CA,CA,San Diego,"San Diego-Chula Vista-Carlsbad, CA",San Diego County,2023-02-28,3829.247055502866,92130,0
96670,651,92129,zip,CA,CA,San Diego,"San Diego-Chula Vista-Carlsbad, CA",San Diego County,2023-02-28,3425.211725285724,92129,0
96612,655,92056,zip,CA,CA,Oceanside,"San Diego-Chula Vista-Carlsbad, CA",San Diego County,2023-02-28,2589.580724832373,92056,0
96613,662,92057,zip,CA,CA,Oceanside,"San Diego-Chula Vista-Carlsbad, CA",San Diego County,2023-02-28,2801.448524958893,92057,0
96548,676,91913,zip,CA,CA,Chula Vista,"San Diego-Chula Vista-Carlsbad, CA",San Diego County,2023-02-28,2974.9738176988494,91913,0
96659,787,92117,zip,CA,CA,San Diego,"San Diego-Chula Vista-Carlsbad, CA",San Diego County,2023-02-28,2592.562098099085,92117,0
96593,834,92024,zip,CA,CA,Encinitas,"San Diego-Chula Vista-Carlsbad, CA",San Diego County,2023-02-28,3583.747925356345,92024,0
96653,960,92111,zip,CA,CA,San Diego,"San Diego-Chula Vista-Carlsbad, CA",San Diego County,2023-02-28,2678.231459000097,92111,0
96668,995,92127,zip,CA,CA,San Diego,"San Diego-Chula Vista-Carlsbad, CA",San Diego County,2023-02-28,3286.467212099609,92127,0
96629,996,92078,zip,CA,CA,San Marcos,"San Diego-Chula Vista-Carlsbad, CA",San Diego County,2023-02-28,2990.175813562728,92078,0
96669,1063,92128,zip,CA,CA,San Diego,"San Diego-Chula Vista-Carlsbad, CA",San Diego County,2023-02-28,2803.1586025033976,92128,0
96582,1105,92009,zip,CA,CA,Carlsbad,"San Diego-Chula Vista-Carlsbad, CA",San Diego County,2023-02-28,3227.4323979481524,92009,0
96646,1143,92104,zip,CA,CA,San Diego,"San Diego-Chula Vista-Carlsbad, CA",San Diego County,2023-02-28,2390.478881965231,92104,0
96664,1151,92122,zip,CA,CA,San Diego,"San Diego-Chula Vista-Carlsbad, CA",San Diego County,2023-02-28,3039.5151586190946,92122,1
96623,1220,92069,zip,CA,CA,San Marcos,"San Diego-Chula Vista-Carlsbad, CA",San Diego County,2023-02-28,2649.8005899284344,92069,0
96651,1290,92109,zip,CA,CA,San Diego,"San Diego-Chula Vista-Carlsbad, CA",San Diego County,2023-02-28,2972.920556099157,92109,0
96643,1522,92101,zip,CA,CA,San Diego,"San Diego-Chula Vista-Carlsbad, CA",San Diego County,2023-02-28,2826.390517696715,92101,0
96644,1622,92102,zip,CA,CA,San Diego,"San Diego-Chula Vista-Carlsbad, CA",San Diego County,2023-02-28,2273.6943150777706,92102,0
96560,1738,91942,zip,CA,CA,La Mesa,"San Diego-Chula Vista-Carlsbad, CA",San Diego County,2023-02-28,2433.108969945831,91942,0
96610,2205,92054,zip,CA,CA,Oceanside,"San Diego-Chula Vista-Carlsbad, CA",San Diego County,2023-02-28,2672.0821938901827,92054,0
96602,2270,92037,zip,CA,CA,San Diego,"San Diego-Chula Vista-Carlsbad, CA",San Diego County,2023-02-28,3843.6284836060577,92037,1
96672,2406,92131,zip,CA,CA,San Diego,"San Diego-Chula Vista-Carlsbad, CA",San Diego County,2023-02-28,3190.850175515629,92131,0
96645,2966,92103,zip,CA,CA,San Diego,"San Diego-Chula Vista-Carlsbad, CA",San Diego County,2023-02-28,2580.537797375684,92103,0
96652,3560,92110,zip,CA,CA,San Diego,"San Diego-Chula Vista-Carlsbad, CA",San Diego County,2023-02-28,2774.750218451832,92110,0
96649,3605,92107,zip,CA,CA,San Diego,"San Diego-Chula Vista-Carlsbad, CA",San Diego County,2023-02-28,2670.601452518999,92107,0
96658,3607,92116,zip,CA,CA,San Diego,"San Diego-Chula Vista-Carlsbad, CA",San Diego County,2023-02-28,2321.2152391307154,92116,0
96581,3914,92008,zip,CA,CA,Carlsbad,"San Diego-Chula Vista-Carlsbad, CA",San Diego County,2023-02-28,2775.1045412286308,92008,0
96555,4492,91932,zip,CA,CA,Imperial Beach,"San Diego-Chula Vista-Carlsbad, CA",San Diego County,2023-02-28,2760.826069597252,91932,0
96584,5214,92011,zip,CA,CA,Carlsbad,"San Diego-Chula Vista-Carlsbad, CA",San Diego County,2023-02-28,3635.373352823983,92011,0
96650,5900,92108,zip,CA,CA,San Diego,"San Diego-Chula Vista-Carlsbad, CA",San Diego County,2023-02-28,2948.3097153877275,92108,0
96660,7608,92118,zip,CA,CA,Coronado,"San Diego-Chula Vista-Carlsbad, CA",San Diego County,2023-02-28,4595.362024069131,92118,0
96546,52,91911,zip,CA,CA,Chula Vista,"San Diego-Chula Vista-Carlsbad, CA",San Diego County,2023-03-31,2581.2013023681643,91911,0
96690,61,92154,zip,CA,CA,San Diego,"San Diego-Chula Vista-Carlsbad, CA",San Diego County,2023-03-31,2745.427408950305,92154,0
96545,153,91910,zip,CA,CA,Chula Vista,"San Diego-Chula Vista-Carlsbad, CA",San Diego County,2023-03-31,2401.95414337353,91910,0
96667,166,92126,zip,CA,CA,San Diego,"San Diego-Chula Vista-Carlsbad, CA",San Diego County,2023-03-31,2807.122230608089,92126,1
96647,207,92105,zip,CA,CA,San Diego,"San Diego-Chula Vista-Carlsbad, CA",San Diego County,2023-03-31,1998.7577413538208,92105,0
96589,396,92020,zip,CA,CA,El Cajon,"San Diego-Chula Vista-Carlsbad, CA",San Diego County,2023-03-31,2087.1547489138698,92020,0
96657,414,92115,zip,CA,CA,San Diego,"San Diego-Chula Vista-Carlsbad, CA",San Diego County,2023-03-31,2289.194225322693,92115,0
96625,475,92071,zip,CA,CA,Santee,"San Diego-Chula Vista-Carlsbad, CA",San Diego County,2023-03-31,2748.907546273288,92071,0
96596,494,92027,zip,CA,CA,Escondido,"San Diego-Chula Vista-Carlsbad, CA",San Diego County,2023-03-31,1944.6489569159287,92027,0
96671,599,92130,zip,CA,CA,San Diego,"San Diego-Chula Vista-Carlsbad, CA",San Diego County,2023-03-31,3883.357035980631,92130,0
96670,651,92129,zip,CA,CA,San Diego,"San Diego-Chula Vista-Carlsbad, CA",San Diego County,2023-03-31,3464.8010973095943,92129,0
96612,655,92056,zip,CA,CA,Oceanside,"San Diego-Chula Vista-Carlsbad, CA",San Diego County,2023-03-31,2606.873673500148,92056,0
96613,662,92057,zip,CA,CA,Oceanside,"San Diego-Chula Vista-Carlsbad, CA",San Diego County,2023-03-31,2856.867091462686,92057,0
96548,676,91913,zip,CA,CA,Chula Vista,"San Diego-Chula Vista-Carlsbad, CA",San Diego County,2023-03-31,3019.496919131339,91913,0
96659,787,92117,zip,CA,CA,San Diego,"San Diego-Chula Vista-Carlsbad, CA",San Diego County,2023-03-31,2653.6937919097986,92117,0
96593,834,92024,zip,CA,CA,Encinitas,"San Diego-Chula Vista-Carlsbad, CA",San Diego County,2023-03-31,3585.319962801945,92024,0
96653,960,92111,zip,CA,CA,San Diego,"San Diego-Chula Vista-Carlsbad, CA",San Diego County,2023-03-31,2658.6865011341647,92111,0
96668,995,92127,zip,CA,CA,San Diego,"San Diego-Chula Vista-Carlsbad, CA",San Diego County,2023-03-31,3281.0359337587283,92127,0
96629,996,92078,zip,CA,CA,San Marcos,"San Diego-Chula Vista-Carlsbad, CA",San Diego County,2023-03-31,3026.7745764300785,92078,0
96669,1063,92128,zip,CA,CA,San Diego,"San Diego-Chula Vista-Carlsbad, CA",San Diego County,2023-03-31,2817.2677637874044,92128,0
96582,1105,92009,zip,CA,CA,Carlsbad,"San Diego-Chula Vista-Carlsbad, CA",San Diego County,2023-03-31,3208.899949907261,92009,0
96646,1143,92104,zip,CA,CA,San Diego,"San Diego-Chula Vista-Carlsbad, CA",San Diego County,2023-03-31,2398.8443657026287,92104,0
96664,1151,92122,zip,CA,CA,San Diego,"San Diego-Chula Vista-Carlsbad, CA",San Diego County,2023-03-31,3066.70641099342,92122,1
96623,1220,92069,zip,CA,CA,San Marcos,"San Diego-Chula Vista-Carlsbad, CA",San Diego County,2023-03-31,2689.588398179964,92069,0
96651,1290,92109,zip,CA,CA,San Diego,"San Diego-Chula Vista-Carlsbad, CA",San Diego County,2023-03-31,2985.3920638821214,92109,0
96643,1522,92101,zip,CA,CA,San Diego,"San Diego-Chula Vista-Carlsbad, CA",San Diego County,2023-03-31,2844.2124990149,92101,0
96644,1622,92102,zip,CA,CA,San Diego,"San Diego-Chula Vista-Carlsbad, CA",San Diego County,2023-03-31,2266.973990169791,92102,0
96560,1738,91942,zip,CA,CA,La Mesa,"San Diego-Chula Vista-Carlsbad, CA",San Diego County,2023-03-31,2439.6915312458823,91942,0
96610,2205,92054,zip,CA,CA,Oceanside,"San Diego-Chula Vista-Carlsbad, CA",San Diego County,2023-03-31,2723.0693743973807,92054,0
96602,2270,92037,zip,CA,CA,San Diego,"San Diego-Chula Vista-Carlsbad, CA",San Diego County,2023-03-31,3915.066019423581,92037,1
96672,2406,92131,zip,CA,CA,San Diego,"San Diego-Chula Vista-Carlsbad, CA",San Diego County,2023-03-31,3228.39276412796,92131,0
96645,2966,92103,zip,CA,CA,San Diego,"San Diego-Chula Vista-Carlsbad, CA",San Diego County,2023-03-31,2576.976549227761,92103,0
96652,3560,92110,zip,CA,CA,San Diego,"San Diego-Chula Vista-Carlsbad, CA",San Diego County,2023-03-31,2819.61536347946,92110,0
96649,3605,92107,zip,CA,CA,San Diego,"San Diego-Chula Vista-Carlsbad, CA",San Diego County,2023-03-31,2676.872230572997,92107,0
96658,3607,92116,zip,CA,CA,San Diego,"San Diego-Chula Vista-Carlsbad, CA",San Diego County,2023-03-31,2344.0090666294864,92116,0
96581,3914,92008,zip,CA,CA,Carlsbad,"San Diego-Chula Vista-Carlsbad, CA",San Diego County,2023-03-31,2778.946719289314,92008,0
96555,4492,91932,zip,CA,CA,Imperial Beach,"San Diego-Chula Vista-Carlsbad, CA",San Diego County,2023-03-31,2795.145628289498,91932,0
96584,5214,92011,zip,CA,CA,Carlsbad,"San Diego-Chula Vista-Carlsbad, CA",San Diego County,2023-03-31,3669.21531863757,92011,0
96650,5900,92108,zip,CA,CA,San Diego,"San Diego-Chula Vista-Carlsbad, CA",San Diego County,2023-03-31,2975.1520609252507,92108,0
96660,7608,92118,zip,CA,CA,Coronado,"San Diego-Chula Vista-Carlsbad, CA",San Diego County,2023-03-31,4737.061209812328,92118,0
96546,52,91911,zip,CA,CA,Chula Vista,"San Diego-Chula Vista-Carlsbad, CA",San Diego County,2023-04-30,2585.354465024356,91911,0
96690,61,92154,zip,CA,CA,San Diego,"San Diego-Chula Vista-Carlsbad, CA",San Diego County,2023-04-30,2777.9511965576635,92154,0
96545,153,91910,zip,CA,CA,Chula Vista,"San Diego-Chula Vista-Carlsbad, CA",San Diego County,2023-04-30,2409.880408009167,91910,0
96667,166,92126,zip,CA,CA,San Diego,"San Diego-Chula Vista-Carlsbad, CA",San Diego County,2023-04-30,2845.748728532634,92126,1
96647,207,92105,zip,CA,CA,San Diego,"San Diego-Chula Vista-Carlsbad, CA",San Diego County,2023-04-30,2025.5287389442396,92105,0
96589,396,92020,zip,CA,CA,El Cajon,"San Diego-Chula Vista-Carlsbad, CA",San Diego County,2023-04-30,2137.2443232159844,92020,0
96657,414,92115,zip,CA,CA,San Diego,"San Diego-Chula Vista-Carlsbad, CA",San Diego County,2023-04-30,2315.078710870105,92115,0
96625,475,92071,zip,CA,CA,Santee,"San Diego-Chula Vista-Carlsbad, CA",San Diego County,2023-04-30,2758.108007043086,92071,0
96596,494,92027,zip,CA,CA,Escondido,"San Diego-Chula Vista-Carlsbad, CA",San Diego County,2023-04-30,2095.441389509743,92027,0
96671,599,92130,zip,CA,CA,San Diego,"San Diego-Chula Vista-Carlsbad, CA",San Diego County,2023-04-30,3931.069422410966,92130,0
96670,651,92129,zip,CA,CA,San Diego,"San Diego-Chula Vista-Carlsbad, CA",San Diego County,2023-04-30,3504.309607623537,92129,0
96612,655,92056,zip,CA,CA,Oceanside,"San Diego-Chula Vista-Carlsbad, CA",San Diego County,2023-04-30,2618.226893314168,92056,0
96613,662,92057,zip,CA,CA,Oceanside,"San Diego-Chula Vista-Carlsbad, CA",San Diego County,2023-04-30,2862.6197872388607,92057,0
96548,676,91913,zip,CA,CA,Chula Vista,"San Diego-Chula Vista-Carlsbad, CA",San Diego County,2023-04-30,3089.8939309734974,91913,0
96659,787,92117,zip,CA,CA,San Diego,"San Diego-Chula Vista-Carlsbad, CA",San Diego County,2023-04-30,2668.893495984951,92117,0
96593,834,92024,zip,CA,CA,Encinitas,"San Diego-Chula Vista-Carlsbad, CA",San Diego County,2023-04-30,3627.031917779327,92024,0
96653,960,92111,zip,CA,CA,San Diego,"San Diego-Chula Vista-Carlsbad, CA",San Diego County,2023-04-30,2680.347344486182,92111,0
96668,995,92127,zip,CA,CA,San Diego,"San Diego-Chula Vista-Carlsbad, CA",San Diego County,2023-04-30,3305.01988925782,92127,0
96629,996,92078,zip,CA,CA,San Marcos,"San Diego-Chula Vista-Carlsbad, CA",San Diego County,2023-04-30,3075.431816265233,92078,0
96669,1063,92128,zip,CA,CA,San Diego,"San Diego-Chula Vista-Carlsbad, CA",San Diego County,2023-04-30,2846.009152080975,92128,0
96582,1105,92009,zip,CA,CA,Carlsbad,"San Diego-Chula Vista-Carlsbad, CA",San Diego County,2023-04-30,3251.582793995689,92009,0
96646,1143,92104,zip,CA,CA,San Diego,"San Diego-Chula Vista-Carlsbad, CA",San Diego County,2023-04-30,2426.4124190666785,92104,0
96664,1151,92122,zip,CA,CA,San Diego,"San Diego-Chula Vista-Carlsbad, CA",San Diego County,2023-04-30,3082.1571928605717,92122,1
96623,1220,92069,zip,CA,CA,San Marcos,"San Diego-Chula Vista-Carlsbad, CA",San Diego County,2023-04-30,2707.2735403407205,92069,0
96651,1290,92109,zip,CA,CA,San Diego,"San Diego-Chula Vista-Carlsbad, CA",San Diego County,2023-04-30,3006.518608792141,92109,0
96643,1522,92101,zip,CA,CA,San Diego,"San Diego-Chula Vista-Carlsbad, CA",San Diego County,2023-04-30,2851.4558663527173,92101,0
96644,1622,92102,zip,CA,CA,San Diego,"San Diego-Chula Vista-Carlsbad, CA",San Diego County,2023-04-30,2236.741270791414,92102,0
96560,1738,91942,zip,CA,CA,La Mesa,"San Diego-Chula Vista-Carlsbad, CA",San Diego County,2023-04-30,2475.971203672314,91942,0
96610,2205,92054,zip,CA,CA,Oceanside,"San Diego-Chula Vista-Carlsbad, CA",San Diego County,2023-04-30,2783.4177505082757,92054,0
96602,2270,92037,zip,CA,CA,San Diego,"San Diego-Chula Vista-Carlsbad, CA",San Diego County,2023-04-30,3978.5885848820894,92037,1
96672,2406,92131,zip,CA,CA,San Diego,"San Diego-Chula Vista-Carlsbad, CA",San Diego County,2023-04-30,3269.193168638873,92131,0
96645,2966,92103,zip,CA,CA,San Diego,"San Diego-Chula Vista-Carlsbad, CA",San Diego County,2023-04-30,2593.5235565960265,92103,0
96652,3560,92110,zip,CA,CA,San Diego,"San Diego-Chula Vista-Carlsbad, CA",San Diego County,2023-04-30,2828.500225967264,92110,0
96649,3605,92107,zip,CA,CA,San Diego,"San Diego-Chula Vista-Carlsbad, CA",San Diego County,2023-04-30,2698.410733344298,92107,0
96658,3607,92116,zip,CA,CA,San Diego,"San Diego-Chula Vista-Carlsbad, CA",San Diego County,2023-04-30,2361.12223837455,92116,0
96581,3914,92008,zip,CA,CA,Carlsbad,"San Diego-Chula Vista-Carlsbad, CA",San Diego County,2023-04-30,2809.9601558504937,92008,0
96555,4492,91932,zip,CA,CA,Imperial Beach,"San Diego-Chula Vista-Carlsbad, CA",San Diego County,2023-04-30,2787.250079601159,91932,0
96584,5214,92011,zip,CA,CA,Carlsbad,"San Diego-Chula Vista-Carlsbad, CA",San Diego County,2023-04-30,3693.152227658056,92011,0
96650,5900,92108,zip,CA,CA,San Diego,"San Diego-Chula Vista-Carlsbad, CA",San Diego County,2023-04-30,3004.8887146827137,92108,0
96660,7608,92118,zip,CA,CA,Coronado,"San Diego-Chula Vista-Carlsbad, CA",San Diego County,2023-04-30,4909.373277495188,92118,0
96546,52,91911,zip,CA,CA,Chula Vista,"San Diego-Chula Vista-Carlsbad, CA",San Diego County,2023-05-31,2609.14216799901,91911,0
96690,61,92154,zip,CA,CA,San Diego,"San Diego-Chula Vista-Carlsbad, CA",San Diego County,2023-05-31,2833.976889412702,92154,0
96545,153,91910,zip,CA,CA,Chula Vista,"San Diego-Chula Vista-Carlsbad, CA",San Diego County,2023-05-31,2436.459565120094,91910,0
96667,166,92126,zip,CA,CA,San Diego,"San Diego-Chula Vista-Carlsbad, CA",San Diego County,2023-05-31,2880.901947200691,92126,1
96647,207,92105,zip,CA,CA,San Diego,"San Diego-Chula Vista-Carlsbad, CA",San Diego County,2023-05-31,2039.173031685207,92105,0
96589,396,92020,zip,CA,CA,El Cajon,"San Diego-Chula Vista-Carlsbad, CA",San Diego County,2023-05-31,2119.1633370917216,92020,0
96657,414,92115,zip,CA,CA,San Diego,"San Diego-Chula Vista-Carlsbad, CA",San Diego County,2023-05-31,2316.094501186948,92115,0
96625,475,92071,zip,CA,CA,Santee,"San Diego-Chula Vista-Carlsbad, CA",San Diego County,2023-05-31,2763.066852865652,92071,0
96596,494,92027,zip,CA,CA,Escondido,"San Diego-Chula Vista-Carlsbad, CA",San Diego County,2023-05-31,2214.5742813573147,92027,0
96671,599,92130,zip,CA,CA,San Diego,"San Diego-Chula Vista-Carlsbad, CA",San Diego County,2023-05-31,3994.087643591055,92130,0
96670,651,92129,zip,CA,CA,San Diego,"San Diego-Chula Vista-Carlsbad, CA",San Diego County,2023-05-31,3526.488827649379,92129,0
96612,655,92056,zip,CA,CA,Oceanside,"San Diego-Chula Vista-Carlsbad, CA",San Diego County,2023-05-31,2642.984434249473,92056,0
96613,662,92057,zip,CA,CA,Oceanside,"San Diego-Chula Vista-Carlsbad, CA",San Diego County,2023-05-31,2859.0467621658563,92057,0
96548,676,91913,zip,CA,CA,Chula Vista,"San Diego-Chula Vista-Carlsbad, CA",San Diego County,2023-05-31,3140.8642862547968,91913,0
96659,787,92117,zip,CA,CA,San Diego,"San Diego-Chula Vista-Carlsbad, CA",San Diego County,2023-05-31,2708.2381498351733,92117,0
96593,834,92024,zip,CA,CA,Encinitas,"San Diego-Chula Vista-Carlsbad, CA",San Diego County,2023-05-31,3687.228311913933,92024,0
96653,960,92111,zip,CA,CA,San Diego,"San Diego-Chula Vista-Carlsbad, CA",San Diego County,2023-05-31,2722.268429575153,92111,0
96668,995,92127,zip,CA,CA,San Diego,"San Diego-Chula Vista-Carlsbad, CA",San Diego County,2023-05-31,3332.9724268353552,92127,0
96629,996,92078,zip,CA,CA,San Marcos,"San Diego-Chula Vista-Carlsbad, CA",San Diego County,2023-05-31,3044.9866600327587,92078,0
96669,1063,92128,zip,CA,CA,San Diego,"San Diego-Chula Vista-Carlsbad, CA",San Diego County,2023-05-31,2894.7187736495403,92128,0
96582,1105,92009,zip,CA,CA,Carlsbad,"San Diego-Chula Vista-Carlsbad, CA",San Diego County,2023-05-31,3302.003053125189,92009,0
96646,1143,92104,zip,CA,CA,San Diego,"San Diego-Chula Vista-Carlsbad, CA",San Diego County,2023-05-31,2450.126421216233,92104,0
96664,1151,92122,zip,CA,CA,San Diego,"San Diego-Chula Vista-Carlsbad, CA",San Diego County,2023-05-31,3131.324767619579,92122,1
96623,1220,92069,zip,CA,CA,San Marcos,"San Diego-Chula Vista-Carlsbad, CA",San Diego County,2023-05-31,2720.7809877512595,92069,0
96651,1290,92109,zip,CA,CA,San Diego,"San Diego-Chula Vista-Carlsbad, CA",San Diego County,2023-05-31,3057.9274109013595,92109,0
96643,1522,92101,zip,CA,CA,San Diego,"San Diego-Chula Vista-Carlsbad, CA",San Diego County,2023-05-31,2865.0048334165363,92101,0
96644,1622,92102,zip,CA,CA,San Diego,"San Diego-Chula Vista-Carlsbad, CA",San Diego County,2023-05-31,2243.497813181952,92102,0
96560,1738,91942,zip,CA,CA,La Mesa,"San Diego-Chula Vista-Carlsbad, CA",San Diego County,2023-05-31,2496.554020153936,91942,0
96610,2205,92054,zip,CA,CA,Oceanside,"San Diego-Chula Vista-Carlsbad, CA",San Diego County,2023-05-31,2808.8318840888687,92054,0
96602,2270,92037,zip,CA,CA,San Diego,"San Diego-Chula Vista-Carlsbad, CA",San Diego County,2023-05-31,4084.9118170395423,92037,1
96672,2406,92131,zip,CA,CA,San Diego,"San Diego-Chula Vista-Carlsbad, CA",San Diego County,2023-05-31,3292.4846660950484,92131,0
96645,2966,92103,zip,CA,CA,San Diego,"San Diego-Chula Vista-Carlsbad, CA",San Diego County,2023-05-31,2632.2967887726318,92103,0
96652,3560,92110,zip,CA,CA,San Diego,"San Diego-Chula Vista-Carlsbad, CA",San Diego County,2023-05-31,2853.8436574071225,92110,0
96649,3605,92107,zip,CA,CA,San Diego,"San Diego-Chula Vista-Carlsbad, CA",San Diego County,2023-05-31,2718.4878351737057,92107,0
96658,3607,92116,zip,CA,CA,San Diego,"San Diego-Chula Vista-Carlsbad, CA",San Diego County,2023-05-31,2394.540329330514,92116,0
96581,3914,92008,zip,CA,CA,Carlsbad,"San Diego-Chula Vista-Carlsbad, CA",San Diego County,2023-05-31,2826.8333324304363,92008,0
96555,4492,91932,zip,CA,CA,Imperial Beach,"San Diego-Chula Vista-Carlsbad, CA",San Diego County,2023-05-31,2810.087372813324,91932,0
96584,5214,92011,zip,CA,CA,Carlsbad,"San Diego-Chula Vista-Carlsbad, CA",San Diego County,2023-05-31,3753.511639886182,92011,0
96650,5900,92108,zip,CA,CA,San Diego,"San Diego-Chula Vista-Carlsbad, CA",San Diego County,2023-05-31,3034.8537719932838,92108,0
96660,7608,92118,zip,CA,CA,Coronado,"San Diego-Chula Vista-Carlsbad, CA",San Diego County,2023-05-31,4901.695966071126,92118,0
96546,52,91911,zip,CA,CA,Chula Vista,"San Diego-Chula Vista-Carlsbad, CA",San Diego County,2023-06-30,2622.086630454871,91911,0
96690,61,92154,zip,CA,CA,San Diego,"San Diego-Chula Vista-Carlsbad, CA",San Diego County,2023-06-30,2840.6502386942298,92154,0
96545,153,91910,zip,CA,CA,Chula Vista,"San Diego-Chula Vista-Carlsbad, CA",San Diego County,2023-06-30,2425.8038340195685,91910,0
96667,166,92126,zip,CA,CA,San Diego,"San Diego-Chula Vista-Carlsbad, CA",San Diego County,2023-06-30,2895.27455448768,92126,1
96647,207,92105,zip,CA,CA,San Diego,"San Diego-Chula Vista-Carlsbad, CA",San Diego County,2023-06-30,2023.1658813576848,92105,0
96589,396,92020,zip,CA,CA,El Cajon,"San Diego-Chula Vista-Carlsbad, CA",San Diego County,2023-06-30,2132.7113621725944,92020,0
96657,414,92115,zip,CA,CA,San Diego,"San Diego-Chula Vista-Carlsbad, CA",San Diego County,2023-06-30,2347.921504408816,92115,0
96625,475,92071,zip,CA,CA,Santee,"San Diego-Chula Vista-Carlsbad, CA",San Diego County,2023-06-30,2798.246459025441,92071,0
96596,494,92027,zip,CA,CA,Escondido,"San Diego-Chula Vista-Carlsbad, CA",San Diego County,2023-06-30,2172.6054773264955,92027,0
96671,599,92130,zip,CA,CA,San Diego,"San Diego-Chula Vista-Carlsbad, CA",San Diego County,2023-06-30,4041.429503485544,92130,0
96670,651,92129,zip,CA,CA,San Diego,"San Diego-Chula Vista-Carlsbad, CA",San Diego County,2023-06-30,3552.379347140426,92129,0
96612,655,92056,zip,CA,CA,Oceanside,"San Diego-Chula Vista-Carlsbad, CA",San Diego County,2023-06-30,2678.6140351025715,92056,0
96613,662,92057,zip,CA,CA,Oceanside,"San Diego-Chula Vista-Carlsbad, CA",San Diego County,2023-06-30,2849.855543998914,92057,0
96548,676,91913,zip,CA,CA,Chula Vista,"San Diego-Chula Vista-Carlsbad, CA",San Diego County,2023-06-30,3174.125021409965,91913,0
96659,787,92117,zip,CA,CA,San Diego,"San Diego-Chula Vista-Carlsbad, CA",San Diego County,2023-06-30,2710.837102205204,92117,0
96593,834,92024,zip,CA,CA,Encinitas,"San Diego-Chula Vista-Carlsbad, CA",San Diego County,2023-06-30,3750.7845953976903,92024,0
96653,960,92111,zip,CA,CA,San Diego,"San Diego-Chula Vista-Carlsbad, CA",San Diego County,2023-06-30,2756.509889527346,92111,0
96668,995,92127,zip,CA,CA,San Diego,"San Diego-Chula Vista-Carlsbad, CA",San Diego County,2023-06-30,3381.789284443561,92127,0
96629,996,92078,zip,CA,CA,San Marcos,"San Diego-Chula Vista-Carlsbad, CA",San Diego County,2023-06-30,3051.357848989434,92078,0
96669,1063,92128,zip,CA,CA,San Diego,"San Diego-Chula Vista-Carlsbad, CA",San Diego County,2023-06-30,2911.619659977608,92128,0
96582,1105,92009,zip,CA,CA,Carlsbad,"San Diego-Chula Vista-Carlsbad, CA",San Diego County,2023-06-30,3362.984498124453,92009,0
96646,1143,92104,zip,CA,CA,San Diego,"San Diego-Chula Vista-Carlsbad, CA",San Diego County,2023-06-30,2478.450396462238,92104,0
96664,1151,92122,zip,CA,CA,San Diego,"San Diego-Chula Vista-Carlsbad, CA",San Diego County,2023-06-30,3170.230235881339,92122,1
96623,1220,92069,zip,CA,CA,San Marcos,"San Diego-Chula Vista-Carlsbad, CA",San Diego County,2023-06-30,2758.88541941478,92069,0
96651,1290,92109,zip,CA,CA,San Diego,"San Diego-Chula Vista-Carlsbad, CA",San Diego County,2023-06-30,3096.6305624561182,92109,0
96643,1522,92101,zip,CA,CA,San Diego,"San Diego-Chula Vista-Carlsbad, CA",San Diego County,2023-06-30,2879.086580199671,92101,0
96644,1622,92102,zip,CA,CA,San Diego,"San Diego-Chula Vista-Carlsbad, CA",San Diego County,2023-06-30,2272.6030930816155,92102,0
96560,1738,91942,zip,CA,CA,La Mesa,"San Diego-Chula Vista-Carlsbad, CA",San Diego County,2023-06-30,2527.4885594364428,91942,0
96610,2205,92054,zip,CA,CA,Oceanside,"San Diego-Chula Vista-Carlsbad, CA",San Diego County,2023-06-30,2807.8641826388925,92054,0
96602,2270,92037,zip,CA,CA,San Diego,"San Diego-Chula Vista-Carlsbad, CA",San Diego County,2023-06-30,4107.423635615423,92037,1
96672,2406,92131,zip,CA,CA,San Diego,"San Diego-Chula Vista-Carlsbad, CA",San Diego County,2023-06-30,3316.6631057925933,92131,0
96645,2966,92103,zip,CA,CA,San Diego,"San Diego-Chula Vista-Carlsbad, CA",San Diego County,2023-06-30,2631.7427241987566,92103,0
96652,3560,92110,zip,CA,CA,San Diego,"San Diego-Chula Vista-Carlsbad, CA",San Diego County,2023-06-30,2862.9540035300606,92110,0
96649,3605,92107,zip,CA,CA,San Diego,"San Diego-Chula Vista-Carlsbad, CA",San Diego County,2023-06-30,2734.8608828486863,92107,0
96658,3607,92116,zip,CA,CA,San Diego,"San Diego-Chula Vista-Carlsbad, CA",San Diego County,2023-06-30,2419.549753323097,92116,0
96581,3914,92008,zip,CA,CA,Carlsbad,"San Diego-Chula Vista-Carlsbad, CA",San Diego County,2023-06-30,2864.3447303870853,92008,0
96555,4492,91932,zip,CA,CA,Imperial Beach,"San Diego-Chula Vista-Carlsbad, CA",San Diego County,2023-06-30,2795.96158785541,91932,0
96584,5214,92011,zip,CA,CA,Carlsbad,"San Diego-Chula Vista-Carlsbad, CA",San Diego County,2023-06-30,3777.736792741176,92011,0
96650,5900,92108,zip,CA,CA,San Diego,"San Diego-Chula Vista-Carlsbad, CA",San Diego County,2023-06-30,3051.721567779673,92108,0
96660,7608,92118,zip,CA,CA,Coronado,"San Diego-Chula Vista-Carlsbad, CA",San Diego County,2023-06-30,4930.809188353784,92118,0
96546,52,91911,zip,CA,CA,Chula Vista,"San Diego-Chula Vista-Carlsbad, CA",San Diego County,2023-07-31,2617.248289360203,91911,0
96690,61,92154,zip,CA,CA,San Diego,"San Diego-Chula Vista-Carlsbad, CA",San Diego County,2023-07-31,2870.7392605047594,92154,0
96545,153,91910,zip,CA,CA,Chula Vista,"San Diego-Chula Vista-Carlsbad, CA",San Diego County,2023-07-31,2424.546546919737,91910,0
96667,166,92126,zip,CA,CA,San Diego,"San Diego-Chula Vista-Carlsbad, CA",San Diego County,2023-07-31,2913.513093214274,92126,1
96647,207,92105,zip,CA,CA,San Diego,"San Diego-Chula Vista-Carlsbad, CA",San Diego County,2023-07-31,2040.3597958927087,92105,0
96589,396,92020,zip,CA,CA,El Cajon,"San Diego-Chula Vista-Carlsbad, CA",San Diego County,2023-07-31,2133.5366250481584,92020,0
96657,414,92115,zip,CA,CA,San Diego,"San Diego-Chula Vista-Carlsbad, CA",San Diego County,2023-07-31,2375.2063794717837,92115,0
96625,475,92071,zip,CA,CA,Santee,"San Diego-Chula Vista-Carlsbad, CA",San Diego County,2023-07-31,2835.891896177128,92071,0
96596,494,92027,zip,CA,CA,Escondido,"San Diego-Chula Vista-Carlsbad, CA",San Diego County,2023-07-31,2166.659624371199,92027,0
96671,599,92130,zip,CA,CA,San Diego,"San Diego-Chula Vista-Carlsbad, CA",San Diego County,2023-07-31,4064.01909083454,92130,0
96670,651,92129,zip,CA,CA,San Diego,"San Diego-Chula Vista-Carlsbad, CA",San Diego County,2023-07-31,3542.957703696847,92129,0
96612,655,92056,zip,CA,CA,Oceanside,"San Diego-Chula Vista-Carlsbad, CA",San Diego County,2023-07-31,2700.714293957786,92056,0
96613,662,92057,zip,CA,CA,Oceanside,"San Diego-Chula Vista-Carlsbad, CA",San Diego County,2023-07-31,2868.7164652370893,92057,0
96548,676,91913,zip,CA,CA,Chula Vista,"San Diego-Chula Vista-Carlsbad, CA",San Diego County,2023-07-31,3169.7833013908903,91913,0
96659,787,92117,zip,CA,CA,San Diego,"San Diego-Chula Vista-Carlsbad, CA",San Diego County,2023-07-31,2716.851707800208,92117,0
96593,834,92024,zip,CA,CA,Encinitas,"San Diego-Chula Vista-Carlsbad, CA",San Diego County,2023-07-31,3793.589078154596,92024,0
96653,960,92111,zip,CA,CA,San Diego,"San Diego-Chula Vista-Carlsbad, CA",San Diego County,2023-07-31,2787.1783810194725,92111,0
96668,995,92127,zip,CA,CA,San Diego,"San Diego-Chula Vista-Carlsbad, CA",San Diego County,2023-07-31,3385.3718404387496,92127,0
96629,996,92078,zip,CA,CA,San Marcos,"San Diego-Chula Vista-Carlsbad, CA",San Diego County,2023-07-31,3104.7594367922384,92078,0
96669,1063,92128,zip,CA,CA,San Diego,"San Diego-Chula Vista-Carlsbad, CA",San Diego County,2023-07-31,2926.543426754093,92128,0
96582,1105,92009,zip,CA,CA,Carlsbad,"San Diego-Chula Vista-Carlsbad, CA",San Diego County,2023-07-31,3376.350995322598,92009,0
96646,1143,92104,zip,CA,CA,San Diego,"San Diego-Chula Vista-Carlsbad, CA",San Diego County,2023-07-31,2482.5006730222885,92104,0
96664,1151,92122,zip,CA,CA,San Diego,"San Diego-Chula Vista-Carlsbad, CA",San Diego County,2023-07-31,3209.448599286896,92122,1
96623,1220,92069,zip,CA,CA,San Marcos,"San Diego-Chula Vista-Carlsbad, CA",San Diego County,2023-07-31,2814.025193780857,92069,0
96651,1290,92109,zip,CA,CA,San Diego,"San Diego-Chula Vista-Carlsbad, CA",San Diego County,2023-07-31,3121.2357863035804,92109,0
96643,1522,92101,zip,CA,CA,San Diego,"San Diego-Chula Vista-Carlsbad, CA",San Diego County,2023-07-31,2889.764883077022,92101,0
96644,1622,92102,zip,CA,CA,San Diego,"San Diego-Chula Vista-Carlsbad, CA",San Diego County,2023-07-31,2297.5491809582672,92102,0
96560,1738,91942,zip,CA,CA,La Mesa,"San Diego-Chula Vista-Carlsbad, CA",San Diego County,2023-07-31,2536.329630871372,91942,0
96610,2205,92054,zip,CA,CA,Oceanside,"San Diego-Chula Vista-Carlsbad, CA",San Diego County,2023-07-31,2799.000084676769,92054,0
96602,2270,92037,zip,CA,CA,San Diego,"San Diego-Chula Vista-Carlsbad, CA",San Diego County,2023-07-31,4148.076999311581,92037,1
96672,2406,92131,zip,CA,CA,San Diego,"San Diego-Chula Vista-Carlsbad, CA",San Diego County,2023-07-31,3336.491242697044,92131,0
96645,2966,92103,zip,CA,CA,San Diego,"San Diego-Chula Vista-Carlsbad, CA",San Diego County,2023-07-31,2655.7451578000223,92103,0
96652,3560,92110,zip,CA,CA,San Diego,"San Diego-Chula Vista-Carlsbad, CA",San Diego County,2023-07-31,2877.257164101824,92110,0
96649,3605,92107,zip,CA,CA,San Diego,"San Diego-Chula Vista-Carlsbad, CA",San Diego County,2023-07-31,2723.127695862422,92107,0
96658,3607,92116,zip,CA,CA,San Diego,"San Diego-Chula Vista-Carlsbad, CA",San Diego County,2023-07-31,2451.097723987733,92116,0
96581,3914,92008,zip,CA,CA,Carlsbad,"San Diego-Chula Vista-Carlsbad, CA",San Diego County,2023-07-31,2902.0335482994237,92008,0
96555,4492,91932,zip,CA,CA,Imperial Beach,"San Diego-Chula Vista-Carlsbad, CA",San Diego County,2023-07-31,2813.7397745852613,91932,0
96584,5214,92011,zip,CA,CA,Carlsbad,"San Diego-Chula Vista-Carlsbad, CA",San Diego County,2023-07-31,3770.39370196791,92011,0
96650,5900,92108,zip,CA,CA,San Diego,"San Diego-Chula Vista-Carlsbad, CA",San Diego County,2023-07-31,3076.5571990781405,92108,0
96660,7608,92118,zip,CA,CA,Coronado,"San Diego-Chula Vista-Carlsbad, CA",San Diego County,2023-07-31,4869.329237573243,92118,0
96546,52,91911,zip,CA,CA,Chula Vista,"San Diego-Chula Vista-Carlsbad, CA",San Diego County,2023-08-31,2609.2209936952345,91911,0
96690,61,92154,zip,CA,CA,San Diego,"San Diego-Chula Vista-Carlsbad, CA",San Diego County,2023-08-31,2829.466198324704,92154,0
96545,153,91910,zip,CA,CA,Chula Vista,"San Diego-Chula Vista-Carlsbad, CA",San Diego County,2023-08-31,2426.610739964894,91910,0
96667,166,92126,zip,CA,CA,San Diego,"San Diego-Chula Vista-Carlsbad, CA",San Diego County,2023-08-31,2915.055964635427,92126,1
96647,207,92105,zip,CA,CA,San Diego,"San Diego-Chula Vista-Carlsbad, CA",San Diego County,2023-08-31,2044.1159078664996,92105,0
96589,396,92020,zip,CA,CA,El Cajon,"San Diego-Chula Vista-Carlsbad, CA",San Diego County,2023-08-31,2152.4914335155204,92020,0
96657,414,92115,zip,CA,CA,San Diego,"San Diego-Chula Vista-Carlsbad, CA",San Diego County,2023-08-31,2400.491451813493,92115,0
96625,475,92071,zip,CA,CA,Santee,"San Diego-Chula Vista-Carlsbad, CA",San Diego County,2023-08-31,2877.523342051604,92071,0
96596,494,92027,zip,CA,CA,Escondido,"San Diego-Chula Vista-Carlsbad, CA",San Diego County,2023-08-31,2202.689969286358,92027,0
96671,599,92130,zip,CA,CA,San Diego,"San Diego-Chula Vista-Carlsbad, CA",San Diego County,2023-08-31,4037.538389640964,92130,0
96670,651,92129,zip,CA,CA,San Diego,"San Diego-Chula Vista-Carlsbad, CA",San Diego County,2023-08-31,3527.6465944133547,92129,0
96612,655,92056,zip,CA,CA,Oceanside,"San Diego-Chula Vista-Carlsbad, CA",San Diego County,2023-08-31,2706.1425920575944,92056,0
96613,662,92057,zip,CA,CA,Oceanside,"San Diego-Chula Vista-Carlsbad, CA",San Diego County,2023-08-31,2885.358681566457,92057,0
96548,676,91913,zip,CA,CA,Chula Vista,"San Diego-Chula Vista-Carlsbad, CA",San Diego County,2023-08-31,3176.0848304604738,91913,0
96659,787,92117,zip,CA,CA,San Diego,"San Diego-Chula Vista-Carlsbad, CA",San Diego County,2023-08-31,2725.82471663183,92117,0
96593,834,92024,zip,CA,CA,Encinitas,"San Diego-Chula Vista-Carlsbad, CA",San Diego County,2023-08-31,3779.154424446288,92024,0
96653,960,92111,zip,CA,CA,San Diego,"San Diego-Chula Vista-Carlsbad, CA",San Diego County,2023-08-31,2789.7550958052834,92111,0
96668,995,92127,zip,CA,CA,San Diego,"San Diego-Chula Vista-Carlsbad, CA",San Diego County,2023-08-31,3265.315872398165,92127,0
96629,996,92078,zip,CA,CA,San Marcos,"San Diego-Chula Vista-Carlsbad, CA",San Diego County,2023-08-31,3145.1291926003537,92078,0
96669,1063,92128,zip,CA,CA,San Diego,"San Diego-Chula Vista-Carlsbad, CA",San Diego County,2023-08-31,2924.726270725934,92128,0
96582,1105,92009,zip,CA,CA,Carlsbad,"San Diego-Chula Vista-Carlsbad, CA",San Diego County,2023-08-31,3383.7717492588267,92009,0
96646,1143,92104,zip,CA,CA,San Diego,"San Diego-Chula Vista-Carlsbad, CA",San Diego County,2023-08-31,2490.8282907183507,92104,0
96664,1151,92122,zip,CA,CA,San Diego,"San Diego-Chula Vista-Carlsbad, CA",San Diego County,2023-08-31,3192.120532096578,92122,1
96623,1220,92069,zip,CA,CA,San Marcos,"San Diego-Chula Vista-Carlsbad, CA",San Diego County,2023-08-31,2875.165720879133,92069,0
96651,1290,92109,zip,CA,CA,San Diego,"San Diego-Chula Vista-Carlsbad, CA",San Diego County,2023-08-31,3116.535527143442,92109,0
96643,1522,92101,zip,CA,CA,San Diego,"San Diego-Chula Vista-Carlsbad, CA",San Diego County,2023-08-31,2896.5046156494445,92101,0
96644,1622,92102,zip,CA,CA,San Diego,"San Diego-Chula Vista-Carlsbad, CA",San Diego County,2023-08-31,2312.0445915872265,92102,0
96560,1738,91942,zip,CA,CA,La Mesa,"San Diego-Chula Vista-Carlsbad, CA",San Diego County,2023-08-31,2573.6300631262134,91942,0
96610,2205,92054,zip,CA,CA,Oceanside,"San Diego-Chula Vista-Carlsbad, CA",San Diego County,2023-08-31,2805.9403804343838,92054,0
96602,2270,92037,zip,CA,CA,San Diego,"San Diego-Chula Vista-Carlsbad, CA",San Diego County,2023-08-31,4089.880689444378,92037,1
96672,2406,92131,zip,CA,CA,San Diego,"San Diego-Chula Vista-Carlsbad, CA",San Diego County,2023-08-31,3335.079436917719,92131,0
96645,2966,92103,zip,CA,CA,San Diego,"San Diego-Chula Vista-Carlsbad, CA",San Diego County,2023-08-31,2655.222220710066,92103,0
96652,3560,92110,zip,CA,CA,San Diego,"San Diego-Chula Vista-Carlsbad, CA",San Diego County,2023-08-31,2906.61604196374,92110,0
96649,3605,92107,zip,CA,CA,San Diego,"San Diego-Chula Vista-Carlsbad, CA",San Diego County,2023-08-31,2746.9019876482243,92107,0
96658,3607,92116,zip,CA,CA,San Diego,"San Diego-Chula Vista-Carlsbad, CA",San Diego County,2023-08-31,2449.653674267658,92116,0
96581,3914,92008,zip,CA,CA,Carlsbad,"San Diego-Chula Vista-Carlsbad, CA",San Diego County,2023-08-31,2945.6992838887827,92008,0
96555,4492,91932,zip,CA,CA,Imperial Beach,"San Diego-Chula Vista-Carlsbad, CA",San Diego County,2023-08-31,2820.401232242309,91932,0
96584,5214,92011,zip,CA,CA,Carlsbad,"San Diego-Chula Vista-Carlsbad, CA",San Diego County,2023-08-31,3768.986926547892,92011,0
96650,5900,92108,zip,CA,CA,San Diego,"San Diego-Chula Vista-Carlsbad, CA",San Diego County,2023-08-31,3085.900257937436,92108,0
96660,7608,92118,zip,CA,CA,Coronado,"San Diego-Chula Vista-Carlsbad, CA",San Diego County,2023-08-31,4769.782835944176,92118,0
96546,52,91911,zip,CA,CA,Chula Vista,"San Diego-Chula Vista-Carlsbad, CA",San Diego County,2023-09-30,2604.939804908355,91911,0
96690,61,92154,zip,CA,CA,San Diego,"San Diego-Chula Vista-Carlsbad, CA",San Diego County,2023-09-30,2864.822637401452,92154,0
96545,153,91910,zip,CA,CA,Chula Vista,"San Diego-Chula Vista-Carlsbad, CA",San Diego County,2023-09-30,2465.4569340054804,91910,0
96667,166,92126,zip,CA,CA,San Diego,"San Diego-Chula Vista-Carlsbad, CA",San Diego County,2023-09-30,2918.958742850413,92126,1
96647,207,92105,zip,CA,CA,San Diego,"San Diego-Chula Vista-Carlsbad, CA",San Diego County,2023-09-30,2081.027554687433,92105,0
96589,396,92020,zip,CA,CA,El Cajon,"San Diego-Chula Vista-Carlsbad, CA",San Diego County,2023-09-30,2160.295441221745,92020,0
96657,414,92115,zip,CA,CA,San Diego,"San Diego-Chula Vista-Carlsbad, CA",San Diego County,2023-09-30,2427.1652932862607,92115,0
96625,475,92071,zip,CA,CA,Santee,"San Diego-Chula Vista-Carlsbad, CA",San Diego County,2023-09-30,2871.636470847174,92071,0
96596,494,92027,zip,CA,CA,Escondido,"San Diego-Chula Vista-Carlsbad, CA",San Diego County,2023-09-30,2234.242798266372,92027,0
96671,599,92130,zip,CA,CA,San Diego,"San Diego-Chula Vista-Carlsbad, CA",San Diego County,2023-09-30,3954.0385659384783,92130,0
96670,651,92129,zip,CA,CA,San Diego,"San Diego-Chula Vista-Carlsbad, CA",San Diego County,2023-09-30,3497.976098033091,92129,0
96612,655,92056,zip,CA,CA,Oceanside,"San Diego-Chula Vista-Carlsbad, CA",San Diego County,2023-09-30,2693.562209285886,92056,0
96613,662,92057,zip,CA,CA,Oceanside,"San Diego-Chula Vista-Carlsbad, CA",San Diego County,2023-09-30,2879.714201694651,92057,0
96548,676,91913,zip,CA,CA,Chula Vista,"San Diego-Chula Vista-Carlsbad, CA",San Diego County,2023-09-30,3168.618364986484,91913,0
96659,787,92117,zip,CA,CA,San Diego,"San Diego-Chula Vista-Carlsbad, CA",San Diego County,2023-09-30,2746.755803187912,92117,0
96593,834,92024,zip,CA,CA,Encinitas,"San Diego-Chula Vista-Carlsbad, CA",San Diego County,2023-09-30,3733.808978984072,92024,0
96653,960,92111,zip,CA,CA,San Diego,"San Diego-Chula Vista-Carlsbad, CA",San Diego County,2023-09-30,2805.6665454403555,92111,0
96668,995,92127,zip,CA,CA,San Diego,"San Diego-Chula Vista-Carlsbad, CA",San Diego County,2023-09-30,3258.4660089888635,92127,0
96629,996,92078,zip,CA,CA,San Marcos,"San Diego-Chula Vista-Carlsbad, CA",San Diego County,2023-09-30,3153.728532150774,92078,0
96669,1063,92128,zip,CA,CA,San Diego,"San Diego-Chula Vista-Carlsbad, CA",San Diego County,2023-09-30,2900.2834659277028,92128,0
96582,1105,92009,zip,CA,CA,Carlsbad,"San Diego-Chula Vista-Carlsbad, CA",San Diego County,2023-09-30,3344.153089957495,92009,0
96646,1143,92104,zip,CA,CA,San Diego,"San Diego-Chula Vista-Carlsbad, CA",San Diego County,2023-09-30,2494.744450332872,92104,0
96664,1151,92122,zip,CA,CA,San Diego,"San Diego-Chula Vista-Carlsbad, CA",San Diego County,2023-09-30,3181.618903616985,92122,1
96623,1220,92069,zip,CA,CA,San Marcos,"San Diego-Chula Vista-Carlsbad, CA",San Diego County,2023-09-30,2854.319362814842,92069,0
96651,1290,92109,zip,CA,CA,San Diego,"San Diego-Chula Vista-Carlsbad, CA",San Diego County,2023-09-30,3113.1887229641634,92109,0
96643,1522,92101,zip,CA,CA,San Diego,"San Diego-Chula Vista-Carlsbad, CA",San Diego County,2023-09-30,2892.477791165134,92101,0
96644,1622,92102,zip,CA,CA,San Diego,"San Diego-Chula Vista-Carlsbad, CA",San Diego County,2023-09-30,2309.709058043916,92102,0
96560,1738,91942,zip,CA,CA,La Mesa,"San Diego-Chula Vista-Carlsbad, CA",San Diego County,2023-09-30,2568.8311577652,91942,0
96610,2205,92054,zip,CA,CA,Oceanside,"San Diego-Chula Vista-Carlsbad, CA",San Diego County,2023-09-30,2821.920864684193,92054,0
96602,2270,92037,zip,CA,CA,San Diego,"San Diego-Chula Vista-Carlsbad, CA",San Diego County,2023-09-30,4067.392104371566,92037,1
96672,2406,92131,zip,CA,CA,San Diego,"San Diego-Chula Vista-Carlsbad, CA",San Diego County,2023-09-30,3338.1218618301973,92131,0
96645,2966,92103,zip,CA,CA,San Diego,"San Diego-Chula Vista-Carlsbad, CA",San Diego County,2023-09-30,2666.859665405601,92103,0
96652,3560,92110,zip,CA,CA,San Diego,"San Diego-Chula Vista-Carlsbad, CA",San Diego County,2023-09-30,2913.0548164362326,92110,0
96649,3605,92107,zip,CA,CA,San Diego,"San Diego-Chula Vista-Carlsbad, CA",San Diego County,2023-09-30,2730.846176995432,92107,0
96658,3607,92116,zip,CA,CA,San Diego,"San Diego-Chula Vista-Carlsbad, CA",San Diego County,2023-09-30,2438.3087338451787,92116,0
96581,3914,92008,zip,CA,CA,Carlsbad,"San Diego-Chula Vista-Carlsbad, CA",San Diego County,2023-09-30,2970.6443235273805,92008,0
96555,4492,91932,zip,CA,CA,Imperial Beach,"San Diego-Chula Vista-Carlsbad, CA",San Diego County,2023-09-30,2837.493696846322,91932,0
96584,5214,92011,zip,CA,CA,Carlsbad,"San Diego-Chula Vista-Carlsbad, CA",San Diego County,2023-09-30,3787.060582093785,92011,0
96650,5900,92108,zip,CA,CA,San Diego,"San Diego-Chula Vista-Carlsbad, CA",San Diego County,2023-09-30,3073.4380627508126,92108,0
96660,7608,92118,zip,CA,CA,Coronado,"San Diego-Chula Vista-Carlsbad, CA",San Diego County,2023-09-30,4582.742164958673,92118,0
96546,52,91911,zip,CA,CA,Chula Vista,"San Diego-Chula Vista-Carlsbad, CA",San Diego County,2023-10-31,2593.238579403501,91911,0
96690,61,92154,zip,CA,CA,San Diego,"San Diego-Chula Vista-Carlsbad, CA",San Diego County,2023-10-31,2887.950232156236,92154,0
96545,153,91910,zip,CA,CA,Chula Vista,"San Diego-Chula Vista-Carlsbad, CA",San Diego County,2023-10-31,2478.024828320796,91910,0
96667,166,92126,zip,CA,CA,San Diego,"San Diego-Chula Vista-Carlsbad, CA",San Diego County,2023-10-31,2891.1989327570886,92126,1
96647,207,92105,zip,CA,CA,San Diego,"San Diego-Chula Vista-Carlsbad, CA",San Diego County,2023-10-31,2080.159839337224,92105,0
96589,396,92020,zip,CA,CA,El Cajon,"San Diego-Chula Vista-Carlsbad, CA",San Diego County,2023-10-31,2163.1598072586144,92020,0
96657,414,92115,zip,CA,CA,San Diego,"San Diego-Chula Vista-Carlsbad, CA",San Diego County,2023-10-31,2454.5017558736367,92115,0
96625,475,92071,zip,CA,CA,Santee,"San Diego-Chula Vista-Carlsbad, CA",San Diego County,2023-10-31,2853.5929041510985,92071,0
96596,494,92027,zip,CA,CA,Escondido,"San Diego-Chula Vista-Carlsbad, CA",San Diego County,2023-10-31,2216.0289809894957,92027,0
96671,599,92130,zip,CA,CA,San Diego,"San Diego-Chula Vista-Carlsbad, CA",San Diego County,2023-10-31,3870.185791414511,92130,0
96670,651,92129,zip,CA,CA,San Diego,"San Diego-Chula Vista-Carlsbad, CA",San Diego County,2023-10-31,3497.295783568652,92129,0
96612,655,92056,zip,CA,CA,Oceanside,"San Diego-Chula Vista-Carlsbad, CA",San Diego County,2023-10-31,2698.508060315583,92056,0
96613,662,92057,zip,CA,CA,Oceanside,"San Diego-Chula Vista-Carlsbad, CA",San Diego County,2023-10-31,2862.0335602364107,92057,0
96548,676,91913,zip,CA,CA,Chula Vista,"San Diego-Chula Vista-Carlsbad, CA",San Diego County,2023-10-31,3161.903532088965,91913,0
96659,787,92117,zip,CA,CA,San Diego,"San Diego-Chula Vista-Carlsbad, CA",San Diego County,2023-10-31,2732.498542896694,92117,0
96593,834,92024,zip,CA,CA,Encinitas,"San Diego-Chula Vista-Carlsbad, CA",San Diego County,2023-10-31,3681.8560263123686,92024,0
96653,960,92111,zip,CA,CA,San Diego,"San Diego-Chula Vista-Carlsbad, CA",San Diego County,2023-10-31,2794.226883205672,92111,0
96668,995,92127,zip,CA,CA,San Diego,"San Diego-Chula Vista-Carlsbad, CA",San Diego County,2023-10-31,3264.445803938569,92127,0
96629,996,92078,zip,CA,CA,San Marcos,"San Diego-Chula Vista-Carlsbad, CA",San Diego County,2023-10-31,3117.320201022897,92078,0
96669,1063,92128,zip,CA,CA,San Diego,"San Diego-Chula Vista-Carlsbad, CA",San Diego County,2023-10-31,2875.940176023584,92128,0
96582,1105,92009,zip,CA,CA,Carlsbad,"San Diego-Chula Vista-Carlsbad, CA",San Diego County,2023-10-31,3313.8613430325145,92009,0
96646,1143,92104,zip,CA,CA,San Diego,"San Diego-Chula Vista-Carlsbad, CA",San Diego County,2023-10-31,2484.661103266764,92104,0
96664,1151,92122,zip,CA,CA,San Diego,"San Diego-Chula Vista-Carlsbad, CA",San Diego County,2023-10-31,3162.376646208146,92122,1
96623,1220,92069,zip,CA,CA,San Marcos,"San Diego-Chula Vista-Carlsbad, CA",San Diego County,2023-10-31,2792.2574733596707,92069,0
96651,1290,92109,zip,CA,CA,San Diego,"San Diego-Chula Vista-Carlsbad, CA",San Diego County,2023-10-31,3119.006635507157,92109,0
96643,1522,92101,zip,CA,CA,San Diego,"San Diego-Chula Vista-Carlsbad, CA",San Diego County,2023-10-31,2874.594818661149,92101,0
96644,1622,92102,zip,CA,CA,San Diego,"San Diego-Chula Vista-Carlsbad, CA",San Diego County,2023-10-31,2311.472287318042,92102,0
96560,1738,91942,zip,CA,CA,La Mesa,"San Diego-Chula Vista-Carlsbad, CA",San Diego County,2023-10-31,2552.73059064756,91942,0
96610,2205,92054,zip,CA,CA,Oceanside,"San Diego-Chula Vista-Carlsbad, CA",San Diego County,2023-10-31,2835.3237740150985,92054,0
96602,2270,92037,zip,CA,CA,San Diego,"San Diego-Chula Vista-Carlsbad, CA",San Diego County,2023-10-31,3999.1872592763143,92037,1
96672,2406,92131,zip,CA,CA,San Diego,"San Diego-Chula Vista-Carlsbad, CA",San Diego County,2023-10-31,3303.6544453596744,92131,0
96645,2966,92103,zip,CA,CA,San Diego,"San Diego-Chula Vista-Carlsbad, CA",San Diego County,2023-10-31,2655.670405237475,92103,0
96652,3560,92110,zip,CA,CA,San Diego,"San Diego-Chula Vista-Carlsbad, CA",San Diego County,2023-10-31,2904.990959520858,92110,0
96649,3605,92107,zip,CA,CA,San Diego,"San Diego-Chula Vista-Carlsbad, CA",San Diego County,2023-10-31,2750.271198769233,92107,0
96658,3607,92116,zip,CA,CA,San Diego,"San Diego-Chula Vista-Carlsbad, CA",San Diego County,2023-10-31,2431.590583223399,92116,0
96581,3914,92008,zip,CA,CA,Carlsbad,"San Diego-Chula Vista-Carlsbad, CA",San Diego County,2023-10-31,2937.4142078652103,92008,0
96555,4492,91932,zip,CA,CA,Imperial Beach,"San Diego-Chula Vista-Carlsbad, CA",San Diego County,2023-10-31,2867.7122950327357,91932,0
96584,5214,92011,zip,CA,CA,Carlsbad,"San Diego-Chula Vista-Carlsbad, CA",San Diego County,2023-10-31,3768.758683163696,92011,0
96650,5900,92108,zip,CA,CA,San Diego,"San Diego-Chula Vista-Carlsbad, CA",San Diego County,2023-10-31,3032.7861127668125,92108,0
96660,7608,92118,zip,CA,CA,Coronado,"San Diego-Chula Vista-Carlsbad, CA",San Diego County,2023-10-31,4530.971091128597,92118,0
96546,52,91911,zip,CA,CA,Chula Vista,"San Diego-Chula Vista-Carlsbad, CA",San Diego County,2023-11-30,2583.2052377124182,91911,0
96690,61,92154,zip,CA,CA,San Diego,"San Diego-Chula Vista-Carlsbad, CA",San Diego County,2023-11-30,2889.2123127934124,92154,0
96545,153,91910,zip,CA,CA,Chula Vista,"San Diego-Chula Vista-Carlsbad, CA",San Diego County,2023-11-30,2455.790202221813,91910,0
96667,166,92126,zip,CA,CA,San Diego,"San Diego-Chula Vista-Carlsbad, CA",San Diego County,2023-11-30,2863.6764927975137,92126,1
96647,207,92105,zip,CA,CA,San Diego,"San Diego-Chula Vista-Carlsbad, CA",San Diego County,2023-11-30,2078.783406111071,92105,0
96589,396,92020,zip,CA,CA,El Cajon,"San Diego-Chula Vista-Carlsbad, CA",San Diego County,2023-11-30,2178.9832833794385,92020,0
96657,414,92115,zip,CA,CA,San Diego,"San Diego-Chula Vista-Carlsbad, CA",San Diego County,2023-11-30,2464.408303473257,92115,0
96625,475,92071,zip,CA,CA,Santee,"San Diego-Chula Vista-Carlsbad, CA",San Diego County,2023-11-30,2856.902693580916,92071,0
96596,494,92027,zip,CA,CA,Escondido,"San Diego-Chula Vista-Carlsbad, CA",San Diego County,2023-11-30,2210.3055733977226,92027,0
96671,599,92130,zip,CA,CA,San Diego,"San Diego-Chula Vista-Carlsbad, CA",San Diego County,2023-11-30,3796.742725692935,92130,0
96670,651,92129,zip,CA,CA,San Diego,"San Diego-Chula Vista-Carlsbad, CA",San Diego County,2023-11-30,3504.4758020982217,92129,0
96612,655,92056,zip,CA,CA,Oceanside,"San Diego-Chula Vista-Carlsbad, CA",San Diego County,2023-11-30,2700.325875858174,92056,0
96613,662,92057,zip,CA,CA,Oceanside,"San Diego-Chula Vista-Carlsbad, CA",San Diego County,2023-11-30,2844.703769667316,92057,0
96548,676,91913,zip,CA,CA,Chula Vista,"San Diego-Chula Vista-Carlsbad, CA",San Diego County,2023-11-30,3107.1476399051703,91913,0
96659,787,92117,zip,CA,CA,San Diego,"San Diego-Chula Vista-Carlsbad, CA",San Diego County,2023-11-30,2718.1001501233904,92117,0
96593,834,92024,zip,CA,CA,Encinitas,"San Diego-Chula Vista-Carlsbad, CA",San Diego County,2023-11-30,3662.153270856456,92024,0
96653,960,92111,zip,CA,CA,San Diego,"San Diego-Chula Vista-Carlsbad, CA",San Diego County,2023-11-30,2753.8069813136194,92111,0
96668,995,92127,zip,CA,CA,San Diego,"San Diego-Chula Vista-Carlsbad, CA",San Diego County,2023-11-30,3387.913503334826,92127,0
96629,996,92078,zip,CA,CA,San Marcos,"San Diego-Chula Vista-Carlsbad, CA",San Diego County,2023-11-30,3115.077947209819,92078,0
96669,1063,92128,zip,CA,CA,San Diego,"San Diego-Chula Vista-Carlsbad, CA",San Diego County,2023-11-30,2838.39309483821,92128,0
96582,1105,92009,zip,CA,CA,Carlsbad,"San Diego-Chula Vista-Carlsbad, CA",San Diego County,2023-11-30,3303.19977658555,92009,0
96646,1143,92104,zip,CA,CA,San Diego,"San Diego-Chula Vista-Carlsbad, CA",San Diego County,2023-11-30,2465.933787446006,92104,0
96664,1151,92122,zip,CA,CA,San Diego,"San Diego-Chula Vista-Carlsbad, CA",San Diego County,2023-11-30,3136.663129038087,92122,1
96623,1220,92069,zip,CA,CA,San Marcos,"San Diego-Chula Vista-Carlsbad, CA",San Diego County,2023-11-30,2755.372046282094,92069,0
96651,1290,92109,zip,CA,CA,San Diego,"San Diego-Chula Vista-Carlsbad, CA",San Diego County,2023-11-30,3100.494326431626,92109,0
96643,1522,92101,zip,CA,CA,San Diego,"San Diego-Chula Vista-Carlsbad, CA",San Diego County,2023-11-30,2851.3678800609787,92101,0
96644,1622,92102,zip,CA,CA,San Diego,"San Diego-Chula Vista-Carlsbad, CA",San Diego County,2023-11-30,2303.916616849297,92102,0
96560,1738,91942,zip,CA,CA,La Mesa,"San Diego-Chula Vista-Carlsbad, CA",San Diego County,2023-11-30,2508.878728485224,91942,0
96610,2205,92054,zip,CA,CA,Oceanside,"San Diego-Chula Vista-Carlsbad, CA",San Diego County,2023-11-30,2815.33791923994,92054,0
96602,2270,92037,zip,CA,CA,San Diego,"San Diego-Chula Vista-Carlsbad, CA",San Diego County,2023-11-30,4030.894134142557,92037,1
96672,2406,92131,zip,CA,CA,San Diego,"San Diego-Chula Vista-Carlsbad, CA",San Diego County,2023-11-30,3283.244762789315,92131,0
96645,2966,92103,zip,CA,CA,San Diego,"San Diego-Chula Vista-Carlsbad, CA",San Diego County,2023-11-30,2637.953506849867,92103,0
96652,3560,92110,zip,CA,CA,San Diego,"San Diego-Chula Vista-Carlsbad, CA",San Diego County,2023-11-30,2865.975403729224,92110,0
96649,3605,92107,zip,CA,CA,San Diego,"San Diego-Chula Vista-Carlsbad, CA",San Diego County,2023-11-30,2695.77383735626,92107,0
96658,3607,92116,zip,CA,CA,San Diego,"San Diego-Chula Vista-Carlsbad, CA",San Diego County,2023-11-30,2402.110271426248,92116,0
96581,3914,92008,zip,CA,CA,Carlsbad,"San Diego-Chula Vista-Carlsbad, CA",San Diego County,2023-11-30,2919.6179673234046,92008,0
96555,4492,91932,zip,CA,CA,Imperial Beach,"San Diego-Chula Vista-Carlsbad, CA",San Diego County,2023-11-30,2839.503498189213,91932,0
96584,5214,92011,zip,CA,CA,Carlsbad,"San Diego-Chula Vista-Carlsbad, CA",San Diego County,2023-11-30,3732.171778075299,92011,0
96650,5900,92108,zip,CA,CA,San Diego,"San Diego-Chula Vista-Carlsbad, CA",San Diego County,2023-11-30,2998.252294586533,92108,0
96660,7608,92118,zip,CA,CA,Coronado,"San Diego-Chula Vista-Carlsbad, CA",San Diego County,2023-11-30,4444.177273695017,92118,0
96546,52,91911,zip,CA,CA,Chula Vista,"San Diego-Chula Vista-Carlsbad, CA",San Diego County,2023-12-31,2568.1531925139006,91911,0
96690,61,92154,zip,CA,CA,San Diego,"San Diego-Chula Vista-Carlsbad, CA",San Diego County,2023-12-31,2847.1858180820814,92154,0
96545,153,91910,zip,CA,CA,Chula Vista,"San Diego-Chula Vista-Carlsbad, CA",San Diego County,2023-12-31,2442.063730468514,91910,0
96667,166,92126,zip,CA,CA,San Diego,"San Diego-Chula Vista-Carlsbad, CA",San Diego County,2023-12-31,2836.657552848936,92126,1
96647,207,92105,zip,CA,CA,San Diego,"San Diego-Chula Vista-Carlsbad, CA",San Diego County,2023-12-31,2067.2296134492804,92105,0
96589,396,92020,zip,CA,CA,El Cajon,"San Diego-Chula Vista-Carlsbad, CA",San Diego County,2023-12-31,2167.973421629532,92020,0
96657,414,92115,zip,CA,CA,San Diego,"San Diego-Chula Vista-Carlsbad, CA",San Diego County,2023-12-31,2470.860708402739,92115,0
96625,475,92071,zip,CA,CA,Santee,"San Diego-Chula Vista-Carlsbad, CA",San Diego County,2023-12-31,2852.569907144245,92071,0
96596,494,92027,zip,CA,CA,Escondido,"San Diego-Chula Vista-Carlsbad, CA",San Diego County,2023-12-31,2189.919257056567,92027,0
96671,599,92130,zip,CA,CA,San Diego,"San Diego-Chula Vista-Carlsbad, CA",San Diego County,2023-12-31,3784.5777585984974,92130,0
96670,651,92129,zip,CA,CA,San Diego,"San Diego-Chula Vista-Carlsbad, CA",San Diego County,2023-12-31,3498.874771965777,92129,0
96612,655,92056,zip,CA,CA,Oceanside,"San Diego-Chula Vista-Carlsbad, CA",San Diego County,2023-12-31,2667.353454127217,92056,0
96613,662,92057,zip,CA,CA,Oceanside,"San Diego-Chula Vista-Carlsbad, CA",San Diego County,2023-12-31,2838.19071979768,92057,0
96548,676,91913,zip,CA,CA,Chula Vista,"San Diego-Chula Vista-Carlsbad, CA",San Diego County,2023-12-31,3065.58002275942,91913,0
96659,787,92117,zip,CA,CA,San Diego,"San Diego-Chula Vista-Carlsbad, CA",San Diego County,2023-12-31,2709.249037174444,92117,0
96593,834,92024,zip,CA,CA,Encinitas,"San Diego-Chula Vista-Carlsbad, CA",San Diego County,2023-12-31,3695.481545154023,92024,0
96653,960,92111,zip,CA,CA,San Diego,"San Diego-Chula Vista-Carlsbad, CA",San Diego County,2023-12-31,2707.839767787211,92111,0
96668,995,92127,zip,CA,CA,San Diego,"San Diego-Chula Vista-Carlsbad, CA",San Diego County,2023-12-31,3398.626850097056,92127,0
96629,996,92078,zip,CA,CA,San Marcos,"San Diego-Chula Vista-Carlsbad, CA",San Diego County,2023-12-31,3077.0616846137523,92078,0
96669,1063,92128,zip,CA,CA,San Diego,"San Diego-Chula Vista-Carlsbad, CA",San Diego County,2023-12-31,2843.7501220277736,92128,0
96582,1105,92009,zip,CA,CA,Carlsbad,"San Diego-Chula Vista-Carlsbad, CA",San Diego County,2023-12-31,3311.529114101843,92009,0
96646,1143,92104,zip,CA,CA,San Diego,"San Diego-Chula Vista-Carlsbad, CA",San Diego County,2023-12-31,2447.340944748554,92104,0
96664,1151,92122,zip,CA,CA,San Diego,"San Diego-Chula Vista-Carlsbad, CA",San Diego County,2023-12-31,3087.832683198418,92122,1
96623,1220,92069,zip,CA,CA,San Marcos,"San Diego-Chula Vista-Carlsbad, CA",San Diego County,2023-12-31,2767.5542335741084,92069,0
96651,1290,92109,zip,CA,CA,San Diego,"San Diego-Chula Vista-Carlsbad, CA",San Diego County,2023-12-31,3044.8329804276177,92109,0
96643,1522,92101,zip,CA,CA,San Diego,"San Diego-Chula Vista-Carlsbad, CA",San Diego County,2023-12-31,2818.8103868457683,92101,0
96644,1622,92102,zip,CA,CA,San Diego,"San Diego-Chula Vista-Carlsbad, CA",San Diego County,2023-12-31,2314.798555148273,92102,0
96560,1738,91942,zip,CA,CA,La Mesa,"San Diego-Chula Vista-Carlsbad, CA",San Diego County,2023-12-31,2490.1660614614493,91942,0
96610,2205,92054,zip,CA,CA,Oceanside,"San Diego-Chula Vista-Carlsbad, CA",San Diego County,2023-12-31,2799.059779554293,92054,0
96602,2270,92037,zip,CA,CA,San Diego,"San Diego-Chula Vista-Carlsbad, CA",San Diego County,2023-12-31,3986.9770928138064,92037,1
96672,2406,92131,zip,CA,CA,San Diego,"San Diego-Chula Vista-Carlsbad, CA",San Diego County,2023-12-31,3272.466523822621,92131,0
96645,2966,92103,zip,CA,CA,San Diego,"San Diego-Chula Vista-Carlsbad, CA",San Diego County,2023-12-31,2620.7878439992483,92103,0
96652,3560,92110,zip,CA,CA,San Diego,"San Diego-Chula Vista-Carlsbad, CA",San Diego County,2023-12-31,2836.2953313836133,92110,0
96649,3605,92107,zip,CA,CA,San Diego,"San Diego-Chula Vista-Carlsbad, CA",San Diego County,2023-12-31,2669.231140496101,92107,0
96658,3607,92116,zip,CA,CA,San Diego,"San Diego-Chula Vista-Carlsbad, CA",San Diego County,2023-12-31,2391.0396594543467,92116,0
96581,3914,92008,zip,CA,CA,Carlsbad,"San Diego-Chula Vista-Carlsbad, CA",San Diego County,2023-12-31,2894.0087006121234,92008,0
96555,4492,91932,zip,CA,CA,Imperial Beach,"San Diego-Chula Vista-Carlsbad, CA",San Diego County,2023-12-31,2808.859161631878,91932,0
96584,5214,92011,zip,CA,CA,Carlsbad,"San Diego-Chula Vista-Carlsbad, CA",San Diego County,2023-12-31,3686.929098990684,92011,0
96650,5900,92108,zip,CA,CA,San Diego,"San Diego-Chula Vista-Carlsbad, CA",San Diego County,2023-12-31,2977.386638140941,92108,0
96660,7608,92118,zip,CA,CA,Coronado,"San Diego-Chula Vista-Carlsbad, CA",San Diego County,2023-12-31,4552.759721716699,92118,0
96546,52,91911,zip,CA,CA,Chula Vista,"San Diego-Chula Vista-Carlsbad, CA",San Diego County,2024-01-31,2560.4803907619475,91911,0
96690,61,92154,zip,CA,CA,San Diego,"San Diego-Chula Vista-Carlsbad, CA",San Diego County,2024-01-31,2816.2219431619947,92154,0
96545,153,91910,zip,CA,CA,Chula Vista,"San Diego-Chula Vista-Carlsbad, CA",San Diego County,2024-01-31,2444.929810642703,91910,0
96667,166,92126,zip,CA,CA,San Diego,"San Diego-Chula Vista-Carlsbad, CA",San Diego County,2024-01-31,2835.4220453722905,92126,1
96647,207,92105,zip,CA,CA,San Diego,"San Diego-Chula Vista-Carlsbad, CA",San Diego County,2024-01-31,2057.73941853719,92105,0
96589,396,92020,zip,CA,CA,El Cajon,"San Diego-Chula Vista-Carlsbad, CA",San Diego County,2024-01-31,2177.85498535311,92020,0
96657,414,92115,zip,CA,CA,San Diego,"San Diego-Chula Vista-Carlsbad, CA",San Diego County,2024-01-31,2445.84563939589,92115,0
96625,475,92071,zip,CA,CA,Santee,"San Diego-Chula Vista-Carlsbad, CA",San Diego County,2024-01-31,2846.9977892810675,92071,0
96596,494,92027,zip,CA,CA,Escondido,"San Diego-Chula Vista-Carlsbad, CA",San Diego County,2024-01-31,2188.9045935950217,92027,0
96671,599,92130,zip,CA,CA,San Diego,"San Diego-Chula Vista-Carlsbad, CA",San Diego County,2024-01-31,3787.330143566249,92130,0
96670,651,92129,zip,CA,CA,San Diego,"San Diego-Chula Vista-Carlsbad, CA",San Diego County,2024-01-31,3489.731517686181,92129,0
96612,655,92056,zip,CA,CA,Oceanside,"San Diego-Chula Vista-Carlsbad, CA",San Diego County,2024-01-31,2652.376297289632,92056,0
96613,662,92057,zip,CA,CA,Oceanside,"San Diego-Chula Vista-Carlsbad, CA",San Diego County,2024-01-31,2846.3675392214946,92057,0
96548,676,91913,zip,CA,CA,Chula Vista,"San Diego-Chula Vista-Carlsbad, CA",San Diego County,2024-01-31,3069.2213934308165,91913,0
96659,787,92117,zip,CA,CA,San Diego,"San Diego-Chula Vista-Carlsbad, CA",San Diego County,2024-01-31,2718.767652464371,92117,0
96593,834,92024,zip,CA,CA,Encinitas,"San Diego-Chula Vista-Carlsbad, CA",San Diego County,2024-01-31,3715.474559272969,92024,0
96653,960,92111,zip,CA,CA,San Diego,"San Diego-Chula Vista-Carlsbad, CA",San Diego County,2024-01-31,2687.998853680496,92111,0
96668,995,92127,zip,CA,CA,San Diego,"San Diego-Chula Vista-Carlsbad, CA",San Diego County,2024-01-31,3412.4742543684465,92127,0
96629,996,92078,zip,CA,CA,San Marcos,"San Diego-Chula Vista-Carlsbad, CA",San Diego County,2024-01-31,3075.1739392202403,92078,0
96669,1063,92128,zip,CA,CA,San Diego,"San Diego-Chula Vista-Carlsbad, CA",San Diego County,2024-01-31,2848.200296305298,92128,0
96582,1105,92009,zip,CA,CA,Carlsbad,"San Diego-Chula Vista-Carlsbad, CA",San Diego County,2024-01-31,3330.254917310878,92009,0
96646,1143,92104,zip,CA,CA,San Diego,"San Diego-Chula Vista-Carlsbad, CA",San Diego County,2024-01-31,2446.5906392771262,92104,0
96664,1151,92122,zip,CA,CA,San Diego,"San Diego-Chula Vista-Carlsbad, CA",San Diego County,2024-01-31,3027.223907729785,92122,1
96623,1220,92069,zip,CA,CA,San Marcos,"San Diego-Chula Vista-Carlsbad, CA",San Diego County,2024-01-31,2779.563334198285,92069,0
96651,1290,92109,zip,CA,CA,San Diego,"San Diego-Chula Vista-Carlsbad, CA",San Diego County,2024-01-31,3019.1921205612434,92109,0
96643,1522,92101,zip,CA,CA,San Diego,"San Diego-Chula Vista-Carlsbad, CA",San Diego County,2024-01-31,2808.421280563288,92101,0
96644,1622,92102,zip,CA,CA,San Diego,"San Diego-Chula Vista-Carlsbad, CA",San Diego County,2024-01-31,2331.601463805102,92102,0
96560,1738,91942,zip,CA,CA,La Mesa,"San Diego-Chula Vista-Carlsbad, CA",San Diego County,2024-01-31,2462.668828699602,91942,0
96610,2205,92054,zip,CA,CA,Oceanside,"San Diego-Chula Vista-Carlsbad, CA",San Diego County,2024-01-31,2805.0360745968237,92054,0
96602,2270,92037,zip,CA,CA,San Diego,"San Diego-Chula Vista-Carlsbad, CA",San Diego County,2024-01-31,3958.07189742675,92037,1
96672,2406,92131,zip,CA,CA,San Diego,"San Diego-Chula Vista-Carlsbad, CA",San Diego County,2024-01-31,3303.2905882020723,92131,0
96645,2966,92103,zip,CA,CA,San Diego,"San Diego-Chula Vista-Carlsbad, CA",San Diego County,2024-01-31,2600.82346045974,92103,0
96652,3560,92110,zip,CA,CA,San Diego,"San Diego-Chula Vista-Carlsbad, CA",San Diego County,2024-01-31,2826.1090932851776,92110,0
96649,3605,92107,zip,CA,CA,San Diego,"San Diego-Chula Vista-Carlsbad, CA",San Diego County,2024-01-31,2665.9985246871056,92107,0
96658,3607,92116,zip,CA,CA,San Diego,"San Diego-Chula Vista-Carlsbad, CA",San Diego County,2024-01-31,2385.874916437439,92116,0
96581,3914,92008,zip,CA,CA,Carlsbad,"San Diego-Chula Vista-Carlsbad, CA",San Diego County,2024-01-31,2909.3442243226395,92008,0
96555,4492,91932,zip,CA,CA,Imperial Beach,"San Diego-Chula Vista-Carlsbad, CA",San Diego County,2024-01-31,2795.307058012797,91932,0
96584,5214,92011,zip,CA,CA,Carlsbad,"San Diego-Chula Vista-Carlsbad, CA",San Diego County,2024-01-31,3708.0404970149,92011,0
96650,5900,92108,zip,CA,CA,San Diego,"San Diego-Chula Vista-Carlsbad, CA",San Diego County,2024-01-31,2961.7492945367435,92108,0
96660,7608,92118,zip,CA,CA,Coronado,"San Diego-Chula Vista-Carlsbad, CA",San Diego County,2024-01-31,4620.736396352694,92118,0
96546,52,91911,zip,CA,CA,Chula Vista,"San Diego-Chula Vista-Carlsbad, CA",San Diego County,2024-02-29,2561.9578612128626,91911,0
96690,61,92154,zip,CA,CA,San Diego,"San Diego-Chula Vista-Carlsbad, CA",San Diego County,2024-02-29,2829.156567001975,92154,0
96545,153,91910,zip,CA,CA,Chula Vista,"San Diego-Chula Vista-Carlsbad, CA",San Diego County,2024-02-29,2465.6181121341288,91910,0
96667,166,92126,zip,CA,CA,San Diego,"San Diego-Chula Vista-Carlsbad, CA",San Diego County,2024-02-29,2834.9183837292853,92126,1
96647,207,92105,zip,CA,CA,San Diego,"San Diego-Chula Vista-Carlsbad, CA",San Diego County,2024-02-29,2062.3675596286844,92105,0
96589,396,92020,zip,CA,CA,El Cajon,"San Diego-Chula Vista-Carlsbad, CA",San Diego County,2024-02-29,2162.9477888527435,92020,0
96657,414,92115,zip,CA,CA,San Diego,"San Diego-Chula Vista-Carlsbad, CA",San Diego County,2024-02-29,2464.3634695187025,92115,0
96625,475,92071,zip,CA,CA,Santee,"San Diego-Chula Vista-Carlsbad, CA",San Diego County,2024-02-29,2803.798843244785,92071,0
96596,494,92027,zip,CA,CA,Escondido,"San Diego-Chula Vista-Carlsbad, CA",San Diego County,2024-02-29,2189.3963998992567,92027,0
96671,599,92130,zip,CA,CA,San Diego,"San Diego-Chula Vista-Carlsbad, CA",San Diego County,2024-02-29,3828.6997542716,92130,0
96670,651,92129,zip,CA,CA,San Diego,"San Diego-Chula Vista-Carlsbad, CA",San Diego County,2024-02-29,3516.872715756525,92129,0
96612,655,92056,zip,CA,CA,Oceanside,"San Diego-Chula Vista-Carlsbad, CA",San Diego County,2024-02-29,2646.601022039226,92056,0
96613,662,92057,zip,CA,CA,Oceanside,"San Diego-Chula Vista-Carlsbad, CA",San Diego County,2024-02-29,2894.734721638892,92057,0
96548,676,91913,zip,CA,CA,Chula Vista,"San Diego-Chula Vista-Carlsbad, CA",San Diego County,2024-02-29,3079.7269919356263,91913,0
96659,787,92117,zip,CA,CA,San Diego,"San Diego-Chula Vista-Carlsbad, CA",San Diego County,2024-02-29,2700.726749797843,92117,0
96593,834,92024,zip,CA,CA,Encinitas,"San Diego-Chula Vista-Carlsbad, CA",San Diego County,2024-02-29,3754.067195447548,92024,0
96653,960,92111,zip,CA,CA,San Diego,"San Diego-Chula Vista-Carlsbad, CA",San Diego County,2024-02-29,2716.624637959606,92111,0
96668,995,92127,zip,CA,CA,San Diego,"San Diego-Chula Vista-Carlsbad, CA",San Diego County,2024-02-29,3420.897507163313,92127,0
96629,996,92078,zip,CA,CA,San Marcos,"San Diego-Chula Vista-Carlsbad, CA",San Diego County,2024-02-29,3048.9752163905364,92078,0
96669,1063,92128,zip,CA,CA,San Diego,"San Diego-Chula Vista-Carlsbad, CA",San Diego County,2024-02-29,2871.24221735264,92128,0
96582,1105,92009,zip,CA,CA,Carlsbad,"San Diego-Chula Vista-Carlsbad, CA",San Diego County,2024-02-29,3350.3923733075003,92009,0
96646,1143,92104,zip,CA,CA,San Diego,"San Diego-Chula Vista-Carlsbad, CA",San Diego County,2024-02-29,2479.860835431929,92104,0
96664,1151,92122,zip,CA,CA,San Diego,"San Diego-Chula Vista-Carlsbad, CA",San Diego County,2024-02-29,3005.2366756227434,92122,1
96623,1220,92069,zip,CA,CA,San Marcos,"San Diego-Chula Vista-Carlsbad, CA",San Diego County,2024-02-29,2803.882265818509,92069,0
96651,1290,92109,zip,CA,CA,San Diego,"San Diego-Chula Vista-Carlsbad, CA",San Diego County,2024-02-29,3021.508967918503,92109,0
96643,1522,92101,zip,CA,CA,San Diego,"San Diego-Chula Vista-Carlsbad, CA",San Diego County,2024-02-29,2811.488994437761,92101,0
96644,1622,92102,zip,CA,CA,San Diego,"San Diego-Chula Vista-Carlsbad, CA",San Diego County,2024-02-29,2335.343603880352,92102,0
96560,1738,91942,zip,CA,CA,La Mesa,"San Diego-Chula Vista-Carlsbad, CA",San Diego County,2024-02-29,2471.202795426491,91942,0
96610,2205,92054,zip,CA,CA,Oceanside,"San Diego-Chula Vista-Carlsbad, CA",San Diego County,2024-02-29,2832.1617647212843,92054,0
96602,2270,92037,zip,CA,CA,San Diego,"San Diego-Chula Vista-Carlsbad, CA",San Diego County,2024-02-29,3938.754430172344,92037,1
96672,2406,92131,zip,CA,CA,San Diego,"San Diego-Chula Vista-Carlsbad, CA",San Diego County,2024-02-29,3321.631574706548,92131,0
96645,2966,92103,zip,CA,CA,San Diego,"San Diego-Chula Vista-Carlsbad, CA",San Diego County,2024-02-29,2605.825168113841,92103,0
96652,3560,92110,zip,CA,CA,San Diego,"San Diego-Chula Vista-Carlsbad, CA",San Diego County,2024-02-29,2812.5821093494333,92110,0
96649,3605,92107,zip,CA,CA,San Diego,"San Diego-Chula Vista-Carlsbad, CA",San Diego County,2024-02-29,2715.515653001556,92107,0
96658,3607,92116,zip,CA,CA,San Diego,"San Diego-Chula Vista-Carlsbad, CA",San Diego County,2024-02-29,2393.462785405164,92116,0
96581,3914,92008,zip,CA,CA,Carlsbad,"San Diego-Chula Vista-Carlsbad, CA",San Diego County,2024-02-29,2899.0130464876006,92008,0
96555,4492,91932,zip,CA,CA,Imperial Beach,"San Diego-Chula Vista-Carlsbad, CA",San Diego County,2024-02-29,2801.85349284038,91932,0
96584,5214,92011,zip,CA,CA,Carlsbad,"San Diego-Chula Vista-Carlsbad, CA",San Diego County,2024-02-29,3761.438862907607,92011,0
96650,5900,92108,zip,CA,CA,San Diego,"San Diego-Chula Vista-Carlsbad, CA",San Diego County,2024-02-29,2965.0994188622526,92108,0
96660,7608,92118,zip,CA,CA,Coronado,"San Diego-Chula Vista-Carlsbad, CA",San Diego County,2024-02-29,4739.114041343684,92118,0
96546,52,91911,zip,CA,CA,Chula Vista,"San Diego-Chula Vista-Carlsbad, CA",San Diego County,2024-03-31,2591.565526046002,91911,0
96690,61,92154,zip,CA,CA,San Diego,"San Diego-Chula Vista-Carlsbad, CA",San Diego County,2024-03-31,2831.489424570541,92154,0
96545,153,91910,zip,CA,CA,Chula Vista,"San Diego-Chula Vista-Carlsbad, CA",San Diego County,2024-03-31,2471.1728616852038,91910,0
96667,166,92126,zip,CA,CA,San Diego,"San Diego-Chula Vista-Carlsbad, CA",San Diego County,2024-03-31,2840.463295183099,92126,1
96647,207,92105,zip,CA,CA,San Diego,"San Diego-Chula Vista-Carlsbad, CA",San Diego County,2024-03-31,2062.702481658262,92105,0
96589,396,92020,zip,CA,CA,El Cajon,"San Diego-Chula Vista-Carlsbad, CA",San Diego County,2024-03-31,2152.6373107042077,92020,0
96657,414,92115,zip,CA,CA,San Diego,"San Diego-Chula Vista-Carlsbad, CA",San Diego County,2024-03-31,2468.195838145985,92115,0
96625,475,92071,zip,CA,CA,Santee,"San Diego-Chula Vista-Carlsbad, CA",San Diego County,2024-03-31,2800.046943162764,92071,0
96596,494,92027,zip,CA,CA,Escondido,"San Diego-Chula Vista-Carlsbad, CA",San Diego County,2024-03-31,2185.430666274838,92027,0
96671,599,92130,zip,CA,CA,San Diego,"San Diego-Chula Vista-Carlsbad, CA",San Diego County,2024-03-31,3887.352466027325,92130,0
96670,651,92129,zip,CA,CA,San Diego,"San Diego-Chula Vista-Carlsbad, CA",San Diego County,2024-03-31,3552.283108048356,92129,0
96612,655,92056,zip,CA,CA,Oceanside,"San Diego-Chula Vista-Carlsbad, CA",San Diego County,2024-03-31,2649.3235672953588,92056,0
96613,662,92057,zip,CA,CA,Oceanside,"San Diego-Chula Vista-Carlsbad, CA",San Diego County,2024-03-31,2928.0116835705367,92057,0
96548,676,91913,zip,CA,CA,Chula Vista,"San Diego-Chula Vista-Carlsbad, CA",San Diego County,2024-03-31,3115.751841342919,91913,0
96659,787,92117,zip,CA,CA,San Diego,"San Diego-Chula Vista-Carlsbad, CA",San Diego County,2024-03-31,2697.3082206048653,92117,0
96593,834,92024,zip,CA,CA,Encinitas,"San Diego-Chula Vista-Carlsbad, CA",San Diego County,2024-03-31,3743.004015944738,92024,0
96653,960,92111,zip,CA,CA,San Diego,"San Diego-Chula Vista-Carlsbad, CA",San Diego County,2024-03-31,2764.4526013274235,92111,0
96668,995,92127,zip,CA,CA,San Diego,"San Diego-Chula Vista-Carlsbad, CA",San Diego County,2024-03-31,3425.434495969664,92127,0
96629,996,92078,zip,CA,CA,San Marcos,"San Diego-Chula Vista-Carlsbad, CA",San Diego County,2024-03-31,3106.008149141548,92078,0
96669,1063,92128,zip,CA,CA,San Diego,"San Diego-Chula Vista-Carlsbad, CA",San Diego County,2024-03-31,2909.580603559738,92128,0
96582,1105,92009,zip,CA,CA,Carlsbad,"San Diego-Chula Vista-Carlsbad, CA",San Diego County,2024-03-31,3363.7979467086534,92009,0
96646,1143,92104,zip,CA,CA,San Diego,"San Diego-Chula Vista-Carlsbad, CA",San Diego County,2024-03-31,2485.117230991388,92104,0
96664,1151,92122,zip,CA,CA,San Diego,"San Diego-Chula Vista-Carlsbad, CA",San Diego County,2024-03-31,2998.2785657392164,92122,1
96623,1220,92069,zip,CA,CA,San Marcos,"San Diego-Chula Vista-Carlsbad, CA",San Diego County,2024-03-31,2814.8916817501176,92069,0
96651,1290,92109,zip,CA,CA,San Diego,"San Diego-Chula Vista-Carlsbad, CA",San Diego County,2024-03-31,3051.378439871458,92109,0
96643,1522,92101,zip,CA,CA,San Diego,"San Diego-Chula Vista-Carlsbad, CA",San Diego County,2024-03-31,2841.6046130517634,92101,0
96644,1622,92102,zip,CA,CA,San Diego,"San Diego-Chula Vista-Carlsbad, CA",San Diego County,2024-03-31,2355.950897698932,92102,0
96560,1738,91942,zip,CA,CA,La Mesa,"San Diego-Chula Vista-Carlsbad, CA",San Diego County,2024-03-31,2495.3005741791453,91942,0
96610,2205,92054,zip,CA,CA,Oceanside,"San Diego-Chula Vista-Carlsbad, CA",San Diego County,2024-03-31,2866.0461941653484,92054,0
96602,2270,92037,zip,CA,CA,San Diego,"San Diego-Chula Vista-Carlsbad, CA",San Diego County,2024-03-31,3954.2714133676327,92037,1
96672,2406,92131,zip,CA,CA,San Diego,"San Diego-Chula Vista-Carlsbad, CA",San Diego County,2024-03-31,3336.07782323032,92131,0
96645,2966,92103,zip,CA,CA,San Diego,"San Diego-Chula Vista-Carlsbad, CA",San Diego County,2024-03-31,2616.023851201423,92103,0
96652,3560,92110,zip,CA,CA,San Diego,"San Diego-Chula Vista-Carlsbad, CA",San Diego County,2024-03-31,2839.306445498456,92110,0
96649,3605,92107,zip,CA,CA,San Diego,"San Diego-Chula Vista-Carlsbad, CA",San Diego County,2024-03-31,2745.71309518626,92107,0
96658,3607,92116,zip,CA,CA,San Diego,"San Diego-Chula Vista-Carlsbad, CA",San Diego County,2024-03-31,2404.0859812896647,92116,0
96581,3914,92008,zip,CA,CA,Carlsbad,"San Diego-Chula Vista-Carlsbad, CA",San Diego County,2024-03-31,2923.005405450392,92008,0
96555,4492,91932,zip,CA,CA,Imperial Beach,"San Diego-Chula Vista-Carlsbad, CA",San Diego County,2024-03-31,2846.941230796122,91932,0
96584,5214,92011,zip,CA,CA,Carlsbad,"San Diego-Chula Vista-Carlsbad, CA",San Diego County,2024-03-31,3788.0314123602175,92011,0
96650,5900,92108,zip,CA,CA,San Diego,"San Diego-Chula Vista-Carlsbad, CA",San Diego County,2024-03-31,2967.3408569374933,92108,0
96660,7608,92118,zip,CA,CA,Coronado,"San Diego-Chula Vista-Carlsbad, CA",San Diego County,2024-03-31,4723.142039115831,92118,0
96546,52,91911,zip,CA,CA,Chula Vista,"San Diego-Chula Vista-Carlsbad, CA",San Diego County,2024-04-30,2609.0591013122644,91911,0
96690,61,92154,zip,CA,CA,San Diego,"San Diego-Chula Vista-Carlsbad, CA",San Diego County,2024-04-30,2838.978993276819,92154,0
96545,153,91910,zip,CA,CA,Chula Vista,"San Diego-Chula Vista-Carlsbad, CA",San Diego County,2024-04-30,2487.8955183653843,91910,0
96667,166,92126,zip,CA,CA,San Diego,"San Diego-Chula Vista-Carlsbad, CA",San Diego County,2024-04-30,2855.053766179354,92126,1
96647,207,92105,zip,CA,CA,San Diego,"San Diego-Chula Vista-Carlsbad, CA",San Diego County,2024-04-30,2069.603532515447,92105,0
96589,396,92020,zip,CA,CA,El Cajon,"San Diego-Chula Vista-Carlsbad, CA",San Diego County,2024-04-30,2139.2303989724032,92020,0
96657,414,92115,zip,CA,CA,San Diego,"San Diego-Chula Vista-Carlsbad, CA",San Diego County,2024-04-30,2475.222787510328,92115,0
96625,475,92071,zip,CA,CA,Santee,"San Diego-Chula Vista-Carlsbad, CA",San Diego County,2024-04-30,2822.1544170205093,92071,0
96596,494,92027,zip,CA,CA,Escondido,"San Diego-Chula Vista-Carlsbad, CA",San Diego County,2024-04-30,2210.102510373477,92027,0
96671,599,92130,zip,CA,CA,San Diego,"San Diego-Chula Vista-Carlsbad, CA",San Diego County,2024-04-30,3962.757155671382,92130,0
96670,651,92129,zip,CA,CA,San Diego,"San Diego-Chula Vista-Carlsbad, CA",San Diego County,2024-04-30,3610.489062805442,92129,0
96612,655,92056,zip,CA,CA,Oceanside,"San Diego-Chula Vista-Carlsbad, CA",San Diego County,2024-04-30,2675.4213255810478,92056,0
96613,662,92057,zip,CA,CA,Oceanside,"San Diego-Chula Vista-Carlsbad, CA",San Diego County,2024-04-30,2925.932127952324,92057,0
96548,676,91913,zip,CA,CA,Chula Vista,"San Diego-Chula Vista-Carlsbad, CA",San Diego County,2024-04-30,3147.627802817666,91913,0
96659,787,92117,zip,CA,CA,San Diego,"San Diego-Chula Vista-Carlsbad, CA",San Diego County,2024-04-30,2704.772402990929,92117,0
96593,834,92024,zip,CA,CA,Encinitas,"San Diego-Chula Vista-Carlsbad, CA",San Diego County,2024-04-30,3806.95494124632,92024,0
96653,960,92111,zip,CA,CA,San Diego,"San Diego-Chula Vista-Carlsbad, CA",San Diego County,2024-04-30,2766.744554469006,92111,0
96668,995,92127,zip,CA,CA,San Diego,"San Diego-Chula Vista-Carlsbad, CA",San Diego County,2024-04-30,3466.403276293422,92127,0
96629,996,92078,zip,CA,CA,San Marcos,"San Diego-Chula Vista-Carlsbad, CA",San Diego County,2024-04-30,3117.9774154727406,92078,0
96669,1063,92128,zip,CA,CA,San Diego,"San Diego-Chula Vista-Carlsbad, CA",San Diego County,2024-04-30,2923.080747634696,92128,0
96582,1105,92009,zip,CA,CA,Carlsbad,"San Diego-Chula Vista-Carlsbad, CA",San Diego County,2024-04-30,3382.41946525392,92009,0
96646,1143,92104,zip,CA,CA,San Diego,"San Diego-Chula Vista-Carlsbad, CA",San Diego County,2024-04-30,2511.772029616312,92104,0
96664,1151,92122,zip,CA,CA,San Diego,"San Diego-Chula Vista-Carlsbad, CA",San Diego County,2024-04-30,3034.8519422294507,92122,1
96623,1220,92069,zip,CA,CA,San Marcos,"San Diego-Chula Vista-Carlsbad, CA",San Diego County,2024-04-30,2841.7846612046983,92069,0
96651,1290,92109,zip,CA,CA,San Diego,"San Diego-Chula Vista-Carlsbad, CA",San Diego County,2024-04-30,3060.6792836243703,92109,0
96643,1522,92101,zip,CA,CA,San Diego,"San Diego-Chula Vista-Carlsbad, CA",San Diego County,2024-04-30,2860.8485538724444,92101,0
96644,1622,92102,zip,CA,CA,San Diego,"San Diego-Chula Vista-Carlsbad, CA",San Diego County,2024-04-30,2343.8277993935817,92102,0
96560,1738,91942,zip,CA,CA,La Mesa,"San Diego-Chula Vista-Carlsbad, CA",San Diego County,2024-04-30,2524.99074989818,91942,0
96610,2205,92054,zip,CA,CA,Oceanside,"San Diego-Chula Vista-Carlsbad, CA",San Diego County,2024-04-30,2858.2219941758517,92054,0
96602,2270,92037,zip,CA,CA,San Diego,"San Diego-Chula Vista-Carlsbad, CA",San Diego County,2024-04-30,4034.854174752925,92037,1
96672,2406,92131,zip,CA,CA,San Diego,"San Diego-Chula Vista-Carlsbad, CA",San Diego County,2024-04-30,3333.97642275445,92131,0
96645,2966,92103,zip,CA,CA,San Diego,"San Diego-Chula Vista-Carlsbad, CA",San Diego County,2024-04-30,2635.674611439601,92103,0
96652,3560,92110,zip,CA,CA,San Diego,"San Diego-Chula Vista-Carlsbad, CA",San Diego County,2024-04-30,2852.4264007061324,92110,0
96649,3605,92107,zip,CA,CA,San Diego,"San Diego-Chula Vista-Carlsbad, CA",San Diego County,2024-04-30,2754.010066894335,92107,0
96658,3607,92116,zip,CA,CA,San Diego,"San Diego-Chula Vista-Carlsbad, CA",San Diego County,2024-04-30,2409.417728012832,92116,0
96581,3914,92008,zip,CA,CA,Carlsbad,"San Diego-Chula Vista-Carlsbad, CA",San Diego County,2024-04-30,2911.04808939582,92008,0
96555,4492,91932,zip,CA,CA,Imperial Beach,"San Diego-Chula Vista-Carlsbad, CA",San Diego County,2024-04-30,2865.091757303313,91932,0
96584,5214,92011,zip,CA,CA,Carlsbad,"San Diego-Chula Vista-Carlsbad, CA",San Diego County,2024-04-30,3788.80237289507,92011,0
96650,5900,92108,zip,CA,CA,San Diego,"San Diego-Chula Vista-Carlsbad, CA",San Diego County,2024-04-30,2974.602901775239,92108,0
96660,7608,92118,zip,CA,CA,Coronado,"San Diego-Chula Vista-Carlsbad, CA",San Diego County,2024-04-30,4792.565414181579,92118,0
96546,52,91911,zip,CA,CA,Chula Vista,"San Diego-Chula Vista-Carlsbad, CA",San Diego County,2024-05-31,2653.198695344966,91911,0
96690,61,92154,zip,CA,CA,San Diego,"San Diego-Chula Vista-Carlsbad, CA",San Diego County,2024-05-31,2832.360055003364,92154,0
96545,153,91910,zip,CA,CA,Chula Vista,"San Diego-Chula Vista-Carlsbad, CA",San Diego County,2024-05-31,2484.415964889267,91910,0
96667,166,92126,zip,CA,CA,San Diego,"San Diego-Chula Vista-Carlsbad, CA",San Diego County,2024-05-31,2870.458709938274,92126,1
96647,207,92105,zip,CA,CA,San Diego,"San Diego-Chula Vista-Carlsbad, CA",San Diego County,2024-05-31,2082.265769244808,92105,0
96589,396,92020,zip,CA,CA,El Cajon,"San Diego-Chula Vista-Carlsbad, CA",San Diego County,2024-05-31,2149.886443499537,92020,0
96657,414,92115,zip,CA,CA,San Diego,"San Diego-Chula Vista-Carlsbad, CA",San Diego County,2024-05-31,2445.210780526447,92115,0
96625,475,92071,zip,CA,CA,Santee,"San Diego-Chula Vista-Carlsbad, CA",San Diego County,2024-05-31,2851.6943244108497,92071,0
96596,494,92027,zip,CA,CA,Escondido,"San Diego-Chula Vista-Carlsbad, CA",San Diego County,2024-05-31,2204.708887871797,92027,0
96671,599,92130,zip,CA,CA,San Diego,"San Diego-Chula Vista-Carlsbad, CA",San Diego County,2024-05-31,4024.0362684404695,92130,0
96670,651,92129,zip,CA,CA,San Diego,"San Diego-Chula Vista-Carlsbad, CA",San Diego County,2024-05-31,3614.229593971165,92129,0
96612,655,92056,zip,CA,CA,Oceanside,"San Diego-Chula Vista-Carlsbad, CA",San Diego County,2024-05-31,2713.1483098495014,92056,0
96613,662,92057,zip,CA,CA,Oceanside,"San Diego-Chula Vista-Carlsbad, CA",San Diego County,2024-05-31,2924.852614870307,92057,0
96548,676,91913,zip,CA,CA,Chula Vista,"San Diego-Chula Vista-Carlsbad, CA",San Diego County,2024-05-31,3156.900725556828,91913,0
96659,787,92117,zip,CA,CA,San Diego,"San Diego-Chula Vista-Carlsbad, CA",San Diego County,2024-05-31,2728.863906228979,92117,0
96593,834,92024,zip,CA,CA,Encinitas,"San Diego-Chula Vista-Carlsbad, CA",San Diego County,2024-05-31,3836.2836330847217,92024,0
96653,960,92111,zip,CA,CA,San Diego,"San Diego-Chula Vista-Carlsbad, CA",San Diego County,2024-05-31,2772.514483785752,92111,0
96668,995,92127,zip,CA,CA,San Diego,"San Diego-Chula Vista-Carlsbad, CA",San Diego County,2024-05-31,3480.1599616328817,92127,0
96629,996,92078,zip,CA,CA,San Marcos,"San Diego-Chula Vista-Carlsbad, CA",San Diego County,2024-05-31,3141.6125833037254,92078,0
96669,1063,92128,zip,CA,CA,San Diego,"San Diego-Chula Vista-Carlsbad, CA",San Diego County,2024-05-31,2936.246926625148,92128,0
96582,1105,92009,zip,CA,CA,Carlsbad,"San Diego-Chula Vista-Carlsbad, CA",San Diego County,2024-05-31,3413.9960502073354,92009,0
96646,1143,92104,zip,CA,CA,San Diego,"San Diego-Chula Vista-Carlsbad, CA",San Diego County,2024-05-31,2504.1494337199824,92104,0
96664,1151,92122,zip,CA,CA,San Diego,"San Diego-Chula Vista-Carlsbad, CA",San Diego County,2024-05-31,3106.70403082223,92122,1
96623,1220,92069,zip,CA,CA,San Marcos,"San Diego-Chula Vista-Carlsbad, CA",San Diego County,2024-05-31,2843.301710520359,92069,0
96651,1290,92109,zip,CA,CA,San Diego,"San Diego-Chula Vista-Carlsbad, CA",San Diego County,2024-05-31,3067.6006755193453,92109,0
96643,1522,92101,zip,CA,CA,San Diego,"San Diego-Chula Vista-Carlsbad, CA",San Diego County,2024-05-31,2876.6257829383244,92101,0
96644,1622,92102,zip,CA,CA,San Diego,"San Diego-Chula Vista-Carlsbad, CA",San Diego County,2024-05-31,2343.108145475368,92102,0
96560,1738,91942,zip,CA,CA,La Mesa,"San Diego-Chula Vista-Carlsbad, CA",San Diego County,2024-05-31,2545.5770380355857,91942,0
96610,2205,92054,zip,CA,CA,Oceanside,"San Diego-Chula Vista-Carlsbad, CA",San Diego County,2024-05-31,2863.1316504436336,92054,0
96602,2270,92037,zip,CA,CA,San Diego,"San Diego-Chula Vista-Carlsbad, CA",San Diego County,2024-05-31,4075.994147162527,92037,1
96672,2406,92131,zip,CA,CA,San Diego,"San Diego-Chula Vista-Carlsbad, CA",San Diego County,2024-05-31,3361.2676088477897,92131,0
96645,2966,92103,zip,CA,CA,San Diego,"San Diego-Chula Vista-Carlsbad, CA",San Diego County,2024-05-31,2655.5257012275038,92103,0
96652,3560,92110,zip,CA,CA,San Diego,"San Diego-Chula Vista-Carlsbad, CA",San Diego County,2024-05-31,2873.71756305366,92110,0
96649,3605,92107,zip,CA,CA,San Diego,"San Diego-Chula Vista-Carlsbad, CA",San Diego County,2024-05-31,2740.1048163109435,92107,0
96658,3607,92116,zip,CA,CA,San Diego,"San Diego-Chula Vista-Carlsbad, CA",San Diego County,2024-05-31,2439.511912647578,92116,0
96581,3914,92008,zip,CA,CA,Carlsbad,"San Diego-Chula Vista-Carlsbad, CA",San Diego County,2024-05-31,2919.513534165877,92008,0
96555,4492,91932,zip,CA,CA,Imperial Beach,"San Diego-Chula Vista-Carlsbad, CA",San Diego County,2024-05-31,2877.2759241984327,91932,0
96584,5214,92011,zip,CA,CA,Carlsbad,"San Diego-Chula Vista-Carlsbad, CA",San Diego County,2024-05-31,3811.983494027539,92011,0
96650,5900,92108,zip,CA,CA,San Diego,"San Diego-Chula Vista-Carlsbad, CA",San Diego County,2024-05-31,2981.107986307024,92108,0
96660,7608,92118,zip,CA,CA,Coronado,"San Diego-Chula Vista-Carlsbad, CA",San Diego County,2024-05-31,4848.025771218408,92118,0
96546,52,91911,zip,CA,CA,Chula Vista,"San Diego-Chula Vista-Carlsbad, CA",San Diego County,2024-06-30,2652.2425632316613,91911,0
96690,61,92154,zip,CA,CA,San Diego,"San Diego-Chula Vista-Carlsbad, CA",San Diego County,2024-06-30,2811.709660233682,92154,0
96545,153,91910,zip,CA,CA,Chula Vista,"San Diego-Chula Vista-Carlsbad, CA",San Diego County,2024-06-30,2491.7433747250275,91910,0
96667,166,92126,zip,CA,CA,San Diego,"San Diego-Chula Vista-Carlsbad, CA",San Diego County,2024-06-30,2896.208293267918,92126,1
96647,207,92105,zip,CA,CA,San Diego,"San Diego-Chula Vista-Carlsbad, CA",San Diego County,2024-06-30,2092.231216878315,92105,0
96589,396,92020,zip,CA,CA,El Cajon,"San Diego-Chula Vista-Carlsbad, CA",San Diego County,2024-06-30,2170.76731443011,92020,0
96657,414,92115,zip,CA,CA,San Diego,"San Diego-Chula Vista-Carlsbad, CA",San Diego County,2024-06-30,2448.481506396613,92115,0
96625,475,92071,zip,CA,CA,Santee,"San Diego-Chula Vista-Carlsbad, CA",San Diego County,2024-06-30,2891.935201942606,92071,0
96596,494,92027,zip,CA,CA,Escondido,"San Diego-Chula Vista-Carlsbad, CA",San Diego County,2024-06-30,2238.722797440796,92027,0
96671,599,92130,zip,CA,CA,San Diego,"San Diego-Chula Vista-Carlsbad, CA",San Diego County,2024-06-30,4053.768191636416,92130,0
96670,651,92129,zip,CA,CA,San Diego,"San Diego-Chula Vista-Carlsbad, CA",San Diego County,2024-06-30,3611.1462385655946,92129,0
96612,655,92056,zip,CA,CA,Oceanside,"San Diego-Chula Vista-Carlsbad, CA",San Diego County,2024-06-30,2766.1304705835446,92056,0
96613,662,92057,zip,CA,CA,Oceanside,"San Diego-Chula Vista-Carlsbad, CA",San Diego County,2024-06-30,2948.618746187484,92057,0
96548,676,91913,zip,CA,CA,Chula Vista,"San Diego-Chula Vista-Carlsbad, CA",San Diego County,2024-06-30,3158.750389703432,91913,0
96659,787,92117,zip,CA,CA,San Diego,"San Diego-Chula Vista-Carlsbad, CA",San Diego County,2024-06-30,2735.610308226853,92117,0
96593,834,92024,zip,CA,CA,Encinitas,"San Diego-Chula Vista-Carlsbad, CA",San Diego County,2024-06-30,3888.888096451983,92024,0
96653,960,92111,zip,CA,CA,San Diego,"San Diego-Chula Vista-Carlsbad, CA",San Diego County,2024-06-30,2783.433784557333,92111,0
96668,995,92127,zip,CA,CA,San Diego,"San Diego-Chula Vista-Carlsbad, CA",San Diego County,2024-06-30,3506.8154032618604,92127,0
96629,996,92078,zip,CA,CA,San Marcos,"San Diego-Chula Vista-Carlsbad, CA",San Diego County,2024-06-30,3115.753225537597,92078,0
96669,1063,92128,zip,CA,CA,San Diego,"San Diego-Chula Vista-Carlsbad, CA",San Diego County,2024-06-30,2932.700191805712,92128,0
96582,1105,92009,zip,CA,CA,Carlsbad,"San Diego-Chula Vista-Carlsbad, CA",San Diego County,2024-06-30,3440.6542808490376,92009,0
96646,1143,92104,zip,CA,CA,San Diego,"San Diego-Chula Vista-Carlsbad, CA",San Diego County,2024-06-30,2523.1775499001933,92104,0
96664,1151,92122,zip,CA,CA,San Diego,"San Diego-Chula Vista-Carlsbad, CA",San Diego County,2024-06-30,3161.2984606359964,92122,1
96623,1220,92069,zip,CA,CA,San Marcos,"San Diego-Chula Vista-Carlsbad, CA",San Diego County,2024-06-30,2862.7954954408783,92069,0
96651,1290,92109,zip,CA,CA,San Diego,"San Diego-Chula Vista-Carlsbad, CA",San Diego County,2024-06-30,3103.391735578973,92109,0
96643,1522,92101,zip,CA,CA,San Diego,"San Diego-Chula Vista-Carlsbad, CA",San Diego County,2024-06-30,2869.955639012936,92101,0
96644,1622,92102,zip,CA,CA,San Diego,"San Diego-Chula Vista-Carlsbad, CA",San Diego County,2024-06-30,2323.65718380348,92102,0
96560,1738,91942,zip,CA,CA,La Mesa,"San Diego-Chula Vista-Carlsbad, CA",San Diego County,2024-06-30,2540.934852351166,91942,0
96610,2205,92054,zip,CA,CA,Oceanside,"San Diego-Chula Vista-Carlsbad, CA",San Diego County,2024-06-30,2877.975526922432,92054,0
96602,2270,92037,zip,CA,CA,San Diego,"San Diego-Chula Vista-Carlsbad, CA",San Diego County,2024-06-30,4114.522941095182,92037,1
96672,2406,92131,zip,CA,CA,San Diego,"San Diego-Chula Vista-Carlsbad, CA",San Diego County,2024-06-30,3385.422936342518,92131,0
96645,2966,92103,zip,CA,CA,San Diego,"San Diego-Chula Vista-Carlsbad, CA",San Diego County,2024-06-30,2670.1470179092626,92103,0
96652,3560,92110,zip,CA,CA,San Diego,"San Diego-Chula Vista-Carlsbad, CA",San Diego County,2024-06-30,2880.175295182232,92110,0
96649,3605,92107,zip,CA,CA,San Diego,"San Diego-Chula Vista-Carlsbad, CA",San Diego County,2024-06-30,2760.3247807428656,92107,0
96658,3607,92116,zip,CA,CA,San Diego,"San Diego-Chula Vista-Carlsbad, CA",San Diego County,2024-06-30,2467.145493573368,92116,0
96581,3914,92008,zip,CA,CA,Carlsbad,"San Diego-Chula Vista-Carlsbad, CA",San Diego County,2024-06-30,2932.676398339334,92008,0
96555,4492,91932,zip,CA,CA,Imperial Beach,"San Diego-Chula Vista-Carlsbad, CA",San Diego County,2024-06-30,2859.044705054821,91932,0
96584,5214,92011,zip,CA,CA,Carlsbad,"San Diego-Chula Vista-Carlsbad, CA",San Diego County,2024-06-30,3850.8688641120366,92011,0
96650,5900,92108,zip,CA,CA,San Diego,"San Diego-Chula Vista-Carlsbad, CA",San Diego County,2024-06-30,3003.2139484972454,92108,0
96660,7608,92118,zip,CA,CA,Coronado,"San Diego-Chula Vista-Carlsbad, CA",San Diego County,2024-06-30,5004.05797533734,92118,0
96546,52,91911,zip,CA,CA,Chula Vista,"San Diego-Chula Vista-Carlsbad, CA",San Diego County,2024-07-31,2665.2960004124266,91911,0
96690,61,92154,zip,CA,CA,San Diego,"San Diego-Chula Vista-Carlsbad, CA",San Diego County,2024-07-31,2811.932826226053,92154,0
96545,153,91910,zip,CA,CA,Chula Vista,"San Diego-Chula Vista-Carlsbad, CA",San Diego County,2024-07-31,2488.24340667122,91910,0
96667,166,92126,zip,CA,CA,San Diego,"San Diego-Chula Vista-Carlsbad, CA",San Diego County,2024-07-31,2916.74655055372,92126,1
96647,207,92105,zip,CA,CA,San Diego,"San Diego-Chula Vista-Carlsbad, CA",San Diego County,2024-07-31,2109.0860687615523,92105,0
96589,396,92020,zip,CA,CA,El Cajon,"San Diego-Chula Vista-Carlsbad, CA",San Diego County,2024-07-31,2179.105570753897,92020,0
96657,414,92115,zip,CA,CA,San Diego,"San Diego-Chula Vista-Carlsbad, CA",San Diego County,2024-07-31,2453.7936300538454,92115,0
96625,475,92071,zip,CA,CA,Santee,"San Diego-Chula Vista-Carlsbad, CA",San Diego County,2024-07-31,2885.372078032239,92071,0
96596,494,92027,zip,CA,CA,Escondido,"San Diego-Chula Vista-Carlsbad, CA",San Diego County,2024-07-31,2301.039586560408,92027,0
96671,599,92130,zip,CA,CA,San Diego,"San Diego-Chula Vista-Carlsbad, CA",San Diego County,2024-07-31,4068.792693627543,92130,0
96670,651,92129,zip,CA,CA,San Diego,"San Diego-Chula Vista-Carlsbad, CA",San Diego County,2024-07-31,3587.777292273476,92129,0
96612,655,92056,zip,CA,CA,Oceanside,"San Diego-Chula Vista-Carlsbad, CA",San Diego County,2024-07-31,2773.392725766627,92056,0
96613,662,92057,zip,CA,CA,Oceanside,"San Diego-Chula Vista-Carlsbad, CA",San Diego County,2024-07-31,2982.295830694137,92057,0
96548,676,91913,zip,CA,CA,Chula Vista,"San Diego-Chula Vista-Carlsbad, CA",San Diego County,2024-07-31,3153.1862397479963,91913,0
96659,787,92117,zip,CA,CA,San Diego,"San Diego-Chula Vista-Carlsbad, CA",San Diego County,2024-07-31,2722.33254766498,92117,0
96593,834,92024,zip,CA,CA,Encinitas,"San Diego-Chula Vista-Carlsbad, CA",San Diego County,2024-07-31,3893.244000564781,92024,0
96653,960,92111,zip,CA,CA,San Diego,"San Diego-Chula Vista-Carlsbad, CA",San Diego County,2024-07-31,2818.302042388264,92111,0
96668,995,92127,zip,CA,CA,San Diego,"San Diego-Chula Vista-Carlsbad, CA",San Diego County,2024-07-31,3481.239271671588,92127,0
96629,996,92078,zip,CA,CA,San Marcos,"San Diego-Chula Vista-Carlsbad, CA",San Diego County,2024-07-31,3147.392977680653,92078,0
96669,1063,92128,zip,CA,CA,San Diego,"San Diego-Chula Vista-Carlsbad, CA",San Diego County,2024-07-31,2946.4748117061845,92128,0
96582,1105,92009,zip,CA,CA,Carlsbad,"San Diego-Chula Vista-Carlsbad, CA",San Diego County,2024-07-31,3463.0261232630933,92009,0
96646,1143,92104,zip,CA,CA,San Diego,"San Diego-Chula Vista-Carlsbad, CA",San Diego County,2024-07-31,2524.049770946747,92104,0
96664,1151,92122,zip,CA,CA,San Diego,"San Diego-Chula Vista-Carlsbad, CA",San Diego County,2024-07-31,3179.8914094797824,92122,1
96623,1220,92069,zip,CA,CA,San Marcos,"San Diego-Chula Vista-Carlsbad, CA",San Diego County,2024-07-31,2897.989280199336,92069,0
96651,1290,92109,zip,CA,CA,San Diego,"San Diego-Chula Vista-Carlsbad, CA",San Diego County,2024-07-31,3137.858829887832,92109,0
96643,1522,92101,zip,CA,CA,San Diego,"San Diego-Chula Vista-Carlsbad, CA",San Diego County,2024-07-31,2874.841719451194,92101,0
96644,1622,92102,zip,CA,CA,San Diego,"San Diego-Chula Vista-Carlsbad, CA",San Diego County,2024-07-31,2324.563887342705,92102,0
96560,1738,91942,zip,CA,CA,La Mesa,"San Diego-Chula Vista-Carlsbad, CA",San Diego County,2024-07-31,2547.7001199705064,91942,0
96610,2205,92054,zip,CA,CA,Oceanside,"San Diego-Chula Vista-Carlsbad, CA",San Diego County,2024-07-31,2886.69274334171,92054,0
96602,2270,92037,zip,CA,CA,San Diego,"San Diego-Chula Vista-Carlsbad, CA",San Diego County,2024-07-31,4138.305745165729,92037,1
96672,2406,92131,zip,CA,CA,San Diego,"San Diego-Chula Vista-Carlsbad, CA",San Diego County,2024-07-31,3403.183314506004,92131,0
96645,2966,92103,zip,CA,CA,San Diego,"San Diego-Chula Vista-Carlsbad, CA",San Diego County,2024-07-31,2662.0360364128974,92103,0
96652,3560,92110,zip,CA,CA,San Diego,"San Diego-Chula Vista-Carlsbad, CA",San Diego County,2024-07-31,2885.2552573031912,92110,0
96649,3605,92107,zip,CA,CA,San Diego,"San Diego-Chula Vista-Carlsbad, CA",San Diego County,2024-07-31,2758.315237448986,92107,0
96658,3607,92116,zip,CA,CA,San Diego,"San Diego-Chula Vista-Carlsbad, CA",San Diego County,2024-07-31,2487.1666807515203,92116,0
96581,3914,92008,zip,CA,CA,Carlsbad,"San Diego-Chula Vista-Carlsbad, CA",San Diego County,2024-07-31,2970.980475327269,92008,0
96555,4492,91932,zip,CA,CA,Imperial Beach,"San Diego-Chula Vista-Carlsbad, CA",San Diego County,2024-07-31,2870.3573234385804,91932,0
96584,5214,92011,zip,CA,CA,Carlsbad,"San Diego-Chula Vista-Carlsbad, CA",San Diego County,2024-07-31,3880.810550968929,92011,0
96650,5900,92108,zip,CA,CA,San Diego,"San Diego-Chula Vista-Carlsbad, CA",San Diego County,2024-07-31,3039.852173285908,92108,0
96660,7608,92118,zip,CA,CA,Coronado,"San Diego-Chula Vista-Carlsbad, CA",San Diego County,2024-07-31,4916.042840807805,92118,0
96546,52,91911,zip,CA,CA,Chula Vista,"San Diego-Chula Vista-Carlsbad, CA",San Diego County,2024-08-31,2658.336537125132,91911,0
96690,61,92154,zip,CA,CA,San Diego,"San Diego-Chula Vista-Carlsbad, CA",San Diego County,2024-08-31,2800.7515225168304,92154,0
96545,153,91910,zip,CA,CA,Chula Vista,"San Diego-Chula Vista-Carlsbad, CA",San Diego County,2024-08-31,2507.614767758485,91910,0
96667,166,92126,zip,CA,CA,San Diego,"San Diego-Chula Vista-Carlsbad, CA",San Diego County,2024-08-31,2931.7860599337964,92126,1
96647,207,92105,zip,CA,CA,San Diego,"San Diego-Chula Vista-Carlsbad, CA",San Diego County,2024-08-31,2105.4951504211867,92105,0
96589,396,92020,zip,CA,CA,El Cajon,"San Diego-Chula Vista-Carlsbad, CA",San Diego County,2024-08-31,2184.123196382182,92020,0
96657,414,92115,zip,CA,CA,San Diego,"San Diego-Chula Vista-Carlsbad, CA",San Diego County,2024-08-31,2461.1441552739234,92115,0
96625,475,92071,zip,CA,CA,Santee,"San Diego-Chula Vista-Carlsbad, CA",San Diego County,2024-08-31,2865.8855762476865,92071,0
96596,494,92027,zip,CA,CA,Escondido,"San Diego-Chula Vista-Carlsbad, CA",San Diego County,2024-08-31,2334.548289022405,92027,0
96671,599,92130,zip,CA,CA,San Diego,"San Diego-Chula Vista-Carlsbad, CA",San Diego County,2024-08-31,4058.220863994641,92130,0
96670,651,92129,zip,CA,CA,San Diego,"San Diego-Chula Vista-Carlsbad, CA",San Diego County,2024-08-31,3568.7936125802617,92129,0
96612,655,92056,zip,CA,CA,Oceanside,"San Diego-Chula Vista-Carlsbad, CA",San Diego County,2024-08-31,2765.5843864570043,92056,0
96613,662,92057,zip,CA,CA,Oceanside,"San Diego-Chula Vista-Carlsbad, CA",San Diego County,2024-08-31,2973.6263103666347,92057,0
96548,676,91913,zip,CA,CA,Chula Vista,"San Diego-Chula Vista-Carlsbad, CA",San Diego County,2024-08-31,3144.3406775795224,91913,0
96659,787,92117,zip,CA,CA,San Diego,"San Diego-Chula Vista-Carlsbad, CA",San Diego County,2024-08-31,2737.58703122888,92117,0
96593,834,92024,zip,CA,CA,Encinitas,"San Diego-Chula Vista-Carlsbad, CA",San Diego County,2024-08-31,3906.005351915371,92024,0
96653,960,92111,zip,CA,CA,San Diego,"San Diego-Chula Vista-Carlsbad, CA",San Diego County,2024-08-31,2805.405929890213,92111,0
96668,995,92127,zip,CA,CA,San Diego,"San Diego-Chula Vista-Carlsbad, CA",San Diego County,2024-08-31,3479.448100104777,92127,0
96629,996,92078,zip,CA,CA,San Marcos,"San Diego-Chula Vista-Carlsbad, CA",San Diego County,2024-08-31,3173.787899184935,92078,0
96669,1063,92128,zip,CA,CA,San Diego,"San Diego-Chula Vista-Carlsbad, CA",San Diego County,2024-08-31,2946.1106818860558,92128,0
96582,1105,92009,zip,CA,CA,Carlsbad,"San Diego-Chula Vista-Carlsbad, CA",San Diego County,2024-08-31,3467.7532913829614,92009,0
96646,1143,92104,zip,CA,CA,San Diego,"San Diego-Chula Vista-Carlsbad, CA",San Diego County,2024-08-31,2530.096694063526,92104,0
96664,1151,92122,zip,CA,CA,San Diego,"San Diego-Chula Vista-Carlsbad, CA",San Diego County,2024-08-31,3163.829780792806,92122,1
96623,1220,92069,zip,CA,CA,San Marcos,"San Diego-Chula Vista-Carlsbad, CA",San Diego County,2024-08-31,2929.1360812616936,92069,0
96651,1290,92109,zip,CA,CA,San Diego,"San Diego-Chula Vista-Carlsbad, CA",San Diego County,2024-08-31,3155.2855958046985,92109,0
96643,1522,92101,zip,CA,CA,San Diego,"San Diego-Chula Vista-Carlsbad, CA",San Diego County,2024-08-31,2873.41998142078,92101,0
96644,1622,92102,zip,CA,CA,San Diego,"San Diego-Chula Vista-Carlsbad, CA",San Diego County,2024-08-31,2339.7995890870725,92102,0
96560,1738,91942,zip,CA,CA,La Mesa,"San Diego-Chula Vista-Carlsbad, CA",San Diego County,2024-08-31,2560.7251535127766,91942,0
96610,2205,92054,zip,CA,CA,Oceanside,"San Diego-Chula Vista-Carlsbad, CA",San Diego County,2024-08-31,2922.572956252009,92054,0
96602,2270,92037,zip,CA,CA,San Diego,"San Diego-Chula Vista-Carlsbad, CA",San Diego County,2024-08-31,4147.834224029629,92037,1
96672,2406,92131,zip,CA,CA,San Diego,"San Diego-Chula Vista-Carlsbad, CA",San Diego County,2024-08-31,3410.335373131577,92131,0
96645,2966,92103,zip,CA,CA,San Diego,"San Diego-Chula Vista-Carlsbad, CA",San Diego County,2024-08-31,2657.244155183665,92103,0
96652,3560,92110,zip,CA,CA,San Diego,"San Diego-Chula Vista-Carlsbad, CA",San Diego County,2024-08-31,2902.5651303165246,92110,0
96649,3605,92107,zip,CA,CA,San Diego,"San Diego-Chula Vista-Carlsbad, CA",San Diego County,2024-08-31,2806.17082816048,92107,0
96658,3607,92116,zip,CA,CA,San Diego,"San Diego-Chula Vista-Carlsbad, CA",San Diego County,2024-08-31,2485.4790302613915,92116,0
96581,3914,92008,zip,CA,CA,Carlsbad,"San Diego-Chula Vista-Carlsbad, CA",San Diego County,2024-08-31,2981.0770254006943,92008,0
96555,4492,91932,zip,CA,CA,Imperial Beach,"San Diego-Chula Vista-Carlsbad, CA",San Diego County,2024-08-31,2877.983460825664,91932,0
96584,5214,92011,zip,CA,CA,Carlsbad,"San Diego-Chula Vista-Carlsbad, CA",San Diego County,2024-08-31,3864.3691865060646,92011,0
96650,5900,92108,zip,CA,CA,San Diego,"San Diego-Chula Vista-Carlsbad, CA",San Diego County,2024-08-31,3046.999641244828,92108,0
96660,7608,92118,zip,CA,CA,Coronado,"San Diego-Chula Vista-Carlsbad, CA",San Diego County,2024-08-31,4812.053868166875,92118,0
96546,52,91911,zip,CA,CA,Chula Vista,"San Diego-Chula Vista-Carlsbad, CA",San Diego County,2024-09-30,2686.8471741776,91911,0
96690,61,92154,zip,CA,CA,San Diego,"San Diego-Chula Vista-Carlsbad, CA",San Diego County,2024-09-30,2810.545210900531,92154,0
96545,153,91910,zip,CA,CA,Chula Vista,"San Diego-Chula Vista-Carlsbad, CA",San Diego County,2024-09-30,2522.214158773799,91910,0
96667,166,92126,zip,CA,CA,San Diego,"San Diego-Chula Vista-Carlsbad, CA",San Diego County,2024-09-30,2937.021714537912,92126,1
96647,207,92105,zip,CA,CA,San Diego,"San Diego-Chula Vista-Carlsbad, CA",San Diego County,2024-09-30,2106.85883468143,92105,0
96589,396,92020,zip,CA,CA,El Cajon,"San Diego-Chula Vista-Carlsbad, CA",San Diego County,2024-09-30,2176.3359459332096,92020,0
96657,414,92115,zip,CA,CA,San Diego,"San Diego-Chula Vista-Carlsbad, CA",San Diego County,2024-09-30,2497.6730675200715,92115,0
96625,475,92071,zip,CA,CA,Santee,"San Diego-Chula Vista-Carlsbad, CA",San Diego County,2024-09-30,2832.027315659832,92071,0
96596,494,92027,zip,CA,CA,Escondido,"San Diego-Chula Vista-Carlsbad, CA",San Diego County,2024-09-30,2385.078277839396,92027,0
96671,599,92130,zip,CA,CA,San Diego,"San Diego-Chula Vista-Carlsbad, CA",San Diego County,2024-09-30,4030.801319925432,92130,0
96670,651,92129,zip,CA,CA,San Diego,"San Diego-Chula Vista-Carlsbad, CA",San Diego County,2024-09-30,3550.892374709721,92129,0
96612,655,92056,zip,CA,CA,Oceanside,"San Diego-Chula Vista-Carlsbad, CA",San Diego County,2024-09-30,2739.416554828188,92056,0
96613,662,92057,zip,CA,CA,Oceanside,"San Diego-Chula Vista-Carlsbad, CA",San Diego County,2024-09-30,2963.7470437505267,92057,0
96548,676,91913,zip,CA,CA,Chula Vista,"San Diego-Chula Vista-Carlsbad, CA",San Diego County,2024-09-30,3160.513114208219,91913,0
96659,787,92117,zip,CA,CA,San Diego,"San Diego-Chula Vista-Carlsbad, CA",San Diego County,2024-09-30,2741.7311284327925,92117,0
96593,834,92024,zip,CA,CA,Encinitas,"San Diego-Chula Vista-Carlsbad, CA",San Diego County,2024-09-30,3876.146569465822,92024,0
96653,960,92111,zip,CA,CA,San Diego,"San Diego-Chula Vista-Carlsbad, CA",San Diego County,2024-09-30,2803.383416214517,92111,0
96668,995,92127,zip,CA,CA,San Diego,"San Diego-Chula Vista-Carlsbad, CA",San Diego County,2024-09-30,3438.239483012194,92127,0
96629,996,92078,zip,CA,CA,San Marcos,"San Diego-Chula Vista-Carlsbad, CA",San Diego County,2024-09-30,3222.079548063112,92078,0
96669,1063,92128,zip,CA,CA,San Diego,"San Diego-Chula Vista-Carlsbad, CA",San Diego County,2024-09-30,2924.722694399993,92128,0
96582,1105,92009,zip,CA,CA,Carlsbad,"San Diego-Chula Vista-Carlsbad, CA",San Diego County,2024-09-30,3480.5198388836798,92009,0
96646,1143,92104,zip,CA,CA,San Diego,"San Diego-Chula Vista-Carlsbad, CA",San Diego County,2024-09-30,2530.800971595836,92104,0
96664,1151,92122,zip,CA,CA,San Diego,"San Diego-Chula Vista-Carlsbad, CA",San Diego County,2024-09-30,3146.4849866272803,92122,1
96623,1220,92069,zip,CA,CA,San Marcos,"San Diego-Chula Vista-Carlsbad, CA",San Diego County,2024-09-30,2925.7100860963897,92069,0
96651,1290,92109,zip,CA,CA,San Diego,"San Diego-Chula Vista-Carlsbad, CA",San Diego County,2024-09-30,3155.785874488924,92109,0
96643,1522,92101,zip,CA,CA,San Diego,"San Diego-Chula Vista-Carlsbad, CA",San Diego County,2024-09-30,2870.395877343393,92101,0
96644,1622,92102,zip,CA,CA,San Diego,"San Diego-Chula Vista-Carlsbad, CA",San Diego County,2024-09-30,2339.167797200077,92102,0
96560,1738,91942,zip,CA,CA,La Mesa,"San Diego-Chula Vista-Carlsbad, CA",San Diego County,2024-09-30,2562.752519163155,91942,0
96610,2205,92054,zip,CA,CA,Oceanside,"San Diego-Chula Vista-Carlsbad, CA",San Diego County,2024-09-30,2921.575077508569,92054,0
96602,2270,92037,zip,CA,CA,San Diego,"San Diego-Chula Vista-Carlsbad, CA",San Diego County,2024-09-30,4184.784274007592,92037,1
96672,2406,92131,zip,CA,CA,San Diego,"San Diego-Chula Vista-Carlsbad, CA",San Diego County,2024-09-30,3416.0614935843587,92131,0
96645,2966,92103,zip,CA,CA,San Diego,"San Diego-Chula Vista-Carlsbad, CA",San Diego County,2024-09-30,2647.408303345348,92103,0
96652,3560,92110,zip,CA,CA,San Diego,"San Diego-Chula Vista-Carlsbad, CA",San Diego County,2024-09-30,2912.8469730207357,92110,0
96649,3605,92107,zip,CA,CA,San Diego,"San Diego-Chula Vista-Carlsbad, CA",San Diego County,2024-09-30,2843.73164406395,92107,0
96658,3607,92116,zip,CA,CA,San Diego,"San Diego-Chula Vista-Carlsbad, CA",San Diego County,2024-09-30,2465.268551950527,92116,0
96581,3914,92008,zip,CA,CA,Carlsbad,"San Diego-Chula Vista-Carlsbad, CA",San Diego County,2024-09-30,2980.149068230615,92008,0
96555,4492,91932,zip,CA,CA,Imperial Beach,"San Diego-Chula Vista-Carlsbad, CA",San Diego County,2024-09-30,2915.957941665902,91932,0
96584,5214,92011,zip,CA,CA,Carlsbad,"San Diego-Chula Vista-Carlsbad, CA",San Diego County,2024-09-30,3876.054889125034,92011,0
96650,5900,92108,zip,CA,CA,San Diego,"San Diego-Chula Vista-Carlsbad, CA",San Diego County,2024-09-30,3053.856102893972,92108,0
96660,7608,92118,zip,CA,CA,Coronado,"San Diego-Chula Vista-Carlsbad, CA",San Diego County,2024-09-30,4639.8463153951925,92118,0
96546,52,91911,zip,CA,CA,Chula Vista,"San Diego-Chula Vista-Carlsbad, CA",San Diego County,2024-10-31,2683.748508211442,91911,0
96690,61,92154,zip,CA,CA,San Diego,"San Diego-Chula Vista-Carlsbad, CA",San Diego County,2024-10-31,2815.883468511509,92154,0
96545,153,91910,zip,CA,CA,Chula Vista,"San Diego-Chula Vista-Carlsbad, CA",San Diego County,2024-10-31,2533.946596273167,91910,0
96667,166,92126,zip,CA,CA,San Diego,"San Diego-Chula Vista-Carlsbad, CA",San Diego County,2024-10-31,2929.853851870393,92126,1
96647,207,92105,zip,CA,CA,San Diego,"San Diego-Chula Vista-Carlsbad, CA",San Diego County,2024-10-31,2094.760146687106,92105,0
96589,396,92020,zip,CA,CA,El Cajon,"San Diego-Chula Vista-Carlsbad, CA",San Diego County,2024-10-31,2168.829282398061,92020,0
96657,414,92115,zip,CA,CA,San Diego,"San Diego-Chula Vista-Carlsbad, CA",San Diego County,2024-10-31,2554.116388765581,92115,0
96625,475,92071,zip,CA,CA,Santee,"San Diego-Chula Vista-Carlsbad, CA",San Diego County,2024-10-31,2830.165786719062,92071,0
96596,494,92027,zip,CA,CA,Escondido,"San Diego-Chula Vista-Carlsbad, CA",San Diego County,2024-10-31,2358.4319375768096,92027,0
96671,599,92130,zip,CA,CA,San Diego,"San Diego-Chula Vista-Carlsbad, CA",San Diego County,2024-10-31,3997.806072457256,92130,0
96670,651,92129,zip,CA,CA,San Diego,"San Diego-Chula Vista-Carlsbad, CA",San Diego County,2024-10-31,3516.0308965918084,92129,0
96612,655,92056,zip,CA,CA,Oceanside,"San Diego-Chula Vista-Carlsbad, CA",San Diego County,2024-10-31,2733.1858973212643,92056,0
96613,662,92057,zip,CA,CA,Oceanside,"San Diego-Chula Vista-Carlsbad, CA",San Diego County,2024-10-31,2967.826327908771,92057,0
96548,676,91913,zip,CA,CA,Chula Vista,"San Diego-Chula Vista-Carlsbad, CA",San Diego County,2024-10-31,3164.440507332228,91913,0
96659,787,92117,zip,CA,CA,San Diego,"San Diego-Chula Vista-Carlsbad, CA",San Diego County,2024-10-31,2751.336233769195,92117,0
96593,834,92024,zip,CA,CA,Encinitas,"San Diego-Chula Vista-Carlsbad, CA",San Diego County,2024-10-31,3887.580289491241,92024,0
96653,960,92111,zip,CA,CA,San Diego,"San Diego-Chula Vista-Carlsbad, CA",San Diego County,2024-10-31,2811.322549165258,92111,0
96668,995,92127,zip,CA,CA,San Diego,"San Diego-Chula Vista-Carlsbad, CA",San Diego County,2024-10-31,3447.421310065693,92127,0
96629,996,92078,zip,CA,CA,San Marcos,"San Diego-Chula Vista-Carlsbad, CA",San Diego County,2024-10-31,3219.960167406836,92078,0
96669,1063,92128,zip,CA,CA,San Diego,"San Diego-Chula Vista-Carlsbad, CA",San Diego County,2024-10-31,2912.6192070514003,92128,0
96582,1105,92009,zip,CA,CA,Carlsbad,"San Diego-Chula Vista-Carlsbad, CA",San Diego County,2024-10-31,3475.312745267216,92009,0
96646,1143,92104,zip,CA,CA,San Diego,"San Diego-Chula Vista-Carlsbad, CA",San Diego County,2024-10-31,2501.194906636197,92104,0
96664,1151,92122,zip,CA,CA,San Diego,"San Diego-Chula Vista-Carlsbad, CA",San Diego County,2024-10-31,3142.3348083553465,92122,1
96623,1220,92069,zip,CA,CA,San Marcos,"San Diego-Chula Vista-Carlsbad, CA",San Diego County,2024-10-31,2894.318524143949,92069,0
96651,1290,92109,zip,CA,CA,San Diego,"San Diego-Chula Vista-Carlsbad, CA",San Diego County,2024-10-31,3157.385908057739,92109,0
96643,1522,92101,zip,CA,CA,San Diego,"San Diego-Chula Vista-Carlsbad, CA",San Diego County,2024-10-31,2857.3455338347303,92101,0
96644,1622,92102,zip,CA,CA,San Diego,"San Diego-Chula Vista-Carlsbad, CA",San Diego County,2024-10-31,2348.85511616082,92102,0
96560,1738,91942,zip,CA,CA,La Mesa,"San Diego-Chula Vista-Carlsbad, CA",San Diego County,2024-10-31,2566.851978166761,91942,0
96610,2205,92054,zip,CA,CA,Oceanside,"San Diego-Chula Vista-Carlsbad, CA",San Diego County,2024-10-31,2934.604648626058,92054,0
96602,2270,92037,zip,CA,CA,San Diego,"San Diego-Chula Vista-Carlsbad, CA",San Diego County,2024-10-31,4153.526512251488,92037,1
96672,2406,92131,zip,CA,CA,San Diego,"San Diego-Chula Vista-Carlsbad, CA",San Diego County,2024-10-31,3393.094674534052,92131,0
96645,2966,92103,zip,CA,CA,San Diego,"San Diego-Chula Vista-Carlsbad, CA",San Diego County,2024-10-31,2662.6266485636584,92103,0
96652,3560,92110,zip,CA,CA,San Diego,"San Diego-Chula Vista-Carlsbad, CA",San Diego County,2024-10-31,2900.392086397848,92110,0
96649,3605,92107,zip,CA,CA,San Diego,"San Diego-Chula Vista-Carlsbad, CA",San Diego County,2024-10-31,2853.663115109663,92107,0
96658,3607,92116,zip,CA,CA,San Diego,"San Diego-Chula Vista-Carlsbad, CA",San Diego County,2024-10-31,2453.299651062718,92116,0
96581,3914,92008,zip,CA,CA,Carlsbad,"San Diego-Chula Vista-Carlsbad, CA",San Diego County,2024-10-31,2961.717604819541,92008,0
96555,4492,91932,zip,CA,CA,Imperial Beach,"San Diego-Chula Vista-Carlsbad, CA",San Diego County,2024-10-31,2899.617469837696,91932,0
96584,5214,92011,zip,CA,CA,Carlsbad,"San Diego-Chula Vista-Carlsbad, CA",San Diego County,2024-10-31,3849.4820438413662,92011,0
96650,5900,92108,zip,CA,CA,San Diego,"San Diego-Chula Vista-Carlsbad, CA",San Diego County,2024-10-31,3030.8620767186367,92108,0
96660,7608,92118,zip,CA,CA,Coronado,"San Diego-Chula Vista-Carlsbad, CA",San Diego County,2024-10-31,4694.129442105695,92118,0
96546,52,91911,zip,CA,CA,Chula Vista,"San Diego-Chula Vista-Carlsbad, CA",San Diego County,2024-11-30,2670.6176554265608,91911,0
96690,61,92154,zip,CA,CA,San Diego,"San Diego-Chula Vista-Carlsbad, CA",San Diego County,2024-11-30,2866.3300177515366,92154,0
96545,153,91910,zip,CA,CA,Chula Vista,"San Diego-Chula Vista-Carlsbad, CA",San Diego County,2024-11-30,2527.505473000101,91910,0
96667,166,92126,zip,CA,CA,San Diego,"San Diego-Chula Vista-Carlsbad, CA",San Diego County,2024-11-30,2905.7322039524474,92126,1
96647,207,92105,zip,CA,CA,San Diego,"San Diego-Chula Vista-Carlsbad, CA",San Diego County,2024-11-30,2101.778221992716,92105,0
96589,396,92020,zip,CA,CA,El Cajon,"San Diego-Chula Vista-Carlsbad, CA",San Diego County,2024-11-30,2169.660044631569,92020,0
96657,414,92115,zip,CA,CA,San Diego,"San Diego-Chula Vista-Carlsbad, CA",San Diego County,2024-11-30,2608.191880762534,92115,0
96625,475,92071,zip,CA,CA,Santee,"San Diego-Chula Vista-Carlsbad, CA",San Diego County,2024-11-30,2855.607479227349,92071,0
96596,494,92027,zip,CA,CA,Escondido,"San Diego-Chula Vista-Carlsbad, CA",San Diego County,2024-11-30,2388.7606558670827,92027,0
96671,599,92130,zip,CA,CA,San Diego,"San Diego-Chula Vista-Carlsbad, CA",San Diego County,2024-11-30,3950.172031324417,92130,0
96670,651,92129,zip,CA,CA,San Diego,"San Diego-Chula Vista-Carlsbad, CA",San Diego County,2024-11-30,3502.0681617063724,92129,0
96612,655,92056,zip,CA,CA,Oceanside,"San Diego-Chula Vista-Carlsbad, CA",San Diego County,2024-11-30,2716.571533367276,92056,0
96613,662,92057,zip,CA,CA,Oceanside,"San Diego-Chula Vista-Carlsbad, CA",San Diego County,2024-11-30,2976.317586338585,92057,0
96548,676,91913,zip,CA,CA,Chula Vista,"San Diego-Chula Vista-Carlsbad, CA",San Diego County,2024-11-30,3174.443609609538,91913,0
96659,787,92117,zip,CA,CA,San Diego,"San Diego-Chula Vista-Carlsbad, CA",San Diego County,2024-11-30,2731.261224466857,92117,0
96593,834,92024,zip,CA,CA,Encinitas,"San Diego-Chula Vista-Carlsbad, CA",San Diego County,2024-11-30,3871.1976120735367,92024,0
96653,960,92111,zip,CA,CA,San Diego,"San Diego-Chula Vista-Carlsbad, CA",San Diego County,2024-11-30,2819.376252180693,92111,0
96668,995,92127,zip,CA,CA,San Diego,"San Diego-Chula Vista-Carlsbad, CA",San Diego County,2024-11-30,3448.660299966212,92127,0
96629,996,92078,zip,CA,CA,San Marcos,"San Diego-Chula Vista-Carlsbad, CA",San Diego County,2024-11-30,3178.675283854785,92078,0
96669,1063,92128,zip,CA,CA,San Diego,"San Diego-Chula Vista-Carlsbad, CA",San Diego County,2024-11-30,2906.5506266530883,92128,0
96582,1105,92009,zip,CA,CA,Carlsbad,"San Diego-Chula Vista-Carlsbad, CA",San Diego County,2024-11-30,3449.106154459664,92009,0
96646,1143,92104,zip,CA,CA,San Diego,"San Diego-Chula Vista-Carlsbad, CA",San Diego County,2024-11-30,2484.4523312340475,92104,0
96664,1151,92122,zip,CA,CA,San Diego,"San Diego-Chula Vista-Carlsbad, CA",San Diego County,2024-11-30,3135.9012538285256,92122,1
96623,1220,92069,zip,CA,CA,San Marcos,"San Diego-Chula Vista-Carlsbad, CA",San Diego County,2024-11-30,2850.456694702061,92069,0
96651,1290,92109,zip,CA,CA,San Diego,"San Diego-Chula Vista-Carlsbad, CA",San Diego County,2024-11-30,3148.0157417583823,92109,0
96643,1522,92101,zip,CA,CA,San Diego,"San Diego-Chula Vista-Carlsbad, CA",San Diego County,2024-11-30,2840.2777631246518,92101,0
96644,1622,92102,zip,CA,CA,San Diego,"San Diego-Chula Vista-Carlsbad, CA",San Diego County,2024-11-30,2343.710124611108,92102,0
96560,1738,91942,zip,CA,CA,La Mesa,"San Diego-Chula Vista-Carlsbad, CA",San Diego County,2024-11-30,2557.6193835721697,91942,0
96610,2205,92054,zip,CA,CA,Oceanside,"San Diego-Chula Vista-Carlsbad, CA",San Diego County,2024-11-30,2921.1339095131507,92054,0
96602,2270,92037,zip,CA,CA,San Diego,"San Diego-Chula Vista-Carlsbad, CA",San Diego County,2024-11-30,4098.281612272736,92037,1
96672,2406,92131,zip,CA,CA,San Diego,"San Diego-Chula Vista-Carlsbad, CA",San Diego County,2024-11-30,3383.7692726161245,92131,0
96645,2966,92103,zip,CA,CA,San Diego,"San Diego-Chula Vista-Carlsbad, CA",San Diego County,2024-11-30,2675.7817178771465,92103,0
96652,3560,92110,zip,CA,CA,San Diego,"San Diego-Chula Vista-Carlsbad, CA",San Diego County,2024-11-30,2898.540525194436,92110,0
96649,3605,92107,zip,CA,CA,San Diego,"San Diego-Chula Vista-Carlsbad, CA",San Diego County,2024-11-30,2856.8240307201736,92107,0
96658,3607,92116,zip,CA,CA,San Diego,"San Diego-Chula Vista-Carlsbad, CA",San Diego County,2024-11-30,2444.345942324679,92116,0
96581,3914,92008,zip,CA,CA,Carlsbad,"San Diego-Chula Vista-Carlsbad, CA",San Diego County,2024-11-30,2966.955823104938,92008,0
96555,4492,91932,zip,CA,CA,Imperial Beach,"San Diego-Chula Vista-Carlsbad, CA",San Diego County,2024-11-30,2845.670947025094,91932,0
96584,5214,92011,zip,CA,CA,Carlsbad,"San Diego-Chula Vista-Carlsbad, CA",San Diego County,2024-11-30,3814.3885206363143,92011,0
96650,5900,92108,zip,CA,CA,San Diego,"San Diego-Chula Vista-Carlsbad, CA",San Diego County,2024-11-30,3016.650450989893,92108,0
96660,7608,92118,zip,CA,CA,Coronado,"San Diego-Chula Vista-Carlsbad, CA",San Diego County,2024-11-30,4857.668958513007,92118,0
96546,52,91911,zip,CA,CA,Chula Vista,"San Diego-Chula Vista-Carlsbad, CA",San Diego County,2024-12-31,2643.1458244223845,91911,0
96690,61,92154,zip,CA,CA,San Diego,"San Diego-Chula Vista-Carlsbad, CA",San Diego County,2024-12-31,2887.092604933188,92154,0
96545,153,91910,zip,CA,CA,Chula Vista,"San Diego-Chula Vista-Carlsbad, CA",San Diego County,2024-12-31,2523.57408103254,91910,0
96667,166,92126,zip,CA,CA,San Diego,"San Diego-Chula Vista-Carlsbad, CA",San Diego County,2024-12-31,2892.2985674689994,92126,1
96647,207,92105,zip,CA,CA,San Diego,"San Diego-Chula Vista-Carlsbad, CA",San Diego County,2024-12-31,2097.006391746371,92105,0
96589,396,92020,zip,CA,CA,El Cajon,"San Diego-Chula Vista-Carlsbad, CA",San Diego County,2024-12-31,2201.6604589885974,92020,0
96657,414,92115,zip,CA,CA,San Diego,"San Diego-Chula Vista-Carlsbad, CA",San Diego County,2024-12-31,2572.4870540915217,92115,0
96625,475,92071,zip,CA,CA,Santee,"San Diego-Chula Vista-Carlsbad, CA",San Diego County,2024-12-31,2841.462713872053,92071,0
96596,494,92027,zip,CA,CA,Escondido,"San Diego-Chula Vista-Carlsbad, CA",San Diego County,2024-12-31,2406.849696718448,92027,0
96671,599,92130,zip,CA,CA,San Diego,"San Diego-Chula Vista-Carlsbad, CA",San Diego County,2024-12-31,3936.5452739490233,92130,0
96670,651,92129,zip,CA,CA,San Diego,"San Diego-Chula Vista-Carlsbad, CA",San Diego County,2024-12-31,3519.714657928643,92129,0
96612,655,92056,zip,CA,CA,Oceanside,"San Diego-Chula Vista-Carlsbad, CA",San Diego County,2024-12-31,2754.74803518043,92056,0
96613,662,92057,zip,CA,CA,Oceanside,"San Diego-Chula Vista-Carlsbad, CA",San Diego County,2024-12-31,2968.292045044343,92057,0
96548,676,91913,zip,CA,CA,Chula Vista,"San Diego-Chula Vista-Carlsbad, CA",San Diego County,2024-12-31,3144.0089282391937,91913,0
96659,787,92117,zip,CA,CA,San Diego,"San Diego-Chula Vista-Carlsbad, CA",San Diego County,2024-12-31,2697.2001160027035,92117,0
96593,834,92024,zip,CA,CA,Encinitas,"San Diego-Chula Vista-Carlsbad, CA",San Diego County,2024-12-31,3855.6391606231855,92024,0
96653,960,92111,zip,CA,CA,San Diego,"San Diego-Chula Vista-Carlsbad, CA",San Diego County,2024-12-31,2843.5292661326766,92111,0
96668,995,92127,zip,CA,CA,San Diego,"San Diego-Chula Vista-Carlsbad, CA",San Diego County,2024-12-31,3453.7135535320062,92127,0
96629,996,92078,zip,CA,CA,San Marcos,"San Diego-Chula Vista-Carlsbad, CA",San Diego County,2024-12-31,3152.581913943714,92078,0
96669,1063,92128,zip,CA,CA,San Diego,"San Diego-Chula Vista-Carlsbad, CA",San Diego County,2024-12-31,2923.5360492055074,92128,0
96582,1105,92009,zip,CA,CA,Carlsbad,"San Diego-Chula Vista-Carlsbad, CA",San Diego County,2024-12-31,3447.886280172613,92009,0
96646,1143,92104,zip,CA,CA,San Diego,"San Diego-Chula Vista-Carlsbad, CA",San Diego County,2024-12-31,2467.22622506543,92104,0
96664,1151,92122,zip,CA,CA,San Diego,"San Diego-Chula Vista-Carlsbad, CA",San Diego County,2024-12-31,3124.7560453486485,92122,1
96623,1220,92069,zip,CA,CA,San Marcos,"San Diego-Chula Vista-Carlsbad, CA",San Diego County,2024-12-31,2840.4971494722395,92069,0
96651,1290,92109,zip,CA,CA,San Diego,"San Diego-Chula Vista-Carlsbad, CA",San Diego County,2024-12-31,3119.0495039987613,92109,0
96643,1522,92101,zip,CA,CA,San Diego,"San Diego-Chula Vista-Carlsbad, CA",San Diego County,2024-12-31,2831.2036851642483,92101,0
96644,1622,92102,zip,CA,CA,San Diego,"San Diego-Chula Vista-Carlsbad, CA",San Diego County,2024-12-31,2339.1766920385967,92102,0
96560,1738,91942,zip,CA,CA,La Mesa,"San Diego-Chula Vista-Carlsbad, CA",San Diego County,2024-12-31,2542.924413329515,91942,0
96610,2205,92054,zip,CA,CA,Oceanside,"San Diego-Chula Vista-Carlsbad, CA",San Diego County,2024-12-31,2920.249471680739,92054,0
96602,2270,92037,zip,CA,CA,San Diego,"San Diego-Chula Vista-Carlsbad, CA",San Diego County,2024-12-31,4042.1760765451854,92037,1
96672,2406,92131,zip,CA,CA,San Diego,"San Diego-Chula Vista-Carlsbad, CA",San Diego County,2024-12-31,3369.48987082482,92131,0
96645,2966,92103,zip,CA,CA,San Diego,"San Diego-Chula Vista-Carlsbad, CA",San Diego County,2024-12-31,2672.432248082064,92103,0
96652,3560,92110,zip,CA,CA,San Diego,"San Diego-Chula Vista-Carlsbad, CA",San Diego County,2024-12-31,2900.997195686183,92110,0
96649,3605,92107,zip,CA,CA,San Diego,"San Diego-Chula Vista-Carlsbad, CA",San Diego County,2024-12-31,2811.256550518888,92107,0
96658,3607,92116,zip,CA,CA,San Diego,"San Diego-Chula Vista-Carlsbad, CA",San Diego County,2024-12-31,2453.307215788632,92116,0
96581,3914,92008,zip,CA,CA,Carlsbad,"San Diego-Chula Vista-Carlsbad, CA",San Diego County,2024-12-31,2963.9204264331115,92008,0
96555,4492,91932,zip,CA,CA,Imperial Beach,"San Diego-Chula Vista-Carlsbad, CA",San Diego County,2024-12-31,2840.4017709780483,91932,0
96584,5214,92011,zip,CA,CA,Carlsbad,"San Diego-Chula Vista-Carlsbad, CA",San Diego County,2024-12-31,3782.338431131957,92011,0
96650,5900,92108,zip,CA,CA,San Diego,"San Diego-Chula Vista-Carlsbad, CA",San Diego County,2024-12-31,2984.430041082914,92108,0
96660,7608,92118,zip,CA,CA,Coronado,"San Diego-Chula Vista-Carlsbad, CA",San Diego County,2024-12-31,5013.347657419686,92118,0
96546,52,91911,zip,CA,CA,Chula Vista,"San Diego-Chula Vista-Carlsbad, CA",San Diego County,2025-01-31,2661.389779006341,91911,0
96690,61,92154,zip,CA,CA,San Diego,"San Diego-Chula Vista-Carlsbad, CA",San Diego County,2025-01-31,2910.729496022266,92154,0
96545,153,91910,zip,CA,CA,Chula Vista,"San Diego-Chula Vista-Carlsbad, CA",San Diego County,2025-01-31,2514.585867155856,91910,0
96667,166,92126,zip,CA,CA,San Diego,"San Diego-Chula Vista-Carlsbad, CA",San Diego County,2025-01-31,2874.15801297342,92126,1
96647,207,92105,zip,CA,CA,San Diego,"San Diego-Chula Vista-Carlsbad, CA",San Diego County,2025-01-31,2089.258065919477,92105,0
96589,396,92020,zip,CA,CA,El Cajon,"San Diego-Chula Vista-Carlsbad, CA",San Diego County,2025-01-31,2190.315568532124,92020,0
96657,414,92115,zip,CA,CA,San Diego,"San Diego-Chula Vista-Carlsbad, CA",San Diego County,2025-01-31,2537.960374353383,92115,0
96625,475,92071,zip,CA,CA,Santee,"San Diego-Chula Vista-Carlsbad, CA",San Diego County,2025-01-31,2831.487973786754,92071,0
96596,494,92027,zip,CA,CA,Escondido,"San Diego-Chula Vista-Carlsbad, CA",San Diego County,2025-01-31,2402.3014848504413,92027,0
96671,599,92130,zip,CA,CA,San Diego,"San Diego-Chula Vista-Carlsbad, CA",San Diego County,2025-01-31,3939.262279776649,92130,0
96670,651,92129,zip,CA,CA,San Diego,"San Diego-Chula Vista-Carlsbad, CA",San Diego County,2025-01-31,3545.54159944595,92129,0
96612,655,92056,zip,CA,CA,Oceanside,"San Diego-Chula Vista-Carlsbad, CA",San Diego County,2025-01-31,2746.40162220056,92056,0
96613,662,92057,zip,CA,CA,Oceanside,"San Diego-Chula Vista-Carlsbad, CA",San Diego County,2025-01-31,2959.304829091748,92057,0
96548,676,91913,zip,CA,CA,Chula Vista,"San Diego-Chula Vista-Carlsbad, CA",San Diego County,2025-01-31,3129.207293306672,91913,0
96659,787,92117,zip,CA,CA,San Diego,"San Diego-Chula Vista-Carlsbad, CA",San Diego County,2025-01-31,2714.4226674547394,92117,0
96593,834,92024,zip,CA,CA,Encinitas,"San Diego-Chula Vista-Carlsbad, CA",San Diego County,2025-01-31,3831.779957579921,92024,0
96653,960,92111,zip,CA,CA,San Diego,"San Diego-Chula Vista-Carlsbad, CA",San Diego County,2025-01-31,2826.781008448073,92111,0
96668,995,92127,zip,CA,CA,San Diego,"San Diego-Chula Vista-Carlsbad, CA",San Diego County,2025-01-31,3481.9937970373567,92127,0
96629,996,92078,zip,CA,CA,San Marcos,"San Diego-Chula Vista-Carlsbad, CA",San Diego County,2025-01-31,3123.0398943821424,92078,0
96669,1063,92128,zip,CA,CA,San Diego,"San Diego-Chula Vista-Carlsbad, CA",San Diego County,2025-01-31,2947.1258097428977,92128,0
96582,1105,92009,zip,CA,CA,Carlsbad,"San Diego-Chula Vista-Carlsbad, CA",San Diego County,2025-01-31,3458.466189518233,92009,0
96646,1143,92104,zip,CA,CA,San Diego,"San Diego-Chula Vista-Carlsbad, CA",San Diego County,2025-01-31,2477.101469361153,92104,0
96664,1151,92122,zip,CA,CA,San Diego,"San Diego-Chula Vista-Carlsbad, CA",San Diego County,2025-01-31,3128.129227667646,92122,1
96623,1220,92069,zip,CA,CA,San Marcos,"San Diego-Chula Vista-Carlsbad, CA",San Diego County,2025-01-31,2852.2906225867087,92069,0
96651,1290,92109,zip,CA,CA,San Diego,"San Diego-Chula Vista-Carlsbad, CA",San Diego County,2025-01-31,3108.9726501087016,92109,0
96643,1522,92101,zip,CA,CA,San Diego,"San Diego-Chula Vista-Carlsbad, CA",San Diego County,2025-01-31,2836.120458510307,92101,0
96644,1622,92102,zip,CA,CA,San Diego,"San Diego-Chula Vista-Carlsbad, CA",San Diego County,2025-01-31,2338.501235827276,92102,0
96560,1738,91942,zip,CA,CA,La Mesa,"San Diego-Chula Vista-Carlsbad, CA",San Diego County,2025-01-31,2534.838158130715,91942,0
96610,2205,92054,zip,CA,CA,Oceanside,"San Diego-Chula Vista-Carlsbad, CA",San Diego County,2025-01-31,2934.86588784328,92054,0
96602,2270,92037,zip,CA,CA,San Diego,"San Diego-Chula Vista-Carlsbad, CA",San Diego County,2025-01-31,4088.296262034277,92037,1
96672,2406,92131,zip,CA,CA,San Diego,"San Diego-Chula Vista-Carlsbad, CA",San Diego County,2025-01-31,3400.586591008744,92131,0
96645,2966,92103,zip,CA,CA,San Diego,"San Diego-Chula Vista-Carlsbad, CA",San Diego County,2025-01-31,2659.638442671196,92103,0
96652,3560,92110,zip,CA,CA,San Diego,"San Diego-Chula Vista-Carlsbad, CA",San Diego County,2025-01-31,2915.805434881067,92110,0
96649,3605,92107,zip,CA,CA,San Diego,"San Diego-Chula Vista-Carlsbad, CA",San Diego County,2025-01-31,2810.952632296201,92107,0
96658,3607,92116,zip,CA,CA,San Diego,"San Diego-Chula Vista-Carlsbad, CA",San Diego County,2025-01-31,2451.042152598617,92116,0
96581,3914,92008,zip,CA,CA,Carlsbad,"San Diego-Chula Vista-Carlsbad, CA",San Diego County,2025-01-31,2981.65135565257,92008,0
96555,4492,91932,zip,CA,CA,Imperial Beach,"San Diego-Chula Vista-Carlsbad, CA",San Diego County,2025-01-31,2818.554273515119,91932,0
96584,5214,92011,zip,CA,CA,Carlsbad,"San Diego-Chula Vista-Carlsbad, CA",San Diego County,2025-01-31,3826.925745202576,92011,0
96650,5900,92108,zip,CA,CA,San Diego,"San Diego-Chula Vista-Carlsbad, CA",San Diego County,2025-01-31,2985.5075839296805,92108,0
96660,7608,92118,zip,CA,CA,Coronado,"San Diego-Chula Vista-Carlsbad, CA",San Diego County,2025-01-31,5012.6740242167,92118,0
96546,52,91911,zip,CA,CA,Chula Vista,"San Diego-Chula Vista-Carlsbad, CA",San Diego County,2025-02-28,2662.6603879629024,91911,0
96690,61,92154,zip,CA,CA,San Diego,"San Diego-Chula Vista-Carlsbad, CA",San Diego County,2025-02-28,2895.864980912236,92154,0
96545,153,91910,zip,CA,CA,Chula Vista,"San Diego-Chula Vista-Carlsbad, CA",San Diego County,2025-02-28,2519.977764620349,91910,0
96667,166,92126,zip,CA,CA,San Diego,"San Diego-Chula Vista-Carlsbad, CA",San Diego County,2025-02-28,2883.4977020898714,92126,1
96647,207,92105,zip,CA,CA,San Diego,"San Diego-Chula Vista-Carlsbad, CA",San Diego County,2025-02-28,2073.9952184707117,92105,0
96589,396,92020,zip,CA,CA,El Cajon,"San Diego-Chula Vista-Carlsbad, CA",San Diego County,2025-02-28,2200.382593880317,92020,0
96657,414,92115,zip,CA,CA,San Diego,"San Diego-Chula Vista-Carlsbad, CA",San Diego County,2025-02-28,2518.9678127117145,92115,0
96625,475,92071,zip,CA,CA,Santee,"San Diego-Chula Vista-Carlsbad, CA",San Diego County,2025-02-28,2827.6871395572293,92071,0
96596,494,92027,zip,CA,CA,Escondido,"San Diego-Chula Vista-Carlsbad, CA",San Diego County,2025-02-28,2366.7370624238883,92027,0
96671,599,92130,zip,CA,CA,San Diego,"San Diego-Chula Vista-Carlsbad, CA",San Diego County,2025-02-28,3964.9483241114494,92130,0
96670,651,92129,zip,CA,CA,San Diego,"San Diego-Chula Vista-Carlsbad, CA",San Diego County,2025-02-28,3555.9068754294976,92129,0
96612,655,92056,zip,CA,CA,Oceanside,"San Diego-Chula Vista-Carlsbad, CA",San Diego County,2025-02-28,2756.7909131194497,92056,0
96613,662,92057,zip,CA,CA,Oceanside,"San Diego-Chula Vista-Carlsbad, CA",San Diego County,2025-02-28,2953.1208755853377,92057,0
96548,676,91913,zip,CA,CA,Chula Vista,"San Diego-Chula Vista-Carlsbad, CA",San Diego County,2025-02-28,3151.9408575512016,91913,0
96659,787,92117,zip,CA,CA,San Diego,"San Diego-Chula Vista-Carlsbad, CA",San Diego County,2025-02-28,2712.524476032481,92117,0
96593,834,92024,zip,CA,CA,Encinitas,"San Diego-Chula Vista-Carlsbad, CA",San Diego County,2025-02-28,3855.841734911584,92024,0
96653,960,92111,zip,CA,CA,San Diego,"San Diego-Chula Vista-Carlsbad, CA",San Diego County,2025-02-28,2832.503268970412,92111,0
96668,995,92127,zip,CA,CA,San Diego,"San Diego-Chula Vista-Carlsbad, CA",San Diego County,2025-02-28,3503.7740148816038,92127,0
96629,996,92078,zip,CA,CA,San Marcos,"San Diego-Chula Vista-Carlsbad, CA",San Diego County,2025-02-28,3139.329863282777,92078,0
96669,1063,92128,zip,CA,CA,San Diego,"San Diego-Chula Vista-Carlsbad, CA",San Diego County,2025-02-28,2949.453965702665,92128,0
96582,1105,92009,zip,CA,CA,Carlsbad,"San Diego-Chula Vista-Carlsbad, CA",San Diego County,2025-02-28,3508.413699668787,92009,0
96646,1143,92104,zip,CA,CA,San Diego,"San Diego-Chula Vista-Carlsbad, CA",San Diego County,2025-02-28,2478.33360567978,92104,0
96664,1151,92122,zip,CA,CA,San Diego,"San Diego-Chula Vista-Carlsbad, CA",San Diego County,2025-02-28,3104.954151385268,92122,1
96623,1220,92069,zip,CA,CA,San Marcos,"San Diego-Chula Vista-Carlsbad, CA",San Diego County,2025-02-28,2854.871129775529,92069,0
96651,1290,92109,zip,CA,CA,San Diego,"San Diego-Chula Vista-Carlsbad, CA",San Diego County,2025-02-28,3125.9199650055293,92109,0
96643,1522,92101,zip,CA,CA,San Diego,"San Diego-Chula Vista-Carlsbad, CA",San Diego County,2025-02-28,2854.120402088673,92101,0
96644,1622,92102,zip,CA,CA,San Diego,"San Diego-Chula Vista-Carlsbad, CA",San Diego County,2025-02-28,2356.038250886116,92102,0
96560,1738,91942,zip,CA,CA,La Mesa,"San Diego-Chula Vista-Carlsbad, CA",San Diego County,2025-02-28,2547.1315106063807,91942,0
96610,2205,92054,zip,CA,CA,Oceanside,"San Diego-Chula Vista-Carlsbad, CA",San Diego County,2025-02-28,2941.891300457014,92054,0
96602,2270,92037,zip,CA,CA,San Diego,"San Diego-Chula Vista-Carlsbad, CA",San Diego County,2025-02-28,4109.635421693909,92037,1
96672,2406,92131,zip,CA,CA,San Diego,"San Diego-Chula Vista-Carlsbad, CA",San Diego County,2025-02-28,3408.570802921773,92131,0
96645,2966,92103,zip,CA,CA,San Diego,"San Diego-Chula Vista-Carlsbad, CA",San Diego County,2025-02-28,2648.576556371834,92103,0
96652,3560,92110,zip,CA,CA,San Diego,"San Diego-Chula Vista-Carlsbad, CA",San Diego County,2025-02-28,2928.818021273684,92110,0
96649,3605,92107,zip,CA,CA,San Diego,"San Diego-Chula Vista-Carlsbad, CA",San Diego County,2025-02-28,2812.5880355889176,92107,0
96658,3607,92116,zip,CA,CA,San Diego,"San Diego-Chula Vista-Carlsbad, CA",San Diego County,2025-02-28,2462.9846791343284,92116,0
96581,3914,92008,zip,CA,CA,Carlsbad,"San Diego-Chula Vista-Carlsbad, CA",San Diego County,2025-02-28,2982.6843232927386,92008,0
96555,4492,91932,zip,CA,CA,Imperial Beach,"San Diego-Chula Vista-Carlsbad, CA",San Diego County,2025-02-28,2895.081237998791,91932,0
96584,5214,92011,zip,CA,CA,Carlsbad,"San Diego-Chula Vista-Carlsbad, CA",San Diego County,2025-02-28,3915.282405352788,92011,0
96650,5900,92108,zip,CA,CA,San Diego,"San Diego-Chula Vista-Carlsbad, CA",San Diego County,2025-02-28,3005.4796384385845,92108,0
96660,7608,92118,zip,CA,CA,Coronado,"San Diego-Chula Vista-Carlsbad, CA",San Diego County,2025-02-28,5132.2004985827325,92118,0
96546,52,91911,zip,CA,CA,Chula Vista,"San Diego-Chula Vista-Carlsbad, CA",San Diego County,2025-03-31,2714.964585619021,91911,0
96690,61,92154,zip,CA,CA,San Diego,"San Diego-Chula Vista-Carlsbad, CA",San Diego County,2025-03-31,2905.1022469244936,92154,0
96545,153,91910,zip,CA,CA,Chula Vista,"San Diego-Chula Vista-Carlsbad, CA",San Diego County,2025-03-31,2529.481038770707,91910,0
96667,166,92126,zip,CA,CA,San Diego,"San Diego-Chula Vista-Carlsbad, CA",San Diego County,2025-03-31,2890.7493286246417,92126,1
96647,207,92105,zip,CA,CA,San Diego,"San Diego-Chula Vista-Carlsbad, CA",San Diego County,2025-03-31,2076.377374042587,92105,0
96589,396,92020,zip,CA,CA,El Cajon,"San Diego-Chula Vista-Carlsbad, CA",San Diego County,2025-03-31,2163.6351859168662,92020,0
96657,414,92115,zip,CA,CA,San Diego,"San Diego-Chula Vista-Carlsbad, CA",San Diego County,2025-03-31,2533.5488300600905,92115,0
96625,475,92071,zip,CA,CA,Santee,"San Diego-Chula Vista-Carlsbad, CA",San Diego County,2025-03-31,2847.5622585890737,92071,0
96596,494,92027,zip,CA,CA,Escondido,"San Diego-Chula Vista-Carlsbad, CA",San Diego County,2025-03-31,2313.000634957107,92027,0
96671,599,92130,zip,CA,CA,San Diego,"San Diego-Chula Vista-Carlsbad, CA",San Diego County,2025-03-31,4004.2476936608255,92130,0
96670,651,92129,zip,CA,CA,San Diego,"San Diego-Chula Vista-Carlsbad, CA",San Diego County,2025-03-31,3541.703697727064,92129,0
96612,655,92056,zip,CA,CA,Oceanside,"San Diego-Chula Vista-Carlsbad, CA",San Diego County,2025-03-31,2739.0561061573103,92056,0
96613,662,92057,zip,CA,CA,Oceanside,"San Diego-Chula Vista-Carlsbad, CA",San Diego County,2025-03-31,2961.970410707988,92057,0
96548,676,91913,zip,CA,CA,Chula Vista,"San Diego-Chula Vista-Carlsbad, CA",San Diego County,2025-03-31,3191.6699923182778,91913,0
96659,787,92117,zip,CA,CA,San Diego,"San Diego-Chula Vista-Carlsbad, CA",San Diego County,2025-03-31,2761.187276969845,92117,0
96593,834,92024,zip,CA,CA,Encinitas,"San Diego-Chula Vista-Carlsbad, CA",San Diego County,2025-03-31,3920.6179531390935,92024,0
96653,960,92111,zip,CA,CA,San Diego,"San Diego-Chula Vista-Carlsbad, CA",San Diego County,2025-03-31,2817.506160053486,92111,0
96668,995,92127,zip,CA,CA,San Diego,"San Diego-Chula Vista-Carlsbad, CA",San Diego County,2025-03-31,3546.302502182025,92127,0
96629,996,92078,zip,CA,CA,San Marcos,"San Diego-Chula Vista-Carlsbad, CA",San Diego County,2025-03-31,3128.9185657129738,92078,0
96669,1063,92128,zip,CA,CA,San Diego,"San Diego-Chula Vista-Carlsbad, CA",San Diego County,2025-03-31,2956.4328873703885,92128,0
96582,1105,92009,zip,CA,CA,Carlsbad,"San Diego-Chula Vista-Carlsbad, CA",San Diego County,2025-03-31,3526.7582392875024,92009,0
96646,1143,92104,zip,CA,CA,San Diego,"San Diego-Chula Vista-Carlsbad, CA",San Diego County,2025-03-31,2499.895650990786,92104,0
96664,1151,92122,zip,CA,CA,San Diego,"San Diego-Chula Vista-Carlsbad, CA",San Diego County,2025-03-31,3102.2142490588885,92122,1
96623,1220,92069,zip,CA,CA,San Marcos,"San Diego-Chula Vista-Carlsbad, CA",San Diego County,2025-03-31,2869.8102101770714,92069,0
96651,1290,92109,zip,CA,CA,San Diego,"San Diego-Chula Vista-Carlsbad, CA",San Diego County,2025-03-31,3153.8696299347093,92109,0
96643,1522,92101,zip,CA,CA,San Diego,"San Diego-Chula Vista-Carlsbad, CA",San Diego County,2025-03-31,2873.184185872445,92101,0
96644,1622,92102,zip,CA,CA,San Diego,"San Diego-Chula Vista-Carlsbad, CA",San Diego County,2025-03-31,2373.6738989447176,92102,0
96560,1738,91942,zip,CA,CA,La Mesa,"San Diego-Chula Vista-Carlsbad, CA",San Diego County,2025-03-31,2565.0694692965035,91942,0
96610,2205,92054,zip,CA,CA,Oceanside,"San Diego-Chula Vista-Carlsbad, CA",San Diego County,2025-03-31,2954.53290298239,92054,0
96602,2270,92037,zip,CA,CA,San Diego,"San Diego-Chula Vista-Carlsbad, CA",San Diego County,2025-03-31,4129.217543286254,92037,1
96672,2406,92131,zip,CA,CA,San Diego,"San Diego-Chula Vista-Carlsbad, CA",San Diego County,2025-03-31,3412.6283379177357,92131,0
96645,2966,92103,zip,CA,CA,San Diego,"San Diego-Chula Vista-Carlsbad, CA",San Diego County,2025-03-31,2658.0444001764213,92103,0
96652,3560,92110,zip,CA,CA,San Diego,"San Diego-Chula Vista-Carlsbad, CA",San Diego County,2025-03-31,2921.6566438961795,92110,0
96649,3605,92107,zip,CA,CA,San Diego,"San Diego-Chula Vista-Carlsbad, CA",San Diego County,2025-03-31,2831.877998911792,92107,0
96658,3607,92116,zip,CA,CA,San Diego,"San Diego-Chula Vista-Carlsbad, CA",San Diego County,2025-03-31,2469.2511756551507,92116,0
96581,3914,92008,zip,CA,CA,Carlsbad,"San Diego-Chula Vista-Carlsbad, CA",San Diego County,2025-03-31,3004.284935607541,92008,0
96555,4492,91932,zip,CA,CA,Imperial Beach,"San Diego-Chula Vista-Carlsbad, CA",San Diego County,2025-03-31,2871.903304373475,91932,0
96584,5214,92011,zip,CA,CA,Carlsbad,"San Diego-Chula Vista-Carlsbad, CA",San Diego County,2025-03-31,3978.065024161318,92011,0
96650,5900,92108,zip,CA,CA,San Diego,"San Diego-Chula Vista-Carlsbad, CA",San Diego County,2025-03-31,3033.1093685039546,92108,0
96660,7608,92118,zip,CA,CA,Coronado,"San Diego-Chula Vista-Carlsbad, CA",San Diego County,2025-03-31,5073.146890243283,92118,0
96546,52,91911,zip,CA,CA,Chula Vista,"San Diego-Chula Vista-Carlsbad, CA",San Diego County,2025-04-30,2697.628207365612,91911,0
96690,61,92154,zip,CA,CA,San Diego,"San Diego-Chula Vista-Carlsbad, CA",San Diego County,2025-04-30,2895.4719401901352,92154,0
96545,153,91910,zip,CA,CA,Chula Vista,"San Diego-Chula Vista-Carlsbad, CA",San Diego County,2025-04-30,2532.270556739709,91910,0
96667,166,92126,zip,CA,CA,San Diego,"San Diego-Chula Vista-Carlsbad, CA",San Diego County,2025-04-30,2916.3003059978573,92126,1
96647,207,92105,zip,CA,CA,San Diego,"San Diego-Chula Vista-Carlsbad, CA",San Diego County,2025-04-30,2094.17835247892,92105,0
96589,396,92020,zip,CA,CA,El Cajon,"San Diego-Chula Vista-Carlsbad, CA",San Diego County,2025-04-30,2182.133336628612,92020,0
96657,414,92115,zip,CA,CA,San Diego,"San Diego-Chula Vista-Carlsbad, CA",San Diego County,2025-04-30,2536.589548193097,92115,0
96625,475,92071,zip,CA,CA,Santee,"San Diego-Chula Vista-Carlsbad, CA",San Diego County,2025-04-30,2828.594580605738,92071,0
96596,494,92027,zip,CA,CA,Escondido,"San Diego-Chula Vista-Carlsbad, CA",San Diego County,2025-04-30,2325.11601675395,92027,0
96671,599,92130,zip,CA,CA,San Diego,"San Diego-Chula Vista-Carlsbad, CA",San Diego County,2025-04-30,4030.2675280561607,92130,0
96670,651,92129,zip,CA,CA,San Diego,"San Diego-Chula Vista-Carlsbad, CA",San Diego County,2025-04-30,3556.6715643348894,92129,0
96612,655,92056,zip,CA,CA,Oceanside,"San Diego-Chula Vista-Carlsbad, CA",San Diego County,2025-04-30,2758.847151648073,92056,0
96613,662,92057,zip,CA,CA,Oceanside,"San Diego-Chula Vista-Carlsbad, CA",San Diego County,2025-04-30,2976.631711527959,92057,0
96548,676,91913,zip,CA,CA,Chula Vista,"San Diego-Chula Vista-Carlsbad, CA",San Diego County,2025-04-30,3205.452110969109,91913,0
96659,787,92117,zip,CA,CA,San Diego,"San Diego-Chula Vista-Carlsbad, CA",San Diego County,2025-04-30,2778.123232003083,92117,0
96593,834,92024,zip,CA,CA,Encinitas,"San Diego-Chula Vista-Carlsbad, CA",San Diego County,2025-04-30,3991.7350237626015,92024,0
96653,960,92111,zip,CA,CA,San Diego,"San Diego-Chula Vista-Carlsbad, CA",San Diego County,2025-04-30,2843.642950301191,92111,0
96668,995,92127,zip,CA,CA,San Diego,"San Diego-Chula Vista-Carlsbad, CA",San Diego County,2025-04-30,3531.3924095447783,92127,0
96629,996,92078,zip,CA,CA,San Marcos,"San Diego-Chula Vista-Carlsbad, CA",San Diego County,2025-04-30,3139.5342899389448,92078,0
96669,1063,92128,zip,CA,CA,San Diego,"San Diego-Chula Vista-Carlsbad, CA",San Diego County,2025-04-30,2957.314914166078,92128,0
96582,1105,92009,zip,CA,CA,Carlsbad,"San Diego-Chula Vista-Carlsbad, CA",San Diego County,2025-04-30,3639.5717123240856,92009,0
96646,1143,92104,zip,CA,CA,San Diego,"San Diego-Chula Vista-Carlsbad, CA",San Diego County,2025-04-30,2522.226739428136,92104,0
96664,1151,92122,zip,CA,CA,San Diego,"San Diego-Chula Vista-Carlsbad, CA",San Diego County,2025-04-30,3091.061316532066,92122,1
96623,1220,92069,zip,CA,CA,San Marcos,"San Diego-Chula Vista-Carlsbad, CA",San Diego County,2025-04-30,2882.4400651050846,92069,0
96651,1290,92109,zip,CA,CA,San Diego,"San Diego-Chula Vista-Carlsbad, CA",San Diego County,2025-04-30,3151.319638954527,92109,0
96643,1522,92101,zip,CA,CA,San Diego,"San Diego-Chula Vista-Carlsbad, CA",San Diego County,2025-04-30,2880.781214176664,92101,0
96644,1622,92102,zip,CA,CA,San Diego,"San Diego-Chula Vista-Carlsbad, CA",San Diego County,2025-04-30,2387.56549904404,92102,0
96560,1738,91942,zip,CA,CA,La Mesa,"San Diego-Chula Vista-Carlsbad, CA",San Diego County,2025-04-30,2580.0758981555746,91942,0
96610,2205,92054,zip,CA,CA,Oceanside,"San Diego-Chula Vista-Carlsbad, CA",San Diego County,2025-04-30,2959.272727797247,92054,0
96602,2270,92037,zip,CA,CA,San Diego,"San Diego-Chula Vista-Carlsbad, CA",San Diego County,2025-04-30,4125.420891411928,92037,1
96672,2406,92131,zip,CA,CA,San Diego,"San Diego-Chula Vista-Carlsbad, CA",San Diego County,2025-04-30,3408.5339947742423,92131,0
96645,2966,92103,zip,CA,CA,San Diego,"San Diego-Chula Vista-Carlsbad, CA",San Diego County,2025-04-30,2680.296685626055,92103,0
96652,3560,92110,zip,CA,CA,San Diego,"San Diego-Chula Vista-Carlsbad, CA",San Diego County,2025-04-30,2935.6772757464514,92110,0
96649,3605,92107,zip,CA,CA,San Diego,"San Diego-Chula Vista-Carlsbad, CA",San Diego County,2025-04-30,2843.6834573968868,92107,0
96658,3607,92116,zip,CA,CA,San Diego,"San Diego-Chula Vista-Carlsbad, CA",San Diego County,2025-04-30,2467.1092796767466,92116,0
96581,3914,92008,zip,CA,CA,Carlsbad,"San Diego-Chula Vista-Carlsbad, CA",San Diego County,2025-04-30,3021.959682300653,92008,0
96555,4492,91932,zip,CA,CA,Imperial Beach,"San Diego-Chula Vista-Carlsbad, CA",San Diego County,2025-04-30,2911.030539810779,91932,0
96584,5214,92011,zip,CA,CA,Carlsbad,"San Diego-Chula Vista-Carlsbad, CA",San Diego County,2025-04-30,4019.636834217261,92011,0
96650,5900,92108,zip,CA,CA,San Diego,"San Diego-Chula Vista-Carlsbad, CA",San Diego County,2025-04-30,3049.374723134062,92108,0
96660,7608,92118,zip,CA,CA,Coronado,"San Diego-Chula Vista-Carlsbad, CA",San Diego County,2025-04-30,5087.723617824376,92118,0
96546,52,91911,zip,CA,CA,Chula Vista,"San Diego-Chula Vista-Carlsbad, CA",San Diego County,2025-05-31,2740.733594526347,91911,0
96690,61,92154,zip,CA,CA,San Diego,"San Diego-Chula Vista-Carlsbad, CA",San Diego County,2025-05-31,2908.674285095404,92154,0
96545,153,91910,zip,CA,CA,Chula Vista,"San Diego-Chula Vista-Carlsbad, CA",San Diego County,2025-05-31,2563.493520641512,91910,0
96667,166,92126,zip,CA,CA,San Diego,"San Diego-Chula Vista-Carlsbad, CA",San Diego County,2025-05-31,2925.539234949159,92126,1
96647,207,92105,zip,CA,CA,San Diego,"San Diego-Chula Vista-Carlsbad, CA",San Diego County,2025-05-31,2102.9168241890384,92105,0
96589,396,92020,zip,CA,CA,El Cajon,"San Diego-Chula Vista-Carlsbad, CA",San Diego County,2025-05-31,2186.487707543736,92020,0
96657,414,92115,zip,CA,CA,San Diego,"San Diego-Chula Vista-Carlsbad, CA",San Diego County,2025-05-31,2542.6566139089573,92115,0
96625,475,92071,zip,CA,CA,Santee,"San Diego-Chula Vista-Carlsbad, CA",San Diego County,2025-05-31,2826.0298835203234,92071,0
96596,494,92027,zip,CA,CA,Escondido,"San Diego-Chula Vista-Carlsbad, CA",San Diego County,2025-05-31,2341.471673081209,92027,0
96671,599,92130,zip,CA,CA,San Diego,"San Diego-Chula Vista-Carlsbad, CA",San Diego County,2025-05-31,4075.686596812988,92130,0
96670,651,92129,zip,CA,CA,San Diego,"San Diego-Chula Vista-Carlsbad, CA",San Diego County,2025-05-31,3586.6222889924265,92129,0
96612,655,92056,zip,CA,CA,Oceanside,"San Diego-Chula Vista-Carlsbad, CA",San Diego County,2025-05-31,2784.2160898972124,92056,0
96613,662,92057,zip,CA,CA,Oceanside,"San Diego-Chula Vista-Carlsbad, CA",San Diego County,2025-05-31,3004.4507684207138,92057,0
96548,676,91913,zip,CA,CA,Chula Vista,"San Diego-Chula Vista-Carlsbad, CA",San Diego County,2025-05-31,3218.724662683926,91913,0
96659,787,92117,zip,CA,CA,San Diego,"San Diego-Chula Vista-Carlsbad, CA",San Diego County,2025-05-31,2788.520058554048,92117,0
96593,834,92024,zip,CA,CA,Encinitas,"San Diego-Chula Vista-Carlsbad, CA",San Diego County,2025-05-31,4007.313083384072,92024,0
96653,960,92111,zip,CA,CA,San Diego,"San Diego-Chula Vista-Carlsbad, CA",San Diego County,2025-05-31,2878.8615696286724,92111,0
96668,995,92127,zip,CA,CA,San Diego,"San Diego-Chula Vista-Carlsbad, CA",San Diego County,2025-05-31,3548.5857853442403,92127,0
96629,996,92078,zip,CA,CA,San Marcos,"San Diego-Chula Vista-Carlsbad, CA",San Diego County,2025-05-31,3149.187111433631,92078,0
96669,1063,92128,zip,CA,CA,San Diego,"San Diego-Chula Vista-Carlsbad, CA",San Diego County,2025-05-31,2984.785296191587,92128,0
96582,1105,92009,zip,CA,CA,Carlsbad,"San Diego-Chula Vista-Carlsbad, CA",San Diego County,2025-05-31,3649.00025401766,92009,0
96646,1143,92104,zip,CA,CA,San Diego,"San Diego-Chula Vista-Carlsbad, CA",San Diego County,2025-05-31,2528.3745188629896,92104,0
96664,1151,92122,zip,CA,CA,San Diego,"San Diego-Chula Vista-Carlsbad, CA",San Diego County,2025-05-31,3102.3592728284443,92122,1
96623,1220,92069,zip,CA,CA,San Marcos,"San Diego-Chula Vista-Carlsbad, CA",San Diego County,2025-05-31,2916.912906193765,92069,0
96651,1290,92109,zip,CA,CA,San Diego,"San Diego-Chula Vista-Carlsbad, CA",San Diego County,2025-05-31,3177.3176785127703,92109,0
96643,1522,92101,zip,CA,CA,San Diego,"San Diego-Chula Vista-Carlsbad, CA",San Diego County,2025-05-31,2880.5279680637727,92101,0
96644,1622,92102,zip,CA,CA,San Diego,"San Diego-Chula Vista-Carlsbad, CA",San Diego County,2025-05-31,2394.388720464319,92102,0
96560,1738,91942,zip,CA,CA,La Mesa,"San Diego-Chula Vista-Carlsbad, CA",San Diego County,2025-05-31,2561.8359284226217,91942,0
96610,2205,92054,zip,CA,CA,Oceanside,"San Diego-Chula Vista-Carlsbad, CA",San Diego County,2025-05-31,2953.949148370464,92054,0
96602,2270,92037,zip,CA,CA,San Diego,"San Diego-Chula Vista-Carlsbad, CA",San Diego County,2025-05-31,4185.39277591445,92037,1
96672,2406,92131,zip,CA,CA,San Diego,"San Diego-Chula Vista-Carlsbad, CA",San Diego County,2025-05-31,3417.5816358058823,92131,0
96645,2966,92103,zip,CA,CA,San Diego,"San Diego-Chula Vista-Carlsbad, CA",San Diego County,2025-05-31,2707.6901489274137,92103,0
96652,3560,92110,zip,CA,CA,San Diego,"San Diego-Chula Vista-Carlsbad, CA",San Diego County,2025-05-31,2946.796355880572,92110,0
96649,3605,92107,zip,CA,CA,San Diego,"San Diego-Chula Vista-Carlsbad, CA",San Diego County,2025-05-31,2808.499802542163,92107,0
96658,3607,92116,zip,CA,CA,San Diego,"San Diego-Chula Vista-Carlsbad, CA",San Diego County,2025-05-31,2479.714845209963,92116,0
96581,3914,92008,zip,CA,CA,Carlsbad,"San Diego-Chula Vista-Carlsbad, CA",San Diego County,2025-05-31,3053.6696196852936,92008,0
96555,4492,91932,zip,CA,CA,Imperial Beach,"San Diego-Chula Vista-Carlsbad, CA",San Diego County,2025-05-31,2934.0001053640112,91932,0
96584,5214,92011,zip,CA,CA,Carlsbad,"San Diego-Chula Vista-Carlsbad, CA",San Diego County,2025-05-31,4045.7158008392025,92011,0
96650,5900,92108,zip,CA,CA,San Diego,"San Diego-Chula Vista-Carlsbad, CA",San Diego County,2025-05-31,3043.9679728425563,92108,0
96660,7608,92118,zip,CA,CA,Coronado,"San Diego-Chula Vista-Carlsbad, CA",San Diego County,2025-05-31,5036.441018118285,92118,0
96546,52,91911,zip,CA,CA,Chula Vista,"San Diego-Chula Vista-Carlsbad, CA",San Diego County,2025-06-30,2721.4929332451857,91911,0
96690,61,92154,zip,CA,CA,San Diego,"San Diego-Chula Vista-Carlsbad, CA",San Diego County,2025-06-30,2917.047256992424,92154,0
96545,153,91910,zip,CA,CA,Chula Vista,"San Diego-Chula Vista-Carlsbad, CA",San Diego County,2025-06-30,2564.3697912774514,91910,0
96667,166,92126,zip,CA,CA,San Diego,"San Diego-Chula Vista-Carlsbad, CA",San Diego County,2025-06-30,2932.9674759089344,92126,1
96647,207,92105,zip,CA,CA,San Diego,"San Diego-Chula Vista-Carlsbad, CA",San Diego County,2025-06-30,2121.4137052398837,92105,0
96589,396,92020,zip,CA,CA,El Cajon,"San Diego-Chula Vista-Carlsbad, CA",San Diego County,2025-06-30,2177.842646202818,92020,0
96657,414,92115,zip,CA,CA,San Diego,"San Diego-Chula Vista-Carlsbad, CA",San Diego County,2025-06-30,2525.0932538776437,92115,0
96625,475,92071,zip,CA,CA,Santee,"San Diego-Chula Vista-Carlsbad, CA",San Diego County,2025-06-30,2837.391350573657,92071,0
96596,494,92027,zip,CA,CA,Escondido,"San Diego-Chula Vista-Carlsbad, CA",San Diego County,2025-06-30,2327.250072266292,92027,0
96671,599,92130,zip,CA,CA,San Diego,"San Diego-Chula Vista-Carlsbad, CA",San Diego County,2025-06-30,4101.960877969043,92130,0
96670,651,92129,zip,CA,CA,San Diego,"San Diego-Chula Vista-Carlsbad, CA",San Diego County,2025-06-30,3619.935549500972,92129,0
96612,655,92056,zip,CA,CA,Oceanside,"San Diego-Chula Vista-Carlsbad, CA",San Diego County,2025-06-30,2789.8080651970245,92056,0
96613,662,92057,zip,CA,CA,Oceanside,"San Diego-Chula Vista-Carlsbad, CA",San Diego County,2025-06-30,3022.044872748234,92057,0
96548,676,91913,zip,CA,CA,Chula Vista,"San Diego-Chula Vista-Carlsbad, CA",San Diego County,2025-06-30,3218.150923550953,91913,0
96659,787,92117,zip,CA,CA,San Diego,"San Diego-Chula Vista-Carlsbad, CA",San Diego County,2025-06-30,2806.561477166399,92117,0
96593,834,92024,zip,CA,CA,Encinitas,"San Diego-Chula Vista-Carlsbad, CA",San Diego County,2025-06-30,4027.148474894645,92024,0
96653,960,92111,zip,CA,CA,San Diego,"San Diego-Chula Vista-Carlsbad, CA",San Diego County,2025-06-30,2916.6526093659463,92111,0
96668,995,92127,zip,CA,CA,San Diego,"San Diego-Chula Vista-Carlsbad, CA",San Diego County,2025-06-30,3557.2901754714558,92127,0
96629,996,92078,zip,CA,CA,San Marcos,"San Diego-Chula Vista-Carlsbad, CA",San Diego County,2025-06-30,3188.879329941817,92078,0
96669,1063,92128,zip,CA,CA,San Diego,"San Diego-Chula Vista-Carlsbad, CA",San Diego County,2025-06-30,2982.6118923310737,92128,0
96582,1105,92009,zip,CA,CA,Carlsbad,"San Diego-Chula Vista-Carlsbad, CA",San Diego County,2025-06-30,3687.0487773266914,92009,0
96646,1143,92104,zip,CA,CA,San Diego,"San Diego-Chula Vista-Carlsbad, CA",San Diego County,2025-06-30,2542.76804712247,92104,0
96664,1151,92122,zip,CA,CA,San Diego,"San Diego-Chula Vista-Carlsbad, CA",San Diego County,2025-06-30,3123.8036165655044,92122,1
96623,1220,92069,zip,CA,CA,San Marcos,"San Diego-Chula Vista-Carlsbad, CA",San Diego County,2025-06-30,2927.6875093869394,92069,0
96651,1290,92109,zip,CA,CA,San Diego,"San Diego-Chula Vista-Carlsbad, CA",San Diego County,2025-06-30,3209.913399345712,92109,0
96643,1522,92101,zip,CA,CA,San Diego,"San Diego-Chula Vista-Carlsbad, CA",San Diego County,2025-06-30,2883.436851642501,92101,0
96644,1622,92102,zip,CA,CA,San Diego,"San Diego-Chula Vista-Carlsbad, CA",San Diego County,2025-06-30,2406.2532925680653,92102,0
96560,1738,91942,zip,CA,CA,La Mesa,"San Diego-Chula Vista-Carlsbad, CA",San Diego County,2025-06-30,2565.666236896428,91942,0
96610,2205,92054,zip,CA,CA,Oceanside,"San Diego-Chula Vista-Carlsbad, CA",San Diego County,2025-06-30,2990.903033247876,92054,0
96602,2270,92037,zip,CA,CA,San Diego,"San Diego-Chula Vista-Carlsbad, CA",San Diego County,2025-06-30,4233.618923376248,92037,1
96672,2406,92131,zip,CA,CA,San Diego,"San Diego-Chula Vista-Carlsbad, CA",San Diego County,2025-06-30,3460.078168823496,92131,0
96645,2966,92103,zip,CA,CA,San Diego,"San Diego-Chula Vista-Carlsbad, CA",San Diego County,2025-06-30,2729.654687814876,92103,0
96652,3560,92110,zip,CA,CA,San Diego,"San Diego-Chula Vista-Carlsbad, CA",San Diego County,2025-06-30,2964.310325073974,92110,0
96649,3605,92107,zip,CA,CA,San Diego,"San Diego-Chula Vista-Carlsbad, CA",San Diego County,2025-06-30,2825.7393922703463,92107,0
96658,3607,92116,zip,CA,CA,San Diego,"San Diego-Chula Vista-Carlsbad, CA",San Diego County,2025-06-30,2498.13301508994,92116,0
96581,3914,92008,zip,CA,CA,Carlsbad,"San Diego-Chula Vista-Carlsbad, CA",San Diego County,2025-06-30,3045.4312132674154,92008,0
96555,4492,91932,zip,CA,CA,Imperial Beach,"San Diego-Chula Vista-Carlsbad, CA",San Diego County,2025-06-30,2951.636390739992,91932,0
96584,5214,92011,zip,CA,CA,Carlsbad,"San Diego-Chula Vista-Carlsbad, CA",San Diego County,2025-06-30,4035.995379795384,92011,0
96650,5900,92108,zip,CA,CA,San Diego,"San Diego-Chula Vista-Carlsbad, CA",San Diego County,2025-06-30,3051.827689333561,92108,0
96660,7608,92118,zip,CA,CA,Coronado,"San Diego-Chula Vista-Carlsbad, CA",San Diego County,2025-06-30,5019.637443088292,92118,0
96546,52,91911,zip,CA,CA,Chula Vista,"San Diego-Chula Vista-Carlsbad, CA",San Diego County,2025-07-31,2741.4524005178937,91911,0
96690,61,92154,zip,CA,CA,San Diego,"San Diego-Chula Vista-Carlsbad, CA",San Diego County,2025-07-31,2890.264926135501,92154,0
96545,153,91910,zip,CA,CA,Chula Vista,"San Diego-Chula Vista-Carlsbad, CA",San Diego County,2025-07-31,2571.8647725932647,91910,0
96667,166,92126,zip,CA,CA,San Diego,"San Diego-Chula Vista-Carlsbad, CA",San Diego County,2025-07-31,2946.646500573656,92126,1
96647,207,92105,zip,CA,CA,San Diego,"San Diego-Chula Vista-Carlsbad, CA",San Diego County,2025-07-31,2123.919954089501,92105,0
96589,396,92020,zip,CA,CA,El Cajon,"San Diego-Chula Vista-Carlsbad, CA",San Diego County,2025-07-31,2200.222711046248,92020,0
96657,414,92115,zip,CA,CA,San Diego,"San Diego-Chula Vista-Carlsbad, CA",San Diego County,2025-07-31,2522.829295339203,92115,0
96625,475,92071,zip,CA,CA,Santee,"San Diego-Chula Vista-Carlsbad, CA",San Diego County,2025-07-31,2884.322104422956,92071,0
96596,494,92027,zip,CA,CA,Escondido,"San Diego-Chula Vista-Carlsbad, CA",San Diego County,2025-07-31,2367.6026646002465,92027,0
96671,599,92130,zip,CA,CA,San Diego,"San Diego-Chula Vista-Carlsbad, CA",San Diego County,2025-07-31,4112.3159388341455,92130,0
96670,651,92129,zip,CA,CA,San Diego,"San Diego-Chula Vista-Carlsbad, CA",San Diego County,2025-07-31,3611.339203435512,92129,0
96612,655,92056,zip,CA,CA,Oceanside,"San Diego-Chula Vista-Carlsbad, CA",San Diego County,2025-07-31,2803.022893324204,92056,0
96613,662,92057,zip,CA,CA,Oceanside,"San Diego-Chula Vista-Carlsbad, CA",San Diego County,2025-07-31,3037.9187654826183,92057,0
96548,676,91913,zip,CA,CA,Chula Vista,"San Diego-Chula Vista-Carlsbad, CA",San Diego County,2025-07-31,3244.269242255677,91913,0
96659,787,92117,zip,CA,CA,San Diego,"San Diego-Chula Vista-Carlsbad, CA",San Diego County,2025-07-31,2808.6614952913437,92117,0
96593,834,92024,zip,CA,CA,Encinitas,"San Diego-Chula Vista-Carlsbad, CA",San Diego County,2025-07-31,4029.264870099081,92024,0
96653,960,92111,zip,CA,CA,San Diego,"San Diego-Chula Vista-Carlsbad, CA",San Diego County,2025-07-31,2920.5193532725407,92111,0
96668,995,92127,zip,CA,CA,San Diego,"San Diego-Chula Vista-Carlsbad, CA",San Diego County,2025-07-31,3576.049231492451,92127,0
96629,996,92078,zip,CA,CA,San Marcos,"San Diego-Chula Vista-Carlsbad, CA",San Diego County,2025-07-31,3194.5545068550914,92078,0
96669,1063,92128,zip,CA,CA,San Diego,"San Diego-Chula Vista-Carlsbad, CA",San Diego County,2025-07-31,2996.103169636803,92128,0
96582,1105,92009,zip,CA,CA,Carlsbad,"San Diego-Chula Vista-Carlsbad, CA",San Diego County,2025-07-31,3608.242089902069,92009,0
96646,1143,92104,zip,CA,CA,San Diego,"San Diego-Chula Vista-Carlsbad, CA",San Diego County,2025-07-31,2545.898078241441,92104,0
96664,1151,92122,zip,CA,CA,San Diego,"San Diego-Chula Vista-Carlsbad, CA",San Diego County,2025-07-31,3130.2929820100926,92122,1
96623,1220,92069,zip,CA,CA,San Marcos,"San Diego-Chula Vista-Carlsbad, CA",San Diego County,2025-07-31,2921.6488228197377,92069,0
96651,1290,92109,zip,CA,CA,San Diego,"San Diego-Chula Vista-Carlsbad, CA",San Diego County,2025-07-31,3232.83299956284,92109,0
96643,1522,92101,zip,CA,CA,San Diego,"San Diego-Chula Vista-Carlsbad, CA",San Diego County,2025-07-31,2876.9265049209407,92101,0
96644,1622,92102,zip,CA,CA,San Diego,"San Diego-Chula Vista-Carlsbad, CA",San Diego County,2025-07-31,2423.29261604779,92102,0
96560,1738,91942,zip,CA,CA,La Mesa,"San Diego-Chula Vista-Carlsbad, CA",San Diego County,2025-07-31,2563.740322142168,91942,0
96610,2205,92054,zip,CA,CA,Oceanside,"San Diego-Chula Vista-Carlsbad, CA",San Diego County,2025-07-31,2989.3930622620305,92054,0
96602,2270,92037,zip,CA,CA,San Diego,"San Diego-Chula Vista-Carlsbad, CA",San Diego County,2025-07-31,4252.04638455989,92037,1
96672,2406,92131,zip,CA,CA,San Diego,"San Diego-Chula Vista-Carlsbad, CA",San Diego County,2025-07-31,3482.8752196230157,92131,0
96645,2966,92103,zip,CA,CA,San Diego,"San Diego-Chula Vista-Carlsbad, CA",San Diego County,2025-07-31,2733.52276253956,92103,0
96652,3560,92110,zip,CA,CA,San Diego,"San Diego-Chula Vista-Carlsbad, CA",San Diego County,2025-07-31,2971.6161319666235,92110,0
96649,3605,92107,zip,CA,CA,San Diego,"San Diego-Chula Vista-Carlsbad, CA",San Diego County,2025-07-31,2832.019747581801,92107,0
96658,3607,92116,zip,CA,CA,San Diego,"San Diego-Chula Vista-Carlsbad, CA",San Diego County,2025-07-31,2524.0135616825373,92116,0
96581,3914,92008,zip,CA,CA,Carlsbad,"San Diego-Chula Vista-Carlsbad, CA",San Diego County,2025-07-31,3062.648371650728,92008,0
96555,4492,91932,zip,CA,CA,Imperial Beach,"San Diego-Chula Vista-Carlsbad, CA",San Diego County,2025-07-31,2980.188329627257,91932,0
96584,5214,92011,zip,CA,CA,Carlsbad,"San Diego-Chula Vista-Carlsbad, CA",San Diego County,2025-07-31,4047.3922219838014,92011,0
96650,5900,92108,zip,CA,CA,San Diego,"San Diego-Chula Vista-Carlsbad, CA",San Diego County,2025-07-31,3054.456089423452,92108,0
96660,7608,92118,zip,CA,CA,Coronado,"San Diego-Chula Vista-Carlsbad, CA",San Diego County,2025-07-31,5155.448214261261,92118,0
96546,52,91911,zip,CA,CA,Chula Vista,"San Diego-Chula Vista-Carlsbad, CA",San Diego County,2025-08-31,2733.281815056127,91911,0
96690,61,92154,zip,CA,CA,San Diego,"San Diego-Chula Vista-Carlsbad, CA",San Diego County,2025-08-31,2896.603888244138,92154,0
96545,153,91910,zip,CA,CA,Chula Vista,"San Diego-Chula Vista-Carlsbad, CA",San Diego County,2025-08-31,2551.2949493966216,91910,0
96667,166,92126,zip,CA,CA,San Diego,"San Diego-Chula Vista-Carlsbad, CA",San Diego County,2025-08-31,2940.4726900251226,92126,1
96647,207,92105,zip,CA,CA,San Diego,"San Diego-Chula Vista-Carlsbad, CA",San Diego County,2025-08-31,2140.7509662061343,92105,0
96589,396,92020,zip,CA,CA,El Cajon,"San Diego-Chula Vista-Carlsbad, CA",San Diego County,2025-08-31,2209.8133993726224,92020,0
96657,414,92115,zip,CA,CA,San Diego,"San Diego-Chula Vista-Carlsbad, CA",San Diego County,2025-08-31,2526.148759631661,92115,0
96625,475,92071,zip,CA,CA,Santee,"San Diego-Chula Vista-Carlsbad, CA",San Diego County,2025-08-31,2898.247898853009,92071,0
96596,494,92027,zip,CA,CA,Escondido,"San Diego-Chula Vista-Carlsbad, CA",San Diego County,2025-08-31,2393.385169803005,92027,0
96671,599,92130,zip,CA,CA,San Diego,"San Diego-Chula Vista-Carlsbad, CA",San Diego County,2025-08-31,4109.643338098868,92130,0
96670,651,92129,zip,CA,CA,San Diego,"San Diego-Chula Vista-Carlsbad, CA",San Diego County,2025-08-31,3602.717954178805,92129,0
96612,655,92056,zip,CA,CA,Oceanside,"San Diego-Chula Vista-Carlsbad, CA",San Diego County,2025-08-31,2810.862723124208,92056,0
96613,662,92057,zip,CA,CA,Oceanside,"San Diego-Chula Vista-Carlsbad, CA",San Diego County,2025-08-31,3061.7056818268543,92057,0
96548,676,91913,zip,CA,CA,Chula Vista,"San Diego-Chula Vista-Carlsbad, CA",San Diego County,2025-08-31,3248.3674846862864,91913,0
96659,787,92117,zip,CA,CA,San Diego,"San Diego-Chula Vista-Carlsbad, CA",San Diego County,2025-08-31,2845.361924779855,92117,0
96593,834,92024,zip,CA,CA,Encinitas,"San Diego-Chula Vista-Carlsbad, CA",San Diego County,2025-08-31,4013.8884794824353,92024,0
96653,960,92111,zip,CA,CA,San Diego,"San Diego-Chula Vista-Carlsbad, CA",San Diego County,2025-08-31,2941.1925911674457,92111,0
96668,995,92127,zip,CA,CA,San Diego,"San Diego-Chula Vista-Carlsbad, CA",San Diego County,2025-08-31,3548.372452846734,92127,0
96629,996,92078,zip,CA,CA,San Marcos,"San Diego-Chula Vista-Carlsbad, CA",San Diego County,2025-08-31,3208.416008832298,92078,0
96669,1063,92128,zip,CA,CA,San Diego,"San Diego-Chula Vista-Carlsbad, CA",San Diego County,2025-08-31,3006.3716059714016,92128,0
96582,1105,92009,zip,CA,CA,Carlsbad,"San Diego-Chula Vista-Carlsbad, CA",San Diego County,2025-08-31,3592.246157459134,92009,0
96646,1143,92104,zip,CA,CA,San Diego,"San Diego-Chula Vista-Carlsbad, CA",San Diego County,2025-08-31,2568.260772261649,92104,0
96664,1151,92122,zip,CA,CA,San Diego,"San Diego-Chula Vista-Carlsbad, CA",San Diego County,2025-08-31,3135.1229304867816,92122,1
96623,1220,92069,zip,CA,CA,San Marcos,"San Diego-Chula Vista-Carlsbad, CA",San Diego County,2025-08-31,2910.6851825968365,92069,0
96651,1290,92109,zip,CA,CA,San Diego,"San Diego-Chula Vista-Carlsbad, CA",San Diego County,2025-08-31,3239.170072334864,92109,0
96643,1522,92101,zip,CA,CA,San Diego,"San Diego-Chula Vista-Carlsbad, CA",San Diego County,2025-08-31,2891.906880568723,92101,0
96644,1622,92102,zip,CA,CA,San Diego,"San Diego-Chula Vista-Carlsbad, CA",San Diego County,2025-08-31,2405.078990231185,92102,0
96560,1738,91942,zip,CA,CA,La Mesa,"San Diego-Chula Vista-Carlsbad, CA",San Diego County,2025-08-31,2604.527602380494,91942,0
96610,2205,92054,zip,CA,CA,Oceanside,"San Diego-Chula Vista-Carlsbad, CA",San Diego County,2025-08-31,3012.5469959266275,92054,0
96602,2270,92037,zip,CA,CA,San Diego,"San Diego-Chula Vista-Carlsbad, CA",San Diego County,2025-08-31,4207.412826073179,92037,1
96672,2406,92131,zip,CA,CA,San Diego,"San Diego-Chula Vista-Carlsbad, CA",San Diego County,2025-08-31,3492.1310677989404,92131,0
96645,2966,92103,zip,CA,CA,San Diego,"San Diego-Chula Vista-Carlsbad, CA",San Diego County,2025-08-31,2730.769069020685,92103,0
96652,3560,92110,zip,CA,CA,San Diego,"San Diego-Chula Vista-Carlsbad, CA",San Diego County,2025-08-31,2970.284419597157,92110,0
96649,3605,92107,zip,CA,CA,San Diego,"San Diego-Chula Vista-Carlsbad, CA",San Diego County,2025-08-31,2873.8280223866877,92107,0
96658,3607,92116,zip,CA,CA,San Diego,"San Diego-Chula Vista-Carlsbad, CA",San Diego County,2025-08-31,2528.792093674584,92116,0
96581,3914,92008,zip,CA,CA,Carlsbad,"San Diego-Chula Vista-Carlsbad, CA",San Diego County,2025-08-31,3057.5146812508497,92008,0
96555,4492,91932,zip,CA,CA,Imperial Beach,"San Diego-Chula Vista-Carlsbad, CA",San Diego County,2025-08-31,3028.7206893803987,91932,0
96584,5214,92011,zip,CA,CA,Carlsbad,"San Diego-Chula Vista-Carlsbad, CA",San Diego County,2025-08-31,4001.915970361018,92011,0
96650,5900,92108,zip,CA,CA,San Diego,"San Diego-Chula Vista-Carlsbad, CA",San Diego County,2025-08-31,3059.9741284757824,92108,0
96660,7608,92118,zip,CA,CA,Coronado,"San Diego-Chula Vista-Carlsbad, CA",San Diego County,2025-08-31,5127.260948546229,92118,0
96546,52,91911,zip,CA,CA,Chula Vista,"San Diego-Chula Vista-Carlsbad, CA",San Diego County,2025-09-30,2727.734685828053,91911,0
96690,61,92154,zip,CA,CA,San Diego,"San Diego-Chula Vista-Carlsbad, CA",San Diego County,2025-09-30,2885.2279426466403,92154,0
96545,153,91910,zip,CA,CA,Chula Vista,"San Diego-Chula Vista-Carlsbad, CA",San Diego County,2025-09-30,2542.1155242755,91910,0
96667,166,92126,zip,CA,CA,San Diego,"San Diego-Chula Vista-Carlsbad, CA",San Diego County,2025-09-30,2929.108300811921,92126,1
96647,207,92105,zip,CA,CA,San Diego,"San Diego-Chula Vista-Carlsbad, CA",San Diego County,2025-09-30,2139.8439405047607,92105,0
96589,396,92020,zip,CA,CA,El Cajon,"San Diego-Chula Vista-Carlsbad, CA",San Diego County,2025-09-30,2255.492556913797,92020,0
96657,414,92115,zip,CA,CA,San Diego,"San Diego-Chula Vista-Carlsbad, CA",San Diego County,2025-09-30,2583.1566325397757,92115,0
96625,475,92071,zip,CA,CA,Santee,"San Diego-Chula Vista-Carlsbad, CA",San Diego County,2025-09-30,2899.4560945147296,92071,0
96596,494,92027,zip,CA,CA,Escondido,"San Diego-Chula Vista-Carlsbad, CA",San Diego County,2025-09-30,2423.6383060314074,92027,0
96671,599,92130,zip,CA,CA,San Diego,"San Diego-Chula Vista-Carlsbad, CA",San Diego County,2025-09-30,4044.406320014691,92130,0
96670,651,92129,zip,CA,CA,San Diego,"San Diego-Chula Vista-Carlsbad, CA",San Diego County,2025-09-30,3582.0154540583926,92129,0
96612,655,92056,zip,CA,CA,Oceanside,"San Diego-Chula Vista-Carlsbad, CA",San Diego County,2025-09-30,2832.246876871723,92056,0
96613,662,92057,zip,CA,CA,Oceanside,"San Diego-Chula Vista-Carlsbad, CA",San Diego County,2025-09-30,3088.742403696849,92057,0
96548,676,91913,zip,CA,CA,Chula Vista,"San Diego-Chula Vista-Carlsbad, CA",San Diego County,2025-09-30,3231.6812245264746,91913,0
96659,787,92117,zip,CA,CA,San Diego,"San Diego-Chula Vista-Carlsbad, CA",San Diego County,2025-09-30,2802.5334099690044,92117,0
96593,834,92024,zip,CA,CA,Encinitas,"San Diego-Chula Vista-Carlsbad, CA",San Diego County,2025-09-30,4008.621057846726,92024,0
96653,960,92111,zip,CA,CA,San Diego,"San Diego-Chula Vista-Carlsbad, CA",San Diego County,2025-09-30,2929.057606872214,92111,0
96668,995,92127,zip,CA,CA,San Diego,"San Diego-Chula Vista-Carlsbad, CA",San Diego County,2025-09-30,3534.6628824055406,92127,0
96629,996,92078,zip,CA,CA,San Marcos,"San Diego-Chula Vista-Carlsbad, CA",San Diego County,2025-09-30,3211.890566285917,92078,0
96669,1063,92128,zip,CA,CA,San Diego,"San Diego-Chula Vista-Carlsbad, CA",San Diego County,2025-09-30,2994.556528897208,92128,0
96582,1105,92009,zip,CA,CA,Carlsbad,"San Diego-Chula Vista-Carlsbad, CA",San Diego County,2025-09-30,3566.578812409797,92009,0
96646,1143,92104,zip,CA,CA,San Diego,"San Diego-Chula Vista-Carlsbad, CA",San Diego County,2025-09-30,2566.118621998488,92104,0
96664,1151,92122,zip,CA,CA,San Diego,"San Diego-Chula Vista-Carlsbad, CA",San Diego County,2025-09-30,3128.6229518661503,92122,1
96623,1220,92069,zip,CA,CA,San Marcos,"San Diego-Chula Vista-Carlsbad, CA",San Diego County,2025-09-30,2916.04614004548,92069,0
96651,1290,92109,zip,CA,CA,San Diego,"San Diego-Chula Vista-Carlsbad, CA",San Diego County,2025-09-30,3229.3827926801746,92109,0
96643,1522,92101,zip,CA,CA,San Diego,"San Diego-Chula Vista-Carlsbad, CA",San Diego County,2025-09-30,2894.1279532269887,92101,0
96644,1622,92102,zip,CA,CA,San Diego,"San Diego-Chula Vista-Carlsbad, CA",San Diego County,2025-09-30,2388.773742162483,92102,0
96560,1738,91942,zip,CA,CA,La Mesa,"San Diego-Chula Vista-Carlsbad, CA",San Diego County,2025-09-30,2612.2668213931565,91942,0
96610,2205,92054,zip,CA,CA,Oceanside,"San Diego-Chula Vista-Carlsbad, CA",San Diego County,2025-09-30,3005.0281093766207,92054,0
96602,2270,92037,zip,CA,CA,San Diego,"San Diego-Chula Vista-Carlsbad, CA",San Diego County,2025-09-30,4200.305770950678,92037,1
96672,2406,92131,zip,CA,CA,San Diego,"San Diego-Chula Vista-Carlsbad, CA",San Diego County,2025-09-30,3458.268312462897,92131,0
96645,2966,92103,zip,CA,CA,San Diego,"San Diego-Chula Vista-Carlsbad, CA",San Diego County,2025-09-30,2725.9986998753225,92103,0
96652,3560,92110,zip,CA,CA,San Diego,"San Diego-Chula Vista-Carlsbad, CA",San Diego County,2025-09-30,2966.397765620699,92110,0
96649,3605,92107,zip,CA,CA,San Diego,"San Diego-Chula Vista-Carlsbad, CA",San Diego County,2025-09-30,2874.5174038567548,92107,0
96658,3607,92116,zip,CA,CA,San Diego,"San Diego-Chula Vista-Carlsbad, CA",San Diego County,2025-09-30,2521.85789794633,92116,0
96581,3914,92008,zip,CA,CA,Carlsbad,"San Diego-Chula Vista-Carlsbad, CA",San Diego County,2025-09-30,3089.220601207553,92008,0
96555,4492,91932,zip,CA,CA,Imperial Beach,"San Diego-Chula Vista-Carlsbad, CA",San Diego County,2025-09-30,3064.7253546566003,91932,0
96584,5214,92011,zip,CA,CA,Carlsbad,"San Diego-Chula Vista-Carlsbad, CA",San Diego County,2025-09-30,3984.72717997729,92011,0
96650,5900,92108,zip,CA,CA,San Diego,"San Diego-Chula Vista-Carlsbad, CA",San Diego County,2025-09-30,3037.175900963366,92108,0
96660,7608,92118,zip,CA,CA,Coronado,"San Diego-Chula Vista-Carlsbad, CA",San Diego County,2025-09-30,5252.427795536404,92118,0
96546,52,91911,zip,CA,CA,Chula Vista,"San Diego-Chula Vista-Carlsbad, CA",San Diego County,2025-10-31,2748.912037664389,91911,0
96690,61,92154,zip,CA,CA,San Diego,"San Diego-Chula Vista-Carlsbad, CA",San Diego County,2025-10-31,2919.430023847539,92154,0
96545,153,91910,zip,CA,CA,Chula Vista,"San Diego-Chula Vista-Carlsbad, CA",San Diego County,2025-10-31,2541.4691426284217,91910,0
96667,166,92126,zip,CA,CA,San Diego,"San Diego-Chula Vista-Carlsbad, CA",San Diego County,2025-10-31,2892.6091107553425,92126,1
96647,207,92105,zip,CA,CA,San Diego,"San Diego-Chula Vista-Carlsbad, CA",San Diego County,2025-10-31,2142.911233372601,92105,0
96589,396,92020,zip,CA,CA,El Cajon,"San Diego-Chula Vista-Carlsbad, CA",San Diego County,2025-10-31,2250.2656618680226,92020,0
96657,414,92115,zip,CA,CA,San Diego,"San Diego-Chula Vista-Carlsbad, CA",San Diego County,2025-10-31,2630.2057207406515,92115,0
96625,475,92071,zip,CA,CA,Santee,"San Diego-Chula Vista-Carlsbad, CA",San Diego County,2025-10-31,2901.563951100515,92071,0
96596,494,92027,zip,CA,CA,Escondido,"San Diego-Chula Vista-Carlsbad, CA",San Diego County,2025-10-31,2358.560161762125,92027,0
96671,599,92130,zip,CA,CA,San Diego,"San Diego-Chula Vista-Carlsbad, CA",San Diego County,2025-10-31,4019.725887182712,92130,0
96670,651,92129,zip,CA,CA,San Diego,"San Diego-Chula Vista-Carlsbad, CA",San Diego County,2025-10-31,3567.47015048004,92129,0
96612,655,92056,zip,CA,CA,Oceanside,"San Diego-Chula Vista-Carlsbad, CA",San Diego County,2025-10-31,2825.4311802960847,92056,0
96613,662,92057,zip,CA,CA,Oceanside,"San Diego-Chula Vista-Carlsbad, CA",San Diego County,2025-10-31,3069.234426202689,92057,0
96548,676,91913,zip,CA,CA,Chula Vista,"San Diego-Chula Vista-Carlsbad, CA",San Diego County,2025-10-31,3210.7579988617986,91913,0
96659,787,92117,zip,CA,CA,San Diego,"San Diego-Chula Vista-Carlsbad, CA",San Diego County,2025-10-31,2787.680986043694,92117,0
96593,834,92024,zip,CA,CA,Encinitas,"San Diego-Chula Vista-Carlsbad, CA",San Diego County,2025-10-31,3987.418844134529,92024,0
96653,960,92111,zip,CA,CA,San Diego,"San Diego-Chula Vista-Carlsbad, CA",San Diego County,2025-10-31,2875.55647913544,92111,0
96668,995,92127,zip,CA,CA,San Diego,"San Diego-Chula Vista-Carlsbad, CA",San Diego County,2025-10-31,3487.7566879297588,92127,0
96629,996,92078,zip,CA,CA,San Marcos,"San Diego-Chula Vista-Carlsbad, CA",San Diego County,2025-10-31,3227.4379709540667,92078,0
96669,1063,92128,zip,CA,CA,San Diego,"San Diego-Chula Vista-Carlsbad, CA",San Diego County,2025-10-31,2955.706706794331,92128,0
96582,1105,92009,zip,CA,CA,Carlsbad,"San Diego-Chula Vista-Carlsbad, CA",San Diego County,2025-10-31,3567.8523803365115,92009,0
96646,1143,92104,zip,CA,CA,San Diego,"San Diego-Chula Vista-Carlsbad, CA",San Diego County,2025-10-31,2554.4916581129264,92104,0
96664,1151,92122,zip,CA,CA,San Diego,"San Diego-Chula Vista-Carlsbad, CA",San Diego County,2025-10-31,3158.867567501778,92122,1
96623,1220,92069,zip,CA,CA,San Marcos,"San Diego-Chula Vista-Carlsbad, CA",San Diego County,2025-10-31,2925.15996305742,92069,0
96651,1290,92109,zip,CA,CA,San Diego,"San Diego-Chula Vista-Carlsbad, CA",San Diego County,2025-10-31,3208.9365480843144,92109,0
96643,1522,92101,zip,CA,CA,San Diego,"San Diego-Chula Vista-Carlsbad, CA",San Diego County,2025-10-31,2896.8044074110294,92101,0
96644,1622,92102,zip,CA,CA,San Diego,"San Diego-Chula Vista-Carlsbad, CA",San Diego County,2025-10-31,2364.4989547523514,92102,0
96560,1738,91942,zip,CA,CA,La Mesa,"San Diego-Chula Vista-Carlsbad, CA",San Diego County,2025-10-31,2621.0705200033526,91942,0
96610,2205,92054,zip,CA,CA,Oceanside,"San Diego-Chula Vista-Carlsbad, CA",San Diego County,2025-10-31,3041.179306294782,92054,0
96602,2270,92037,zip,CA,CA,San Diego,"San Diego-Chula Vista-Carlsbad, CA",San Diego County,2025-10-31,4209.057244672521,92037,1
96672,2406,92131,zip,CA,CA,San Diego,"San Diego-Chula Vista-Carlsbad, CA",San Diego County,2025-10-31,3424.2023859898773,92131,0
96645,2966,92103,zip,CA,CA,San Diego,"San Diego-Chula Vista-Carlsbad, CA",San Diego County,2025-10-31,2719.7270581039743,92103,0
96652,3560,92110,zip,CA,CA,San Diego,"San Diego-Chula Vista-Carlsbad, CA",San Diego County,2025-10-31,2954.104827843749,92110,0
96649,3605,92107,zip,CA,CA,San Diego,"San Diego-Chula Vista-Carlsbad, CA",San Diego County,2025-10-31,2894.462201666008,92107,0
96658,3607,92116,zip,CA,CA,San Diego,"San Diego-Chula Vista-Carlsbad, CA",San Diego County,2025-10-31,2515.0002430661903,92116,0
96581,3914,92008,zip,CA,CA,Carlsbad,"San Diego-Chula Vista-Carlsbad, CA",San Diego County,2025-10-31,3072.945324245971,92008,0
96555,4492,91932,zip,CA,CA,Imperial Beach,"San Diego-Chula Vista-Carlsbad, CA",San Diego County,2025-10-31,3012.218660441755,91932,0
96584,5214,92011,zip,CA,CA,Carlsbad,"San Diego-Chula Vista-Carlsbad, CA",San Diego County,2025-10-31,3966.531217385517,92011,0
96650,5900,92108,zip,CA,CA,San Diego,"San Diego-Chula Vista-Carlsbad, CA",San Diego County,2025-10-31,3026.830386821045,92108,0
96660,7608,92118,zip,CA,CA,Coronado,"San Diego-Chula Vista-Carlsbad, CA",San Diego County,2025-10-31,5130.240727730647,92118,0
96546,52,91911,zip,CA,CA,Chula Vista,"San Diego-Chula Vista-Carlsbad, CA",San Diego County,2025-11-30,2732.306607425038,91911,0
96690,61,92154,zip,CA,CA,San Diego,"San Diego-Chula Vista-Carlsbad, CA",San Diego County,2025-11-30,2887.1747770522297,92154,0
96545,153,91910,zip,CA,CA,Chula Vista,"San Diego-Chula Vista-Carlsbad, CA",San Diego County,2025-11-30,2539.4404775302205,91910,0
96667,166,92126,zip,CA,CA,San Diego,"San Diego-Chula Vista-Carlsbad, CA",San Diego County,2025-11-30,2886.8139775173604,92126,1
96647,207,92105,zip,CA,CA,San Diego,"San Diego-Chula Vista-Carlsbad, CA",San Diego County,2025-11-30,2138.537152651504,92105,0
96589,396,92020,zip,CA,CA,El Cajon,"San Diego-Chula Vista-Carlsbad, CA",San Diego County,2025-11-30,2236.690512399592,92020,0
96657,414,92115,zip,CA,CA,San Diego,"San Diego-Chula Vista-Carlsbad, CA",San Diego County,2025-11-30,2641.2321745233394,92115,0
96625,475,92071,zip,CA,CA,Santee,"San Diego-Chula Vista-Carlsbad, CA",San Diego County,2025-11-30,2902.7459650825176,92071,0
96596,494,92027,zip,CA,CA,Escondido,"San Diego-Chula Vista-Carlsbad, CA",San Diego County,2025-11-30,2254.442268704945,92027,0
96671,599,92130,zip,CA,CA,San Diego,"San Diego-Chula Vista-Carlsbad, CA",San Diego County,2025-11-30,3967.271520923868,92130,0
96670,651,92129,zip,CA,CA,San Diego,"San Diego-Chula Vista-Carlsbad, CA",San Diego County,2025-11-30,3543.184960731537,92129,0
96612,655,92056,zip,CA,CA,Oceanside,"San Diego-Chula Vista-Carlsbad, CA",San Diego County,2025-11-30,2797.3270528976823,92056,0
96613,662,92057,zip,CA,CA,Oceanside,"San Diego-Chula Vista-Carlsbad, CA",San Diego County,2025-11-30,3030.141018707088,92057,0
96548,676,91913,zip,CA,CA,Chula Vista,"San Diego-Chula Vista-Carlsbad, CA",San Diego County,2025-11-30,3170.727742177874,91913,0
96659,787,92117,zip,CA,CA,San Diego,"San Diego-Chula Vista-Carlsbad, CA",San Diego County,2025-11-30,2761.344072217548,92117,0
96593,834,92024,zip,CA,CA,Encinitas,"San Diego-Chula Vista-Carlsbad, CA",San Diego County,2025-11-30,4005.445341051953,92024,0
96653,960,92111,zip,CA,CA,San Diego,"San Diego-Chula Vista-Carlsbad, CA",San Diego County,2025-11-30,2825.707665885002,92111,0
96668,995,92127,zip,CA,CA,San Diego,"San Diego-Chula Vista-Carlsbad, CA",San Diego County,2025-11-30,3493.3414848373445,92127,0
96629,996,92078,zip,CA,CA,San Marcos,"San Diego-Chula Vista-Carlsbad, CA",San Diego County,2025-11-30,3272.938879878423,92078,0
96669,1063,92128,zip,CA,CA,San Diego,"San Diego-Chula Vista-Carlsbad, CA",San Diego County,2025-11-30,2931.063417250626,92128,0
96582,1105,92009,zip,CA,CA,Carlsbad,"San Diego-Chula Vista-Carlsbad, CA",San Diego County,2025-11-30,3633.089369302066,92009,0
96646,1143,92104,zip,CA,CA,San Diego,"San Diego-Chula Vista-Carlsbad, CA",San Diego County,2025-11-30,2534.571316980376,92104,0
96664,1151,92122,zip,CA,CA,San Diego,"San Diego-Chula Vista-Carlsbad, CA",San Diego County,2025-11-30,3158.321776504695,92122,1
96623,1220,92069,zip,CA,CA,San Marcos,"San Diego-Chula Vista-Carlsbad, CA",San Diego County,2025-11-30,2915.0650554378826,92069,0
96651,1290,92109,zip,CA,CA,San Diego,"San Diego-Chula Vista-Carlsbad, CA",San Diego County,2025-11-30,3181.534322934067,92109,0
96643,1522,92101,zip,CA,CA,San Diego,"San Diego-Chula Vista-Carlsbad, CA",San Diego County,2025-11-30,2871.083843971616,92101,0
96644,1622,92102,zip,CA,CA,San Diego,"San Diego-Chula Vista-Carlsbad, CA",San Diego County,2025-11-30,2361.696448744984,92102,0
96560,1738,91942,zip,CA,CA,La Mesa,"San Diego-Chula Vista-Carlsbad, CA",San Diego County,2025-11-30,2585.605369061513,91942,0
96610,2205,92054,zip,CA,CA,Oceanside,"San Diego-Chula Vista-Carlsbad, CA",San Diego County,2025-11-30,3024.9510346084344,92054,0
96602,2270,92037,zip,CA,CA,San Diego,"San Diego-Chula Vista-Carlsbad, CA",San Diego County,2025-11-30,4247.11726155324,92037,1
96672,2406,92131,zip,CA,CA,San Diego,"San Diego-Chula Vista-Carlsbad, CA",San Diego County,2025-11-30,3386.52769198058,92131,0
96645,2966,92103,zip,CA,CA,San Diego,"San Diego-Chula Vista-Carlsbad, CA",San Diego County,2025-11-30,2690.8460867726985,92103,0
96652,3560,92110,zip,CA,CA,San Diego,"San Diego-Chula Vista-Carlsbad, CA",San Diego County,2025-11-30,2925.4100755550467,92110,0
96649,3605,92107,zip,CA,CA,San Diego,"San Diego-Chula Vista-Carlsbad, CA",San Diego County,2025-11-30,2887.078631377404,92107,0
96658,3607,92116,zip,CA,CA,San Diego,"San Diego-Chula Vista-Carlsbad, CA",San Diego County,2025-11-30,2507.993297867601,92116,0
96581,3914,92008,zip,CA,CA,Carlsbad,"San Diego-Chula Vista-Carlsbad, CA",San Diego County,2025-11-30,3075.7936252445606,92008,0
96555,4492,91932,zip,CA,CA,Imperial Beach,"San Diego-Chula Vista-Carlsbad, CA",San Diego County,2025-11-30,2915.204567376601,91932,0
96584,5214,92011,zip,CA,CA,Carlsbad,"San Diego-Chula Vista-Carlsbad, CA",San Diego County,2025-11-30,3988.9704126418337,92011,0
96650,5900,92108,zip,CA,CA,San Diego,"San Diego-Chula Vista-Carlsbad, CA",San Diego County,2025-11-30,2998.6223492704844,92108,0
96660,7608,92118,zip,CA,CA,Coronado,"San Diego-Chula Vista-Carlsbad, CA",San Diego County,2025-11-30,5182.825693180235,92118,0
96546,52,91911,zip,CA,CA,Chula Vista,"San Diego-Chula Vista-Carlsbad, CA",San Diego County,2025-12-31,2724.7470624399407,91911,0
96690,61,92154,zip,CA,CA,San Diego,"San Diego-Chula Vista-Carlsbad, CA",San Diego County,2025-12-31,2897.006607420856,92154,0
96545,153,91910,zip,CA,CA,Chula Vista,"San Diego-Chula Vista-Carlsbad, CA",San Diego County,2025-12-31,2529.0542466635948,91910,0
96667,166,92126,zip,CA,CA,San Diego,"San Diego-Chula Vista-Carlsbad, CA",San Diego County,2025-12-31,2873.148781015618,92126,1
96647,207,92105,zip,CA,CA,San Diego,"San Diego-Chula Vista-Carlsbad, CA",San Diego County,2025-12-31,2136.8997384844374,92105,0
96589,396,92020,zip,CA,CA,El Cajon,"San Diego-Chula Vista-Carlsbad, CA",San Diego County,2025-12-31,2204.5354400079264,92020,0
96657,414,92115,zip,CA,CA,San Diego,"San Diego-Chula Vista-Carlsbad, CA",San Diego County,2025-12-31,2613.1977240258425,92115,0
96625,475,92071,zip,CA,CA,Santee,"San Diego-Chula Vista-Carlsbad, CA",San Diego County,2025-12-31,2880.3916707454496,92071,0
96596,494,92027,zip,CA,CA,Escondido,"San Diego-Chula Vista-Carlsbad, CA",San Diego County,2025-12-31,2231.544469617578,92027,0
96671,599,92130,zip,CA,CA,San Diego,"San Diego-Chula Vista-Carlsbad, CA",San Diego County,2025-12-31,3985.45524129423,92130,0
96670,651,92129,zip,CA,CA,San Diego,"San Diego-Chula Vista-Carlsbad, CA",San Diego County,2025-12-31,3546.385410953673,92129,0
96612,655,92056,zip,CA,CA,Oceanside,"San Diego-Chula Vista-Carlsbad, CA",San Diego County,2025-12-31,2786.286695044186,92056,0
96613,662,92057,zip,CA,CA,Oceanside,"San Diego-Chula Vista-Carlsbad, CA",San Diego County,2025-12-31,3000.7712253235863,92057,0
96548,676,91913,zip,CA,CA,Chula Vista,"San Diego-Chula Vista-Carlsbad, CA",San Diego County,2025-12-31,3150.5608680175865,91913,0
96659,787,92117,zip,CA,CA,San Diego,"San Diego-Chula Vista-Carlsbad, CA",San Diego County,2025-12-31,2779.0446760313607,92117,0
96593,834,92024,zip,CA,CA,Encinitas,"San Diego-Chula Vista-Carlsbad, CA",San Diego County,2025-12-31,4030.2852212555895,92024,0
96653,960,92111,zip,CA,CA,San Diego,"San Diego-Chula Vista-Carlsbad, CA",San Diego County,2025-12-31,2812.039201744402,92111,0
96668,995,92127,zip,CA,CA,San Diego,"San Diego-Chula Vista-Carlsbad, CA",San Diego County,2025-12-31,3482.6845706010413,92127,0
96629,996,92078,zip,CA,CA,San Marcos,"San Diego-Chula Vista-Carlsbad, CA",San Diego County,2025-12-31,3257.507336330873,92078,0
96669,1063,92128,zip,CA,CA,San Diego,"San Diego-Chula Vista-Carlsbad, CA",San Diego County,2025-12-31,2922.8200257151616,92128,0
96582,1105,92009,zip,CA,CA,Carlsbad,"San Diego-Chula Vista-Carlsbad, CA",San Diego County,2025-12-31,3623.961539067062,92009,0
96646,1143,92104,zip,CA,CA,San Diego,"San Diego-Chula Vista-Carlsbad, CA",San Diego County,2025-12-31,2512.729560136856,92104,0
96664,1151,92122,zip,CA,CA,San Diego,"San Diego-Chula Vista-Carlsbad, CA",San Diego County,2025-12-31,3147.5052509851826,92122,1
96623,1220,92069,zip,CA,CA,San Marcos,"San Diego-Chula Vista-Carlsbad, CA",San Diego County,2025-12-31,2909.877926794896,92069,0
96651,1290,92109,zip,CA,CA,San Diego,"San Diego-Chula Vista-Carlsbad, CA",San Diego County,2025-12-31,3178.303853818404,92109,0
96643,1522,92101,zip,CA,CA,San Diego,"San Diego-Chula Vista-Carlsbad, CA",San Diego County,2025-12-31,2863.5812000917526,92101,0
96644,1622,92102,zip,CA,CA,San Diego,"San Diego-Chula Vista-Carlsbad, CA",San Diego County,2025-12-31,2365.578732747464,92102,0
96560,1738,91942,zip,CA,CA,La Mesa,"San Diego-Chula Vista-Carlsbad, CA",San Diego County,2025-12-31,2563.254423008033,91942,0
96610,2205,92054,zip,CA,CA,Oceanside,"San Diego-Chula Vista-Carlsbad, CA",San Diego County,2025-12-31,3000.639190648252,92054,0
96602,2270,92037,zip,CA,CA,San Diego,"San Diego-Chula Vista-Carlsbad, CA",San Diego County,2025-12-31,4285.437538228178,92037,1
96672,2406,92131,zip,CA,CA,San Diego,"San Diego-Chula Vista-Carlsbad, CA",San Diego County,2025-12-31,3369.982552839782,92131,0
96645,2966,92103,zip,CA,CA,San Diego,"San Diego-Chula Vista-Carlsbad, CA",San Diego County,2025-12-31,2678.2794120068465,92103,0
96652,3560,92110,zip,CA,CA,San Diego,"San Diego-Chula Vista-Carlsbad, CA",San Diego County,2025-12-31,2886.192900142117,92110,0
96649,3605,92107,zip,CA,CA,San Diego,"San Diego-Chula Vista-Carlsbad, CA",San Diego County,2025-12-31,2884.884964292055,92107,0
96658,3607,92116,zip,CA,CA,San Diego,"San Diego-Chula Vista-Carlsbad, CA",San Diego County,2025-12-31,2510.3045559599186,92116,0
96581,3914,92008,zip,CA,CA,Carlsbad,"San Diego-Chula Vista-Carlsbad, CA",San Diego County,2025-12-31,3043.7335436181,92008,0
96555,4492,91932,zip,CA,CA,Imperial Beach,"San Diego-Chula Vista-Carlsbad, CA",San Diego County,2025-12-31,2893.048197087064,91932,0
96584,5214,92011,zip,CA,CA,Carlsbad,"San Diego-Chula Vista-Carlsbad, CA",San Diego County,2025-12-31,4055.653700793057,92011,0
96650,5900,92108,zip,CA,CA,San Diego,"San Diego-Chula Vista-Carlsbad, CA",San Diego County,2025-12-31,3005.9539737530395,92108,0
96660,7608,92118,zip,CA,CA,Coronado,"San Diego-Chula Vista-Carlsbad, CA",San Diego County,2025-12-31,5110.488288631456,92118,0
96546,52,91911,zip,CA,CA,Chula Vista,"San Diego-Chula Vista-Carlsbad, CA",San Diego County,2026-01-31,2674.424822047531,91911,0
96690,61,92154,zip,CA,CA,San Diego,"San Diego-Chula Vista-Carlsbad, CA",San Diego County,2026-01-31,2896.0926798493924,92154,0
96545,153,91910,zip,CA,CA,Chula Vista,"San Diego-Chula Vista-Carlsbad, CA",San Diego County,2026-01-31,2544.166814875994,91910,0
96667,166,92126,zip,CA,CA,San Diego,"San Diego-Chula Vista-Carlsbad, CA",San Diego County,2026-01-31,2889.110252344057,92126,1
96647,207,92105,zip,CA,CA,San Diego,"San Diego-Chula Vista-Carlsbad, CA",San Diego County,2026-01-31,2138.6020833267585,92105,0
96589,396,92020,zip,CA,CA,El Cajon,"San Diego-Chula Vista-Carlsbad, CA",San Diego County,2026-01-31,2209.265728556644,92020,0
96657,414,92115,zip,CA,CA,San Diego,"San Diego-Chula Vista-Carlsbad, CA",San Diego County,2026-01-31,2620.909587887168,92115,0
96625,475,92071,zip,CA,CA,Santee,"San Diego-Chula Vista-Carlsbad, CA",San Diego County,2026-01-31,2853.5937083177605,92071,0
96596,494,92027,zip,CA,CA,Escondido,"San Diego-Chula Vista-Carlsbad, CA",San Diego County,2026-01-31,2244.856836092209,92027,0
96671,599,92130,zip,CA,CA,San Diego,"San Diego-Chula Vista-Carlsbad, CA",San Diego County,2026-01-31,3962.475271831581,92130,0
96670,651,92129,zip,CA,CA,San Diego,"San Diego-Chula Vista-Carlsbad, CA",San Diego County,2026-01-31,3585.589753798392,92129,0
96612,655,92056,zip,CA,CA,Oceanside,"San Diego-Chula Vista-Carlsbad, CA",San Diego County,2026-01-31,2788.05366150509,92056,0
96613,662,92057,zip,CA,CA,Oceanside,"San Diego-Chula Vista-Carlsbad, CA",San Diego County,2026-01-31,3014.3620702719804,92057,0
96548,676,91913,zip,CA,CA,Chula Vista,"San Diego-Chula Vista-Carlsbad, CA",San Diego County,2026-01-31,3157.6368079359754,91913,0
96659,787,92117,zip,CA,CA,San Diego,"San Diego-Chula Vista-Carlsbad, CA",San Diego County,2026-01-31,2778.312384439362,92117,0
96593,834,92024,zip,CA,CA,Encinitas,"San Diego-Chula Vista-Carlsbad, CA",San Diego County,2026-01-31,4053.576636613412,92024,0
96653,960,92111,zip,CA,CA,San Diego,"San Diego-Chula Vista-Carlsbad, CA",San Diego County,2026-01-31,2844.614000037062,92111,0
96668,995,92127,zip,CA,CA,San Diego,"San Diego-Chula Vista-Carlsbad, CA",San Diego County,2026-01-31,3511.242435053264,92127,0
96629,996,92078,zip,CA,CA,San Marcos,"San Diego-Chula Vista-Carlsbad, CA",San Diego County,2026-01-31,3222.233133684131,92078,0
96669,1063,92128,zip,CA,CA,San Diego,"San Diego-Chula Vista-Carlsbad, CA",San Diego County,2026-01-31,2952.076560330197,92128,0
96582,1105,92009,zip,CA,CA,Carlsbad,"San Diego-Chula Vista-Carlsbad, CA",San Diego County,2026-01-31,3686.923506661865,92009,0
96646,1143,92104,zip,CA,CA,San Diego,"San Diego-Chula Vista-Carlsbad, CA",San Diego County,2026-01-31,2517.285848643509,92104,0
96664,1151,92122,zip,CA,CA,San Diego,"San Diego-Chula Vista-Carlsbad, CA",San Diego County,2026-01-31,3104.036753652113,92122,1
96623,1220,92069,zip,CA,CA,San Marcos,"San Diego-Chula Vista-Carlsbad, CA",San Diego County,2026-01-31,2887.6919495370325,92069,0
96651,1290,92109,zip,CA,CA,San Diego,"San Diego-Chula Vista-Carlsbad, CA",San Diego County,2026-01-31,3182.2975255165497,92109,0
96643,1522,92101,zip,CA,CA,San Diego,"San Diego-Chula Vista-Carlsbad, CA",San Diego County,2026-01-31,2868.2840466572134,92101,0
96644,1622,92102,zip,CA,CA,San Diego,"San Diego-Chula Vista-Carlsbad, CA",San Diego County,2026-01-31,2378.4190721588093,92102,0
96560,1738,91942,zip,CA,CA,La Mesa,"San Diego-Chula Vista-Carlsbad, CA",San Diego County,2026-01-31,2546.943789749704,91942,0
96610,2205,92054,zip,CA,CA,Oceanside,"San Diego-Chula Vista-Carlsbad, CA",San Diego County,2026-01-31,2986.7525823959945,92054,0
96602,2270,92037,zip,CA,CA,San Diego,"San Diego-Chula Vista-Carlsbad, CA",San Diego County,2026-01-31,4268.592616869899,92037,1
96672,2406,92131,zip,CA,CA,San Diego,"San Diego-Chula Vista-Carlsbad, CA",San Diego County,2026-01-31,3402.552682676873,92131,0
96645,2966,92103,zip,CA,CA,San Diego,"San Diego-Chula Vista-Carlsbad, CA",San Diego County,2026-01-31,2674.1948367037094,92103,0
96652,3560,92110,zip,CA,CA,San Diego,"San Diego-Chula Vista-Carlsbad, CA",San Diego County,2026-01-31,2882.4393951657853,92110,0
96649,3605,92107,zip,CA,CA,San Diego,"San Diego-Chula Vista-Carlsbad, CA",San Diego County,2026-01-31,2896.429196800216,92107,0
96658,3607,92116,zip,CA,CA,San Diego,"San Diego-Chula Vista-Carlsbad, CA",San Diego County,2026-01-31,2509.97144400641,92116,0
96581,3914,92008,zip,CA,CA,Carlsbad,"San Diego-Chula Vista-Carlsbad, CA",San Diego County,2026-01-31,3050.4242574776918,92008,0
96555,4492,91932,zip,CA,CA,Imperial Beach,"San Diego-Chula Vista-Carlsbad, CA",San Diego County,2026-01-31,2905.415492606957,91932,0
96584,5214,92011,zip,CA,CA,Carlsbad,"San Diego-Chula Vista-Carlsbad, CA",San Diego County,2026-01-31,4069.344477870818,92011,0
96650,5900,92108,zip,CA,CA,San Diego,"San Diego-Chula Vista-Carlsbad, CA",San Diego County,2026-01-31,3003.012864999216,92108,0
96660,7608,92118,zip,CA,CA,Coronado,"San Diego-Chula Vista-Carlsbad, CA",San Diego County,2026-01-31,5230.326285307894,92118,0
96546,52,91911,zip,CA,CA,Chula Vista,"San Diego-Chula Vista-Carlsbad, CA",San Diego County,2026-02-28,2642.874721387653,91911,0
96690,61,92154,zip,CA,CA,San Diego,"San Diego-Chula Vista-Carlsbad, CA",San Diego County,2026-02-28,2889.1639153206806,92154,0
96545,153,91910,zip,CA,CA,Chula Vista,"San Diego-Chula Vista-Carlsbad, CA",San Diego County,2026-02-28,2562.320503649467,91910,0
96667,166,92126,zip,CA,CA,San Diego,"San Diego-Chula Vista-Carlsbad, CA",San Diego County,2026-02-28,2902.653648686191,92126,1
96647,207,92105,zip,CA,CA,San Diego,"San Diego-Chula Vista-Carlsbad, CA",San Diego County,2026-02-28,2133.635070961215,92105,0
96589,396,92020,zip,CA,CA,El Cajon,"San Diego-Chula Vista-Carlsbad, CA",San Diego County,2026-02-28,2194.953167382371,92020,0
96657,414,92115,zip,CA,CA,San Diego,"San Diego-Chula Vista-Carlsbad, CA",San Diego County,2026-02-28,2612.1554835337733,92115,0
96625,475,92071,zip,CA,CA,Santee,"San Diego-Chula Vista-Carlsbad, CA",San Diego County,2026-02-28,2854.2300092130827,92071,0
96596,494,92027,zip,CA,CA,Escondido,"San Diego-Chula Vista-Carlsbad, CA",San Diego County,2026-02-28,2319.966381492686,92027,0
96671,599,92130,zip,CA,CA,San Diego,"San Diego-Chula Vista-Carlsbad, CA",San Diego County,2026-02-28,3992.212842660467,92130,0
96670,651,92129,zip,CA,CA,San Diego,"San Diego-Chula Vista-Carlsbad, CA",San Diego County,2026-02-28,3635.369042865841,92129,0
96612,655,92056,zip,CA,CA,Oceanside,"San Diego-Chula Vista-Carlsbad, CA",San Diego County,2026-02-28,2819.4346060588005,92056,0
96613,662,92057,zip,CA,CA,Oceanside,"San Diego-Chula Vista-Carlsbad, CA",San Diego County,2026-02-28,3039.7928834341237,92057,0
96548,676,91913,zip,CA,CA,Chula Vista,"San Diego-Chula Vista-Carlsbad, CA",San Diego County,2026-02-28,3186.2966267015004,91913,0
96659,787,92117,zip,CA,CA,San Diego,"San Diego-Chula Vista-Carlsbad, CA",San Diego County,2026-02-28,2792.8446812060256,92117,0
96593,834,92024,zip,CA,CA,Encinitas,"San Diego-Chula Vista-Carlsbad, CA",San Diego County,2026-02-28,4120.295144812123,92024,0
96653,960,92111,zip,CA,CA,San Diego,"San Diego-Chula Vista-Carlsbad, CA",San Diego County,2026-02-28,2843.791263610599,92111,0
96668,995,92127,zip,CA,CA,San Diego,"San Diego-Chula Vista-Carlsbad, CA",San Diego County,2026-02-28,3561.4681496404014,92127,0
96629,996,92078,zip,CA,CA,San Marcos,"San Diego-Chula Vista-Carlsbad, CA",San Diego County,2026-02-28,3173.51391751395,92078,0
96669,1063,92128,zip,CA,CA,San Diego,"San Diego-Chula Vista-Carlsbad, CA",San Diego County,2026-02-28,2966.580957886605,92128,0
96582,1105,92009,zip,CA,CA,Carlsbad,"San Diego-Chula Vista-Carlsbad, CA",San Diego County,2026-02-28,3649.203669270892,92009,0
96646,1143,92104,zip,CA,CA,San Diego,"San Diego-Chula Vista-Carlsbad, CA",San Diego County,2026-02-28,2523.1242976270314,92104,0
96664,1151,92122,zip,CA,CA,San Diego,"San Diego-Chula Vista-Carlsbad, CA",San Diego County,2026-02-28,3113.3802553176,92122,1
96623,1220,92069,zip,CA,CA,San Marcos,"San Diego-Chula Vista-Carlsbad, CA",San Diego County,2026-02-28,2903.660976880559,92069,0
96651,1290,92109,zip,CA,CA,San Diego,"San Diego-Chula Vista-Carlsbad, CA",San Diego County,2026-02-28,3207.4343488217364,92109,0
96643,1522,92101,zip,CA,CA,San Diego,"San Diego-Chula Vista-Carlsbad, CA",San Diego County,2026-02-28,2882.3212262095644,92101,0
96644,1622,92102,zip,CA,CA,San Diego,"San Diego-Chula Vista-Carlsbad, CA",San Diego County,2026-02-28,2406.5660267191824,92102,0
96560,1738,91942,zip,CA,CA,La Mesa,"San Diego-Chula Vista-Carlsbad, CA",San Diego County,2026-02-28,2564.4701940021687,91942,0
96610,2205,92054,zip,CA,CA,Oceanside,"San Diego-Chula Vista-Carlsbad, CA",San Diego County,2026-02-28,3025.3254462098475,92054,0
96602,2270,92037,zip,CA,CA,San Diego,"San Diego-Chula Vista-Carlsbad, CA",San Diego County,2026-02-28,4255.745348162072,92037,1
96672,2406,92131,zip,CA,CA,San Diego,"San Diego-Chula Vista-Carlsbad, CA",San Diego County,2026-02-28,3449.461692720773,92131,0
96645,2966,92103,zip,CA,CA,San Diego,"San Diego-Chula Vista-Carlsbad, CA",San Diego County,2026-02-28,2686.18383897407,92103,0
96652,3560,92110,zip,CA,CA,San Diego,"San Diego-Chula Vista-Carlsbad, CA",San Diego County,2026-02-28,2902.328351496566,92110,0
96649,3605,92107,zip,CA,CA,San Diego,"San Diego-Chula Vista-Carlsbad, CA",San Diego County,2026-02-28,2895.1601396323285,92107,0
96658,3607,92116,zip,CA,CA,San Diego,"San Diego-Chula Vista-Carlsbad, CA",San Diego County,2026-02-28,2519.244617107559,92116,0
96581,3914,92008,zip,CA,CA,Carlsbad,"San Diego-Chula Vista-Carlsbad, CA",San Diego County,2026-02-28,3079.503877368443,92008,0
96555,4492,91932,zip,CA,CA,Imperial Beach,"San Diego-Chula Vista-Carlsbad, CA",San Diego County,2026-02-28,2920.2511080245663,91932,0
96584,5214,92011,zip,CA,CA,Carlsbad,"San Diego-Chula Vista-Carlsbad, CA",San Diego County,2026-02-28,4073.603702417408,92011,0
96650,5900,92108,zip,CA,CA,San Diego,"San Diego-Chula Vista-Carlsbad, CA",San Diego County,2026-02-28,3020.6423594778907,92108,0
96660,7608,92118,zip,CA,CA,Coronado,"San Diego-Chula Vista-Carlsbad, CA",San Diego County,2026-02-28,5168.990502840515,92118,0
96546,52,91911,zip,CA,CA,Chula Vista,"San Diego-Chula Vista-Carlsbad, CA",San Diego County,2026-03-31,2643.926146203041,91911,0
96690,61,92154,zip,CA,CA,San Diego,"San Diego-Chula Vista-Carlsbad, CA",San Diego County,2026-03-31,2890.189082545086,92154,0
96545,153,91910,zip,CA,CA,Chula Vista,"San Diego-Chula Vista-Carlsbad, CA",San Diego County,2026-03-31,2592.272861604964,91910,0
96667,166,92126,zip,CA,CA,San Diego,"San Diego-Chula Vista-Carlsbad, CA",San Diego County,2026-03-31,2918.2594631239094,92126,1
96647,207,92105,zip,CA,CA,San Diego,"San Diego-Chula Vista-Carlsbad, CA",San Diego County,2026-03-31,2129.1428259450768,92105,0
96589,396,92020,zip,CA,CA,El Cajon,"San Diego-Chula Vista-Carlsbad, CA",San Diego County,2026-03-31,2212.106719629567,92020,0
96657,414,92115,zip,CA,CA,San Diego,"San Diego-Chula Vista-Carlsbad, CA",San Diego County,2026-03-31,2625.39018114217,92115,0
96625,475,92071,zip,CA,CA,Santee,"San Diego-Chula Vista-Carlsbad, CA",San Diego County,2026-03-31,2881.582459991265,92071,0
96596,494,92027,zip,CA,CA,Escondido,"San Diego-Chula Vista-Carlsbad, CA",San Diego County,2026-03-31,2368.885037602142,92027,0
96671,599,92130,zip,CA,CA,San Diego,"San Diego-Chula Vista-Carlsbad, CA",San Diego County,2026-03-31,4009.3417524774495,92130,0
96670,651,92129,zip,CA,CA,San Diego,"San Diego-Chula Vista-Carlsbad, CA",San Diego County,2026-03-31,3635.204641759713,92129,0
96612,655,92056,zip,CA,CA,Oceanside,"San Diego-Chula Vista-Carlsbad, CA",San Diego County,2026-03-31,2850.125083368674,92056,0
96613,662,92057,zip,CA,CA,Oceanside,"San Diego-Chula Vista-Carlsbad, CA",San Diego County,2026-03-31,3062.170815470843,92057,0
96548,676,91913,zip,CA,CA,Chula Vista,"San Diego-Chula Vista-Carlsbad, CA",San Diego County,2026-03-31,3218.873111169481,91913,0
96659,787,92117,zip,CA,CA,San Diego,"San Diego-Chula Vista-Carlsbad, CA",San Diego County,2026-03-31,2799.744744149088,92117,0
96593,834,92024,zip,CA,CA,Encinitas,"San Diego-Chula Vista-Carlsbad, CA",San Diego County,2026-03-31,4136.023089452077,92024,0
96653,960,92111,zip,CA,CA,San Diego,"San Diego-Chula Vista-Carlsbad, CA",San Diego County,2026-03-31,2828.314840319976,92111,0
96668,995,92127,zip,CA,CA,San Diego,"San Diego-Chula Vista-Carlsbad, CA",San Diego County,2026-03-31,3657.0043681441575,92127,0
96629,996,92078,zip,CA,CA,San Marcos,"San Diego-Chula Vista-Carlsbad, CA",San Diego County,2026-03-31,3166.798909632697,92078,0
96669,1063,92128,zip,CA,CA,San Diego,"San Diego-Chula Vista-Carlsbad, CA",San Diego County,2026-03-31,3000.9651365023387,92128,0
96582,1105,92009,zip,CA,CA,Carlsbad,"San Diego-Chula Vista-Carlsbad, CA",San Diego County,2026-03-31,3704.6039063773233,92009,0
96646,1143,92104,zip,CA,CA,San Diego,"San Diego-Chula Vista-Carlsbad, CA",San Diego County,2026-03-31,2533.697515884136,92104,0
96664,1151,92122,zip,CA,CA,San Diego,"San Diego-Chula Vista-Carlsbad, CA",San Diego County,2026-03-31,3110.433573347602,92122,1
96623,1220,92069,zip,CA,CA,San Marcos,"San Diego-Chula Vista-Carlsbad, CA",San Diego County,2026-03-31,2887.0251766174147,92069,0
96651,1290,92109,zip,CA,CA,San Diego,"San Diego-Chula Vista-Carlsbad, CA",San Diego County,2026-03-31,3229.780912638815,92109,0
96643,1522,92101,zip,CA,CA,San Diego,"San Diego-Chula Vista-Carlsbad, CA",San Diego County,2026-03-31,2883.5328084669977,92101,0
96644,1622,92102,zip,CA,CA,San Diego,"San Diego-Chula Vista-Carlsbad, CA",San Diego County,2026-03-31,2400.996115006857,92102,0
96560,1738,91942,zip,CA,CA,La Mesa,"San Diego-Chula Vista-Carlsbad, CA",San Diego County,2026-03-31,2587.114570392447,91942,0
96610,2205,92054,zip,CA,CA,Oceanside,"San Diego-Chula Vista-Carlsbad, CA",San Diego County,2026-03-31,3041.943684354995,92054,0
96602,2270,92037,zip,CA,CA,San Diego,"San Diego-Chula Vista-Carlsbad, CA",San Diego County,2026-03-31,4225.589763728756,92037,1
96672,2406,92131,zip,CA,CA,San Diego,"San Diego-Chula Vista-Carlsbad, CA",San Diego County,2026-03-31,3485.1819448715514,92131,0
96645,2966,92103,zip,CA,CA,San Diego,"San Diego-Chula Vista-Carlsbad, CA",San Diego County,2026-03-31,2691.1602218888543,92103,0
96652,3560,92110,zip,CA,CA,San Diego,"San Diego-Chula Vista-Carlsbad, CA",San Diego County,2026-03-31,2930.866730147078,92110,0
96649,3605,92107,zip,CA,CA,San Diego,"San Diego-Chula Vista-Carlsbad, CA",San Diego County,2026-03-31,2899.9330702960456,92107,0
96658,3607,92116,zip,CA,CA,San Diego,"San Diego-Chula Vista-Carlsbad, CA",San Diego County,2026-03-31,2513.8556434237294,92116,0
96581,3914,92008,zip,CA,CA,Carlsbad,"San Diego-Chula Vista-Carlsbad, CA",San Diego County,2026-03-31,3119.7788839940567,92008,0
96555,4492,91932,zip,CA,CA,Imperial Beach,"San Diego-Chula Vista-Carlsbad, CA",San Diego County,2026-03-31,2918.839288210754,91932,0
96584,5214,92011,zip,CA,CA,Carlsbad,"San Diego-Chula Vista-Carlsbad, CA",San Diego County,2026-03-31,4111.961189095076,92011,0
96650,5900,92108,zip,CA,CA,San Diego,"San Diego-Chula Vista-Carlsbad, CA",San Diego County,2026-03-31,3017.272195293353,92108,0
96660,7608,92118,zip,CA,CA,Coronado,"San Diego-Chula Vista-Carlsbad, CA",San Diego County,2026-03-31,5287.744843536904,92118,0
96546,52,91911,zip,CA,CA,Chula Vista,"San Diego-Chula Vista-Carlsbad, CA",San Diego County,2026-04-30,2683.0112044817924,91911,0
96690,61,92154,zip,CA,CA,San Diego,"San Diego-Chula Vista-Carlsbad, CA",San Diego County,2026-04-30,2879.509386845039,92154,0
96545,153,91910,zip,CA,CA,Chula Vista,"San Diego-Chula Vista-Carlsbad, CA",San Diego County,2026-04-30,2562.173550016292,91910,0
96667,166,92126,zip,CA,CA,San Diego,"San Diego-Chula Vista-Carlsbad, CA",San Diego County,2026-04-30,2925.7048507048507,92126,1
96647,207,92105,zip,CA,CA,San Diego,"San Diego-Chula Vista-Carlsbad, CA",San Diego County,2026-04-30,2120.917235217674,92105,0
96589,396,92020,zip,CA,CA,El Cajon,"San Diego-Chula Vista-Carlsbad, CA",San Diego County,2026-04-30,2190.8576343141563,92020,0
96657,414,92115,zip,CA,CA,San Diego,"San Diego-Chula Vista-Carlsbad, CA",San Diego County,2026-04-30,2600.642860480329,92115,0
96625,475,92071,zip,CA,CA,Santee,"San Diego-Chula Vista-Carlsbad, CA",San Diego County,2026-04-30,2875.0284900284896,92071,0
96596,494,92027,zip,CA,CA,Escondido,"San Diego-Chula Vista-Carlsbad, CA",San Diego County,2026-04-30,2358.0666666666666,92027,0
96671,599,92130,zip,CA,CA,San Diego,"San Diego-Chula Vista-Carlsbad, CA",San Diego County,2026-04-30,4073.7794917967194,92130,0
96670,651,92129,zip,CA,CA,San Diego,"San Diego-Chula Vista-Carlsbad, CA",San Diego County,2026-04-30,3629.5815217391305,92129,0
96612,655,92056,zip,CA,CA,Oceanside,"San Diego-Chula Vista-Carlsbad, CA",San Diego County,2026-04-30,2865.394871794872,92056,0
96613,662,92057,zip,CA,CA,Oceanside,"San Diego-Chula Vista-Carlsbad, CA",San Diego County,2026-04-30,3081.5529411764705,92057,0
96548,676,91913,zip,CA,CA,Chula Vista,"San Diego-Chula Vista-Carlsbad, CA",San Diego County,2026-04-30,3230.525292653212,91913,0
96659,787,92117,zip,CA,CA,San Diego,"San Diego-Chula Vista-Carlsbad, CA",San Diego County,2026-04-30,2823.121212121212,92117,0
96593,834,92024,zip,CA,CA,Encinitas,"San Diego-Chula Vista-Carlsbad, CA",San Diego County,2026-04-30,4165.506535947712,92024,0
96653,960,92111,zip,CA,CA,San Diego,"San Diego-Chula Vista-Carlsbad, CA",San Diego County,2026-04-30,2851.5119047619046,92111,0
96668,995,92127,zip,CA,CA,San Diego,"San Diego-Chula Vista-Carlsbad, CA",San Diego County,2026-04-30,3698.8148148148152,92127,0
96629,996,92078,zip,CA,CA,San Marcos,"San Diego-Chula Vista-Carlsbad, CA",San Diego County,2026-04-30,3207.23717948718,92078,0
96669,1063,92128,zip,CA,CA,San Diego,"San Diego-Chula Vista-Carlsbad, CA",San Diego County,2026-04-30,3007.460937019969,92128,0
96582,1105,92009,zip,CA,CA,Carlsbad,"San Diego-Chula Vista-Carlsbad, CA",San Diego County,2026-04-30,3682.533618233618,92009,0
96646,1143,92104,zip,CA,CA,San Diego,"San Diego-Chula Vista-Carlsbad, CA",San Diego County,2026-04-30,2533.757487880037,92104,0
96664,1151,92122,zip,CA,CA,San Diego,"San Diego-Chula Vista-Carlsbad, CA",San Diego County,2026-04-30,3126.1118326118326,92122,1
96623,1220,92069,zip,CA,CA,San Marcos,"San Diego-Chula Vista-Carlsbad, CA",San Diego County,2026-04-30,2937.2603485838786,92069,0
96651,1290,92109,zip,CA,CA,San Diego,"San Diego-Chula Vista-Carlsbad, CA",San Diego County,2026-04-30,3261.802754036087,92109,0
96643,1522,92101,zip,CA,CA,San Diego,"San Diego-Chula Vista-Carlsbad, CA",San Diego County,2026-04-30,2889.8850882172046,92101,0
96644,1622,92102,zip,CA,CA,San Diego,"San Diego-Chula Vista-Carlsbad, CA",San Diego County,2026-04-30,2408.8942407103327,92102,0
96560,1738,91942,zip,CA,CA,La Mesa,"San Diego-Chula Vista-Carlsbad, CA",San Diego County,2026-04-30,2601.585823754789,91942,0
96610,2205,92054,zip,CA,CA,Oceanside,"San Diego-Chula Vista-Carlsbad, CA",San Diego County,2026-04-30,3056.6819543082056,92054,0
96602,2270,92037,zip,CA,CA,San Diego,"San Diego-Chula Vista-Carlsbad, CA",San Diego County,2026-04-30,4229.94558689124,92037,1
96672,2406,92131,zip,CA,CA,San Diego,"San Diego-Chula Vista-Carlsbad, CA",San Diego County,2026-04-30,3471.1069444444443,92131,0
96645,2966,92103,zip,CA,CA,San Diego,"San Diego-Chula Vista-Carlsbad, CA",San Diego County,2026-04-30,2716.876510375624,92103,0
96652,3560,92110,zip,CA,CA,San Diego,"San Diego-Chula Vista-Carlsbad, CA",San Diego County,2026-04-30,2936.3452019761694,92110,0
96649,3605,92107,zip,CA,CA,San Diego,"San Diego-Chula Vista-Carlsbad, CA",San Diego County,2026-04-30,2894.434265010352,92107,0
96658,3607,92116,zip,CA,CA,San Diego,"San Diego-Chula Vista-Carlsbad, CA",San Diego County,2026-04-30,2523.1131327756325,92116,0
96581,3914,92008,zip,CA,CA,Carlsbad,"San Diego-Chula Vista-Carlsbad, CA",San Diego County,2026-04-30,3177.329382716049,92008,0
96555,4492,91932,zip,CA,CA,Imperial Beach,"San Diego-Chula Vista-Carlsbad, CA",San Diego County,2026-04-30,2965.3086691086687,91932,0
96584,5214,92011,zip,CA,CA,Carlsbad,"San Diego-Chula Vista-Carlsbad, CA",San Diego County,2026-04-30,4108.527777777778,92011,0
96650,5900,92108,zip,CA,CA,San Diego,"San Diego-Chula Vista-Carlsbad, CA",San Diego County,2026-04-30,3007.3923844972232,92108,0
96660,7608,92118,zip,CA,CA,Coronado,"San Diego-Chula Vista-Carlsbad, CA",San Diego County,2026-04-30,5396.577380952381,92118,0
